Date,BHARATFIN-EQ O,BHARATFIN-EQ H,BHARATFIN-EQ L,BHARATFIN-EQ C,BHARATFIN-EQ V
29/03/2019,1134.5,1137,1113.15,1130.2,793462
28/03/2019,1136,1141.85,1115.05,1137.35,1499160
27/03/2019,1096.8,1136.95,1095.6,1132,859213
26/03/2019,1067.5,1095.6,1063.55,1089.35,344457
25/03/2019,1073.5,1082.35,1064.15,1074.05,576594
22/03/2019,1073,1092.5,1070.35,1079.4,738331
20/03/2019,1089,1089,1073.3,1078.95,200566
19/03/2019,1089,1092.4,1077,1083,314812
18/03/2019,1074,1087.75,1068.75,1082.35,786990
15/03/2019,1056,1075,1056,1064.8,1315495
14/03/2019,1025.4,1066.5,1022,1054.75,1053824
13/03/2019,993.9,1027,985.15,1019.95,934983
12/03/2019,956.25,998.25,953.45,988.65,908214
11/03/2019,950.55,958.75,945.25,952.8,318776
08/03/2019,960.9,961.9,948.3,953.35,220538
07/03/2019,964.05,971.7,957.4,962.1,239654
06/03/2019,970,971.1,959.4,964.05,303884
05/03/2019,949.9,969.8,946.2,965.15,525575
01/03/2019,925,954.9,925,949.9,539921
28/02/2019,934.8,938,921,923.9,602920
27/02/2019,936,939,914.3,927.4,435954
26/02/2019,935,941.25,915.65,929.2,667792
25/02/2019,920.15,941.3,920.1,938.1,147841
22/02/2019,917.5,932.3,917.5,921.05,478363
21/02/2019,924,935.35,912.2,920.5,507702
20/02/2019,920,935.2,920,933,480374
19/02/2019,949.95,952.1,918.7,923.55,205717
18/02/2019,941.2,956.4,936.8,949.95,225852
15/02/2019,945.1,950.35,937.3,943.75,395760
14/02/2019,931.1,962,920.15,952.6,724082
13/02/2019,937.2,941.3,924.25,933.5,734935
12/02/2019,937,946,932.55,936.1,524497
11/02/2019,935,945,927.55,941.15,511568
08/02/2019,946.6,951.6,933.1,938.55,469573
07/02/2019,944.05,950.75,938.1,945,989774
06/02/2019,957.25,959.95,936.65,949.4,600494
05/02/2019,947,970.25,937.25,959.95,903062
04/02/2019,955,955,915,938.2,516843
01/02/2019,946.5,963,937.75,947.8,448069
31/01/2019,954.4,956.45,927.8,946.3,907510
30/01/2019,936.9,943.1,919.65,932.3,1424142
29/01/2019,910.05,931.3,904.85,923.8,579230
28/01/2019,941.95,948.6,908.8,910.95,602249
25/01/2019,950,962.95,937.95,944.05,168096
24/01/2019,956,956,940.25,947.75,222857
23/01/2019,952.3,961,946.8,951.3,308514
22/01/2019,946,956.85,937.2,953.9,842839
21/01/2019,960,960,945.2,951.1,175173
18/01/2019,963.2,968.2,955.6,957.9,191279
17/01/2019,969,972.05,955.75,962.65,259963
16/01/2019,948,969.15,948,966.7,809025
15/01/2019,945,953,943.25,948.85,411310
14/01/2019,961.4,961.4,937,941.45,576183
11/01/2019,995,995,961,966.15,679342
10/01/2019,1019,1019,983.85,990.5,636011
09/01/2019,1002.3,1017.05,983.2,1011.55,467838
08/01/2019,993,1006.9,987,1000.6,313427
07/01/2019,1000.5,1022.6,979,991.7,647501
04/01/2019,990,1000.5,982.45,988.65,361521
03/01/2019,997,1004.9,986.35,992.9,259876
02/01/2019,1011.45,1014.6,995.75,1001.4,199322
01/01/2019,1017,1017,991.8,1011.85,143507
31/12/2018,1012,1017.45,1007.1,1012.7,195145
28/12/2018,1004.65,1016.2,1000.5,1004.8,215700
27/12/2018,1001,1008.25,995.15,999.9,796468
26/12/2018,975,1001,957.6,990.7,703858
24/12/2018,995.05,1006.2,979.4,983.85,1003045
21/12/2018,1032,1032,995.2,999,526432
20/12/2018,1020,1028,1010.45,1023.15,254848
19/12/2018,1036.85,1047.85,1017.75,1021.4,685782
18/12/2018,1031,1038.9,1016.25,1035.4,528633
17/12/2018,1012.55,1041.5,1012.55,1035.35,600530
14/12/2018,1016,1022,1006.4,1017.65,509673
13/12/2018,1007,1033.35,996.5,1013.75,1290761
12/12/2018,989.4,1001.15,985.4,995.85,587153
11/12/2018,962.1,990.95,936.05,985.5,703158
10/12/2018,979,995.4,955.5,981.75,969492
07/12/2018,997.5,997.5,969.5,991.3,514035
06/12/2018,1008.7,1008.7,980.9,990.55,726357
05/12/2018,1022,1028.15,1006.3,1013.3,1743294
04/12/2018,1041.7,1044.9,1024.55,1031.05,948537
03/12/2018,1033,1046,1026.85,1042.15,2074127
30/11/2018,1040.1,1059.2,1012.15,1023.05,2332435
29/11/2018,1011,1042,1005.55,1034,2354922
28/11/2018,982.85,1004,982.85,1001.1,846122
27/11/2018,966,988.55,962.3,982.85,786392
26/11/2018,950,975.5,949.95,970.35,615198
22/11/2018,963.5,974.75,946.8,951,389381
21/11/2018,965.2,972,952.6,962.5,345521
20/11/2018,954.75,976,945.3,965.2,1023702
19/11/2018,929.7,956,922.6,953.6,854900
16/11/2018,945,946.1,921.6,925.6,698400
15/11/2018,944.7,957.9,932.65,940.75,422216
14/11/2018,931.2,951.9,926.6,942.15,849436
13/11/2018,919.7,924.6,905,921.2,145176
12/11/2018,930,936.1,913.55,922.15,197229
09/11/2018,913.8,932,908.9,923.4,449044
07/11/2018,913,919.95,906.8,911.9,41688
06/11/2018,919.6,930,891.55,904.35,1039097
05/11/2018,946.9,946.9,913.1,918.85,623626
02/11/2018,915,958,915,952.9,2042625
01/11/2018,880,927.6,857.95,910.65,2679009
31/10/2018,840,885.95,823.75,878.35,2167733
30/10/2018,857.4,860.9,830.55,839.9,757033
29/10/2018,880,880,843.85,860.25,1280683
26/10/2018,906.1,909.65,874.2,878.5,1098026
25/10/2018,915,926.55,886,904.6,2904049
24/10/2018,912.5,928.4,905.25,924,1279493
23/10/2018,896.1,925.8,875.6,899.3,4013245
22/10/2018,968.15,989.95,884.7,902.3,2476612
19/10/2018,975,988.8,960.3,967.85,1360386
17/10/2018,1014.4,1022.8,980.6,983.55,1511775
16/10/2018,1010,1051.7,1000.55,1005.15,966489
15/10/2018,1032,1032,991.6,1007.75,760341
12/10/2018,991.25,1025.8,991.25,1021.2,1254699
11/10/2018,1000,1000,978.45,990.8,274232
10/10/2018,999,1034,993.35,1019.25,597101
09/10/2018,987.1,1003,981.1,996.45,715116
08/10/2018,990,1002.9,975,988.4,1244305
05/10/2018,983,1016,981.55,997.7,964923
04/10/2018,1005.9,1011,964.15,989.65,1477707
03/10/2018,1016.9,1033.7,998.3,1016.55,1025025
01/10/2018,1031,1031.05,996.25,1017.3,2110308
28/09/2018,1039,1060.35,1027.55,1038.6,1433941
27/09/2018,1063.25,1066.45,1039,1043.3,1016907
26/09/2018,1058,1065.6,1048.1,1063,1968359
25/09/2018,1028.4,1067.05,1016,1056.35,2419157
24/09/2018,1090.2,1095.75,1024.6,1031.05,1092163
21/09/2018,1122.2,1126.9,1057.55,1090.3,1277988
19/09/2018,1145,1151.9,1110,1114.35,378092
18/09/2018,1160.9,1165,1141.55,1144.8,296030
17/09/2018,1139.1,1161.35,1128.75,1160.2,1663554
14/09/2018,1131,1153.85,1127.15,1147.55,876494
12/09/2018,1127.85,1149.5,1113,1123.95,619933
11/09/2018,1131.8,1141.2,1112.15,1120.8,341023
10/09/2018,1144,1144,1118,1122.95,451098
07/09/2018,1150,1151,1135.9,1148.15,300334
06/09/2018,1133,1150,1130.5,1145.25,381151
05/09/2018,1125,1137.85,1109.2,1129.9,872238
04/09/2018,1156.9,1159.2,1126,1131.15,851630
03/09/2018,1164.1,1169.5,1155,1159.7,237726
31/08/2018,1133.55,1169.9,1133.55,1162.6,513902
30/08/2018,1167,1167.65,1140.1,1142.7,1460964
29/08/2018,1178,1180.05,1160.5,1162.8,419917
28/08/2018,1198,1209.5,1177.35,1178.95,501915
27/08/2018,1192,1203.75,1185.05,1197,298205
24/08/2018,1196.8,1196.8,1182,1186.45,426485
23/08/2018,1205,1209.45,1195.3,1199.55,368115
21/08/2018,1215.45,1219.65,1205,1209.45,402415
20/08/2018,1211.65,1223.9,1211.65,1213.5,472581
17/08/2018,1209.1,1224.7,1208.85,1215.8,602856
16/08/2018,1215.5,1215.5,1199.2,1208.95,463124
14/08/2018,1211,1223.2,1202.4,1218.15,325279
13/08/2018,1198.5,1215,1189.75,1209.4,379870
10/08/2018,1201.1,1209,1193.6,1203.55,449377
09/08/2018,1216.85,1217.3,1205.4,1209.25,498556
08/08/2018,1203.9,1219.45,1200.45,1212.8,557892
07/08/2018,1210,1214.45,1198.1,1202.55,854273
06/08/2018,1226,1229.05,1204.15,1209.2,511966
03/08/2018,1229.9,1234.8,1221.15,1225.1,642711
02/08/2018,1210.8,1233.95,1208.95,1228.1,687985
01/08/2018,1221.1,1228.85,1209.35,1213.35,624948
31/07/2018,1198.95,1219.9,1194.8,1214.55,434864
30/07/2018,1205,1217.1,1190.8,1198.95,635267
27/07/2018,1203,1213.65,1184.2,1205.75,813724
26/07/2018,1191.9,1208.7,1171.75,1190.6,1552360
25/07/2018,1192,1196,1184.9,1191.4,637005
24/07/2018,1188.9,1197,1184.05,1193.25,393458
23/07/2018,1176.85,1189.9,1171.35,1186.9,399630
20/07/2018,1148,1183.55,1143.6,1173.35,267742
19/07/2018,1158,1164.95,1140,1153.65,375037
18/07/2018,1172.35,1181.8,1151.1,1158,440773
17/07/2018,1164.5,1169.95,1144,1163.25,368830
16/07/2018,1170.1,1184,1160,1163.15,406224
13/07/2018,1184.95,1188,1172.7,1175.45,337604
12/07/2018,1175,1187.45,1172.1,1176.55,255034
11/07/2018,1176,1180.8,1162,1169.5,264406
10/07/2018,1186.5,1186.5,1167.15,1176.3,461907
09/07/2018,1183,1186.6,1171.2,1179.9,420031
06/07/2018,1191.55,1191.55,1175.95,1181,321025
05/07/2018,1191,1202,1181.85,1185.4,433894
04/07/2018,1177,1198.15,1173,1194.25,353296
03/07/2018,1172,1182.9,1164,1180.95,433231
02/07/2018,1162.55,1174.95,1157.5,1172.6,513858
29/06/2018,1179,1184.3,1153.15,1156.5,704534
28/06/2018,1189,1192.65,1157.65,1174.75,1431378
27/06/2018,1200,1200,1180.45,1186.05,819827
26/06/2018,1175.1,1203.45,1174.25,1199.4,833703
25/06/2018,1165.3,1188.45,1165.3,1183.7,579591
22/06/2018,1174,1178.6,1154.5,1171.8,1023675
21/06/2018,1191,1191,1169.75,1174.5,617740
20/06/2018,1165.25,1188,1165.2,1185.65,465984
19/06/2018,1179,1179,1154.5,1166.75,656468
18/06/2018,1191,1196,1182,1184.05,438989
15/06/2018,1182.3,1196,1179.1,1189.35,786260
14/06/2018,1179,1192.2,1170.15,1184.55,641243
13/06/2018,1189.9,1192.9,1175,1179.2,662149
12/06/2018,1168,1196,1168,1186.7,1134932
11/06/2018,1157.75,1182,1156.1,1169.85,401625
08/06/2018,1156,1158.9,1146.25,1155.25,409883
07/06/2018,1170.4,1179,1158.55,1161.55,259815
06/06/2018,1156.5,1173.85,1146.2,1169.9,406744
05/06/2018,1145,1166.65,1143.15,1160,832043
04/06/2018,1157.25,1179.85,1133.1,1143.8,835227
01/06/2018,1174,1174.55,1152,1155.7,357224
31/05/2018,1155.3,1180,1140.7,1168.9,580776
30/05/2018,1139,1156,1129.3,1152.05,533569
29/05/2018,1155,1160.9,1135.05,1141.9,666837
28/05/2018,1162.9,1166.9,1147.25,1155.2,1091416
25/05/2018,1130.1,1162.45,1128,1159.2,1056750
24/05/2018,1126.15,1139.7,1113.15,1134.55,650595
23/05/2018,1151.05,1151.05,1128,1131.6,470535
22/05/2018,1162.6,1166.15,1151.05,1156.85,255062
21/05/2018,1171.5,1181.8,1159,1162.6,363058
18/05/2018,1166.35,1178.3,1163.25,1171.8,306633
17/05/2018,1173,1179.7,1164.6,1171.2,595165
16/05/2018,1163.35,1176.9,1153.35,1173,304030
15/05/2018,1160,1183,1156.85,1165.7,937241
14/05/2018,1164.7,1171.5,1156.9,1163.2,192565
11/05/2018,1145.1,1167.85,1139.15,1165.05,780799
10/05/2018,1137.2,1172.2,1133.35,1144.4,443059
09/05/2018,1131.25,1147.25,1131.25,1137.45,467474
08/05/2018,1148.05,1153.8,1125.6,1139.3,290487
07/05/2018,1159.1,1165.65,1147.7,1151.35,411475
04/05/2018,1148.55,1167.85,1148.55,1158.05,326672
03/05/2018,1141,1154.9,1138.6,1152,576314
02/05/2018,1167.6,1167.6,1147,1151.9,227689
30/04/2018,1151.2,1171.1,1149.45,1164.3,750301
27/04/2018,1149.5,1153,1134.15,1148.2,391523
26/04/2018,1131.8,1151,1125,1141.3,1066060
25/04/2018,1146.1,1150.05,1129.05,1131.8,664806
24/04/2018,1170,1170,1137.5,1149.8,1052290
23/04/2018,1119,1166,1115,1159.55,1813562
20/04/2018,1122,1124,1109.2,1116.8,477043
19/04/2018,1143,1148.2,1098.55,1119.5,1459683
18/04/2018,1153.35,1155,1134,1139.25,382750
17/04/2018,1155,1158.75,1146,1152.9,301074
16/04/2018,1146.9,1160.35,1143.2,1155.35,364338
13/04/2018,1147,1154.35,1137.1,1144.55,230404
12/04/2018,1141,1149,1139,1146.2,517107
11/04/2018,1139.05,1146.3,1132.5,1143.2,298021
10/04/2018,1152.9,1160,1138.2,1142.35,204610
09/04/2018,1121.55,1157.5,1121.55,1152.05,935700
06/04/2018,1120.1,1132,1115.65,1125.85,527493
05/04/2018,1120,1132.4,1110.85,1127.8,380392
04/04/2018,1120,1125,1096.35,1101.35,521334
03/04/2018,1107.9,1121.85,1106.6,1115.85,1198547
02/04/2018,1094.95,1115,1091.15,1110.4,866484
28/03/2018,1090,1105.95,1088.25,1096.85,927260
27/03/2018,1089,1099.9,1083.15,1096.6,608148
26/03/2018,1074.85,1089.8,1073,1079.25,544108
23/03/2018,1069.75,1078.25,1065.6,1073.7,912535
22/03/2018,1081.95,1094,1073.2,1088.15,816998
21/03/2018,1063.25,1082.9,1063.25,1078.45,554286
20/03/2018,1059.95,1078.4,1054.3,1062.1,626357
19/03/2018,1067,1074.3,1056,1064.8,965866
16/03/2018,1064.9,1079,1057.75,1067,1036689
15/03/2018,1052.15,1073.45,1052.15,1063.5,600795
14/03/2018,1060,1068,1051.25,1058.4,465539
13/03/2018,1066.75,1074,1051.3,1056.6,692305
12/03/2018,1038,1068.9,1038,1066.9,827021
09/03/2018,1045,1045,1030.95,1034,224421
08/03/2018,1045.9,1045.9,1027,1037.5,404933
07/03/2018,1038.85,1046.5,1028,1036.9,397183
06/03/2018,1032.4,1053.75,1032.4,1038.85,577249
05/03/2018,1030,1035.2,1018.4,1028.15,451820
01/03/2018,1026,1042.5,1022.4,1035.05,639894
28/02/2018,1027.9,1031,1010.05,1026.1,415307
27/02/2018,1032.05,1039.75,1024.7,1030.2,484112
26/02/2018,1002.5,1037,1001.05,1032.55,762558
23/02/2018,984.9,1029.75,975,1000.2,800128
22/02/2018,960,987.5,960,977.5,1755826
21/02/2018,990,995.55,965.2,969.2,1587155
20/02/2018,985,1001.95,982.6,988.7,739894
19/02/2018,1005,1005,978.7,992.8,672381
16/02/2018,1014,1029.05,994.2,1005.85,769107
15/02/2018,1020.2,1027,1006.1,1016.05,309802
14/02/2018,1017,1032.45,1012.15,1020.75,312624
12/02/2018,988,1021,988,1015.05,523171
09/02/2018,990,1004.65,986.85,997.7,733222
08/02/2018,1009,1019,1001.05,1011.85,374110
07/02/2018,1029,1097.5,1003,1004.95,1332169
06/02/2018,980,1020,977.35,1009.45,879515
05/02/2018,1039.65,1039.65,1005.65,1026.5,400410
02/02/2018,1050.5,1057.2,1014.9,1039.65,649689
01/02/2018,1047.5,1081.45,1038.8,1066.75,1222040
31/01/2018,1024,1058.6,1014,1051.65,1458271
30/01/2018,1032,1032.05,1016.4,1024.65,396700
29/01/2018,1023,1036.45,1021.7,1031.65,875816
25/01/2018,1031,1031.95,1015.2,1023,652551
24/01/2018,1040.9,1046.45,1019.85,1030.1,544447
23/01/2018,1005.05,1040,1002,1033.8,992718
22/01/2018,1006.35,1013.45,1001.25,1005.05,483285
19/01/2018,1004.3,1010,999.65,1006.35,282222
18/01/2018,1010,1028.2,1002.45,1004.3,760269
17/01/2018,997,1007.9,992.95,999,360020
16/01/2018,1021.7,1025.7,998.35,1003.4,892335
15/01/2018,1031,1038.9,1019.4,1024.35,511107
12/01/2018,1035,1042,1029.75,1035.25,718604
11/01/2018,1055.5,1068,1028.25,1033.75,976143
10/01/2018,1050.2,1061.25,1042.8,1056.6,357807
09/01/2018,1049.9,1056.7,1042.1,1054.85,399371
08/01/2018,1043,1053.9,1039.1,1050.6,960765
05/01/2018,1009.95,1040,1002.55,1034.9,746721
04/01/2018,998.3,1006.4,994.5,1003.65,543583
03/01/2018,996.95,1005,990.45,993.4,555594
02/01/2018,999.5,999.5,988,993.6,502560
01/01/2018,1000.2,1001.85,988,990.4,152885
29/12/2017,993,1002.15,992.25,1000.2,547202
28/12/2017,996.6,1002.45,991.65,994.6,789771
27/12/2017,1007,1008.95,992.15,996.6,301027
26/12/2017,1000,1010.6,992.55,1007.7,422667
22/12/2017,1005,1007.05,994.4,998.7,480747
21/12/2017,1003.65,1006.55,992.4,1003.9,375053
20/12/2017,1023.9,1023.9,999,1002.35,763695
19/12/2017,1006,1015,1003.85,1009.95,422568
18/12/2017,1006.9,1020.85,981,1007.65,929924
15/12/2017,991,1010,988.3,1003.8,1285612
14/12/2017,991,991.2,977.35,989,426612
13/12/2017,971.2,997.45,971.2,988.35,964919
12/12/2017,1004.5,1004.5,986.35,989.55,731657
11/12/2017,1006.8,1015.95,996,1004.65,678502
08/12/2017,990.8,1007.85,990.55,1002,639679
07/12/2017,994,994,982,989.55,854182
06/12/2017,998.1,999.7,981.3,985.55,1326444
05/12/2017,977.1,995.85,971.45,993.15,657607
04/12/2017,978,988,968.85,982.55,721820
01/12/2017,980.4,993.3,975,978.9,432918
30/11/2017,997,997,975,980.4,1086151
29/11/2017,996.2,1005.95,989.05,995.6,382966
28/11/2017,986.45,1007.8,986.05,1000.4,1058699
27/11/2017,990.85,990.85,976.65,986.45,333206
24/11/2017,966,995.85,965.6,990.45,893564
23/11/2017,966,974.6,957,967.8,419944
22/11/2017,973.5,980.45,958.25,961.15,396149
21/11/2017,976,985.3,969.6,973.35,460041
20/11/2017,965,983.85,965,975.6,742294
17/11/2017,965,973.45,959,967.15,1044283
16/11/2017,946,963.4,946,955.5,612057
15/11/2017,973.5,978,950,951,506571
14/11/2017,983,991.9,967.2,981.6,823920
13/11/2017,983.5,994.9,978.05,991.15,565867
10/11/2017,989.5,994.45,978.55,983.3,292260
09/11/2017,993.05,998.8,982.4,991.5,481833
08/11/2017,980.1,1005,980.1,992.95,780014
07/11/2017,987.1,1000.25,976.35,987.95,1042681
06/11/2017,992,993.5,983.7,987.25,517456
03/11/2017,974.1,996.95,971.25,993.7,1131751
02/11/2017,976,983.75,969.35,973.4,496194
01/11/2017,980,983.85,970.1,974.25,696243
31/10/2017,974.9,980.75,966.3,975.05,710618
30/10/2017,980,981.9,963,964.3,916929
27/10/2017,987.3,987.3,970,972.9,749006
26/10/2017,953.25,984.8,938,980.25,4165675
25/10/2017,990,990,928.5,949.85,4614571
24/10/2017,1015,1015,987,992.95,1405395
23/10/2017,1017.65,1024.45,1006.1,1012.5,1177018
19/10/2017,1027,1028.95,1012,1017.4,138298
18/10/2017,1026.9,1033.45,1018,1027.4,766022
17/10/2017,1026,1030.8,1018.05,1022.35,1154329
16/10/2017,1038,1047,1015,1018.45,6986449
13/10/2017,1005,1010.5,994,1004,1514330
12/10/2017,982.7,1004.5,979.5,999.9,1917109
11/10/2017,983.4,993,964.95,970.7,1133744
10/10/2017,970.1,989.7,970.1,980.5,1425592
09/10/2017,964.8,983.7,962,972.6,958319
06/10/2017,974,981,966.2,971.2,1308029
05/10/2017,954.1,973,943.5,968.35,1144259
04/10/2017,932,953.3,924,947,1421595
03/10/2017,955,958.85,899.6,928.6,1614846
29/09/2017,948,956,937.2,947.75,909822
28/09/2017,930.8,952.6,923.15,942.45,1740921
27/09/2017,941.1,947,928,933.6,1203648
26/09/2017,939,945.95,920.55,940.4,1288705
25/09/2017,932.9,944.7,906.45,937,1916957
22/09/2017,962.65,962.65,938.9,943.15,1526672
21/09/2017,960.2,971.9,951,965.45,1554639
20/09/2017,950,968.7,946.3,964.9,1735387
19/09/2017,948.95,958.65,940.1,949.5,1444087
18/09/2017,951,955.7,941.5,943.85,1090464
15/09/2017,950.1,955.9,939,944.1,1590976
14/09/2017,951.8,965.7,949.05,957.3,1861416
13/09/2017,961,969.6,947.65,953.05,1408475
12/09/2017,970,975.2,953.3,967.65,3041466
11/09/2017,934.85,980.5,919.3,966.9,7446993
08/09/2017,956,957.55,930.5,934.7,3005158
07/09/2017,955.05,966.8,941.35,945.6,3075633
06/09/2017,912.55,962.2,900,954.05,5177027
05/09/2017,914.45,928.7,912,923.4,2635700
04/09/2017,904.95,914.65,872.05,904.8,3025892
01/09/2017,884,917.95,880.1,906.3,2529544
31/08/2017,874,887.4,871.1,879.35,2642684
30/08/2017,869.9,884.5,865.7,878.1,1788030
29/08/2017,877,882.75,852.6,861.35,2338009
28/08/2017,884.25,896.5,880,887.7,2176979
24/08/2017,894.7,901.15,875,880.45,3283685
23/08/2017,856.55,892,855.85,888.2,2380476
22/08/2017,874.95,877.4,845,850.2,1910925
21/08/2017,875.1,893,860.75,867.55,3220147
18/08/2017,839.5,882.4,829.1,876.6,3001510
17/08/2017,827,851.5,823,847.7,2054763
16/08/2017,806.8,826.75,803.15,823.45,1493694
14/08/2017,793,807.65,792.7,802.75,1592887
11/08/2017,756.85,792.6,753,785.9,2126018
10/08/2017,792.1,807.2,761.8,780.25,2366053
09/08/2017,813,825.9,788.05,797.3,1455403
08/08/2017,832.4,835.9,813,815.95,1086457
07/08/2017,843,848.55,823.5,829.8,1118511
04/08/2017,817.7,843,811.1,840.45,1834609
03/08/2017,844.85,849.3,819,822,1644149
02/08/2017,854.55,855.2,838.45,842.1,1275155
01/08/2017,847,856.8,841,851.8,1300144
31/07/2017,853.3,861.9,840.15,844.8,2718509
28/07/2017,821.45,855.8,816,849.05,4756210
27/07/2017,796,832.8,795.9,818.5,8556576
26/07/2017,794.5,813.8,771,789.75,7844622
25/07/2017,786.5,797,782,793.3,1021328
24/07/2017,784.7,799,777.6,784.85,1330741
21/07/2017,781,791,768.8,780.95,1640138
20/07/2017,774.4,784.8,774,777.1,1353694
19/07/2017,788,789.95,770,772.6,4180203
18/07/2017,793.9,798.7,781.05,786.5,1877673
17/07/2017,795,805.5,781.1,798.75,2095284
14/07/2017,784.5,798.9,770.5,793.3,2368224
13/07/2017,769.05,788.85,766,786.35,3418865
12/07/2017,752,772.5,741.25,765.1,2511477
11/07/2017,769,774.65,746.7,751.35,3062438
10/07/2017,748,770.5,736.3,765.05,937716
07/07/2017,720.85,744.35,720.85,739.4,1955860
06/07/2017,744.2,748,723,724.85,1650502
05/07/2017,722,744.95,717,741.3,2860063
04/07/2017,720,733.9,716.15,718.95,2627247
03/07/2017,724.8,725.4,715,718.65,1491227
30/06/2017,708.8,726,702.1,720.65,2452148
29/06/2017,704.9,720.75,704,708.8,1915130
28/06/2017,701.15,709,698,704.15,1036526
27/06/2017,712.5,713,694.6,707.2,1545553
23/06/2017,721.05,723,702.6,711.5,2099658
22/06/2017,724.5,731.15,716.9,721.2,1820027
21/06/2017,725,733,715.05,719.7,1577869
20/06/2017,710,729.4,701.5,724.5,3257632
19/06/2017,718.95,718.95,702.6,707.05,1596187
16/06/2017,704.1,714.8,696.05,712.65,2217196
15/06/2017,691,708.4,691,703.35,2967640
14/06/2017,675,698,663.3,694.3,5046778
13/06/2017,692.1,701.5,675.2,677.6,4287510
12/06/2017,714,723.95,692,694.8,3983103
09/06/2017,739.3,741.4,727,731,1018346
08/06/2017,742.1,745.7,733.55,742.55,1023249
07/06/2017,735.1,744.5,732.15,739.8,1301882
06/06/2017,749.65,749.65,722.65,732.55,1706863
05/06/2017,744.5,758.5,738.6,747.35,1753696
02/06/2017,738.5,749.95,733.75,744.25,1541676
01/06/2017,737,742.95,725.15,734.05,1659952
31/05/2017,733,741.85,724,735.7,1906320
30/05/2017,701.95,734.5,695,728.45,2999658
29/05/2017,735,745.55,707.1,712.85,2552814
26/05/2017,732,754.5,727.3,739.65,3217563
25/05/2017,692.6,743.5,692.6,734.7,6758728
24/05/2017,671,683,651,670.45,4661432
23/05/2017,704.95,708.15,657.6,665.95,4327948
22/05/2017,704.9,717.95,690,704.6,4608233
19/05/2017,734,747.8,676,698.45,7047209
18/05/2017,774,774,720,727.85,3531028
17/05/2017,791,795.75,775.75,780.05,2083066
16/05/2017,814.7,814.7,790.65,793.65,1991707
15/05/2017,807,817.55,798.8,812.8,5275037
12/05/2017,778.8,801,778.7,797.6,4209106
11/05/2017,763.25,803.85,763.25,777.4,5644371
10/05/2017,763.05,769,756,760.65,1692427
09/05/2017,776.95,778,753.25,761,1798551
08/05/2017,792,795,769,774.55,1646191
05/05/2017,784,803.95,777,790.1,3868470
04/05/2017,785,789.9,775,781.5,1543554
03/05/2017,788,793.9,777.2,783.5,2349292
02/05/2017,802,810,768.1,787.3,9371221
28/04/2017,795.25,822.8,780.2,803.65,8221885
27/04/2017,792,802.8,784,792.15,2682365
26/04/2017,804.4,809.6,778.55,790.3,2478862
25/04/2017,793,811.25,793,804.4,5334133
24/04/2017,751.5,789,748.4,785.5,5094979
21/04/2017,763.25,768,743,748.4,2295215
20/04/2017,754,770,754,757.2,3353773
19/04/2017,738,762.1,720,748.15,6477522
18/04/2017,765,773.95,725.55,734.75,4147732
17/04/2017,775,776.9,756,761.25,2451419
13/04/2017,748.75,775,734.4,771.9,5048686
12/04/2017,766.65,773.5,740,745.75,4724104
11/04/2017,777,784.35,764.25,767.35,3576806
10/04/2017,792.7,797.9,769,777.8,4442087
07/04/2017,766,807.4,760.8,788.85,8527310
06/04/2017,797,802.65,763.05,773.15,7461301
05/04/2017,810,810,785.6,796.95,5753905
03/04/2017,815.95,823.8,810,818.3,2131977
31/03/2017,814.85,818.8,803.55,808.4,2781475
30/03/2017,808,828,803.1,807.3,9134523
29/03/2017,830.2,841.95,796,802.9,9445484
28/03/2017,870,876.8,790.9,835.65,11547962
27/03/2017,849.5,862,842.1,857.3,4101344
24/03/2017,845,852.7,832.3,844,3754787
23/03/2017,815,846,813.9,841.65,8690126
22/03/2017,824.7,832,802,805.85,3793234
21/03/2017,827.5,832,806.3,825.55,3391690
20/03/2017,834.7,838.8,820,826.2,2564300
17/03/2017,808.5,838.8,808.05,832.45,8661840
16/03/2017,812,813.8,798.6,805.1,4294175
15/03/2017,809,824.25,796.1,801.9,4101219
14/03/2017,850,850,809.3,811.9,4766541
10/03/2017,840,859.7,822.25,828.65,6826605
09/03/2017,853,862.2,836.5,839.45,5463380
08/03/2017,815.7,859.95,808.15,851.8,11400881
07/03/2017,770,819.15,753.95,816.25,12237347
06/03/2017,818,825.3,796.6,802.5,2796656
03/03/2017,798,815.45,774.15,807.75,4376694
02/03/2017,825.9,829.8,757.45,794.8,9752649
01/03/2017,847.95,851.9,815.4,818.4,3071494
28/02/2017,852.9,860,841.1,843.85,1909431
27/02/2017,865.15,867.7,835.15,851.8,2602275
23/02/2017,863.15,884.85,862.95,870.4,2709473
22/02/2017,874.15,874.15,853,863.15,1309160
21/02/2017,875.4,876.7,865.25,869.8,1788655
20/02/2017,871,878.45,861.5,871.35,2273723
17/02/2017,840.95,876.7,834,868.3,4722222
16/02/2017,822.5,839.9,813,836.75,1855262
15/02/2017,839.85,846.7,808.8,819.85,2462226
14/02/2017,834.25,841.95,827.6,836.95,1883427
13/02/2017,819.95,834,813.5,829.6,2280429
10/02/2017,820.7,826.4,811.4,816.85,1297063
09/02/2017,822.1,829.75,812,815.95,2370002
08/02/2017,829.25,829.25,798.7,818,2812967
07/02/2017,825,838.85,813.25,823.15,2647012
06/02/2017,843.1,845.15,819.05,824.95,2109145
03/02/2017,829.8,843.8,828,835.55,3464742
02/02/2017,805,853.5,793.3,823.7,14107736
01/02/2017,741.65,807.4,731.55,801.5,7756676
31/01/2017,741.4,761.9,733,735.85,3390154
30/01/2017,740,744.7,722.2,738.5,2439539
27/01/2017,745,764.8,738.2,742.75,3989192
25/01/2017,698,764.4,691.05,749.15,13929459
24/01/2017,675.7,683.1,671.95,678.35,2159190
23/01/2017,666.9,676.2,657.4,669.7,2055300
20/01/2017,675,687,660.1,663.9,2310058
19/01/2017,681.1,686.4,674.2,679.25,1788604
18/01/2017,674,690.7,670.05,685.1,2427188
17/01/2017,677.95,680.05,666.5,675.65,2132527
16/01/2017,651.8,675,650,672.15,2677798
13/01/2017,667.5,670.95,646.7,653.9,2196036
12/01/2017,661,674.4,652.65,663,4210225
11/01/2017,636.8,660.75,636.1,656.85,4949423
10/01/2017,620.05,633.75,620,631.85,2759967
09/01/2017,624,628,610.45,619.8,2485372
06/01/2017,639.95,646.05,615.7,621.65,4309125
05/01/2017,634.75,643.8,628.2,637.55,4240096
04/01/2017,621.25,639.4,621,629.5,7271108
03/01/2017,607,623.4,589,621.25,7690300
02/01/2017,597,607.25,589.15,602.25,5526043
30/12/2016,603,618.5,583.15,587.9,11334389
29/12/2016,577.5,602.4,568.2,597.5,13550218
28/12/2016,534.9,579.6,531,573.35,18081904
27/12/2016,475.05,524.9,465.1,519.4,15223374
26/12/2016,519.05,519.65,472,480.15,8143972
23/12/2016,551,552.7,516.15,519.8,10954663
22/12/2016,572.05,574.95,552,554.2,5006936
21/12/2016,586,596.15,574.2,578.9,6206914
20/12/2016,598,604.75,550,580.5,14137106
19/12/2016,640,641.3,599,603.2,3051574
16/12/2016,665.9,666,636,641.25,1983639
15/12/2016,645,669.7,631.9,659.85,2797830
14/12/2016,680,685.4,651.2,653.3,2078271
13/12/2016,690.3,691,669,676.95,2510624
12/12/2016,715.25,717.4,682,692.25,1899849
09/12/2016,725.6,725.6,709.5,714.35,1106229
08/12/2016,713,730,710.1,720.8,1523945
07/12/2016,717.5,723.15,700.05,705.15,1421616
06/12/2016,709,726,708.25,716.5,1418836
05/12/2016,703.45,712.45,691.2,707.6,1689888
02/12/2016,735.75,737,688.8,697.7,2916947
01/12/2016,745,756,732.2,744.75,1871001
30/11/2016,737,755,734,739.5,3458260
29/11/2016,693.4,738.45,692,733,4423944
28/11/2016,691.35,708.8,677.15,681.45,1719044
25/11/2016,689,703.95,672.25,699.35,3152806
24/11/2016,706,709.15,679.35,684.45,2641403
23/11/2016,700,719.15,687.1,715.4,2354215
22/11/2016,684,695,677.1,690.1,1888326
21/11/2016,702.6,702.8,662.25,674.75,3549839
18/11/2016,688,716.65,665.75,695.1,3151596
17/11/2016,689,701.7,675.65,691.05,2223010
16/11/2016,647.7,714,645.85,686.6,6327904
15/11/2016,690,690,591,633.3,6596106
11/11/2016,723.85,731.8,686.45,690.95,2823783
10/11/2016,795,802.4,730.1,741.3,3991578
09/11/2016,743.5,781.9,660.9,770.5,4829798
08/11/2016,821.95,829.5,804.6,826.1,844462
07/11/2016,803.25,828.35,803.25,818.8,1066267
04/11/2016,832.85,832.85,783.6,797.85,1304449
03/11/2016,821,843,821,831.15,1137748
02/11/2016,843.7,843.7,813.35,817.85,1290167
01/11/2016,891.75,894.7,850,852.2,2106223
30/10/2016,899,899,880.25,884.2,262137
28/10/2016,881,893.6,872.4,882.55,1144133
27/10/2016,901.7,904.95,872.7,879.15,2297531
26/10/2016,908,921,900,905.8,820531
25/10/2016,912.65,918.45,897.7,912.7,918554
24/10/2016,919.65,926.4,905.05,909.5,1245481
21/10/2016,919.95,927.5,910.2,919.8,1194425
20/10/2016,895,922.85,892.65,917.9,1305914
19/10/2016,905,906.4,884,890,1068288
18/10/2016,878.9,904.8,874,900.65,949752
17/10/2016,900,909,861.4,868.5,1491249
14/10/2016,884.95,898.8,882.85,893.85,864759
13/10/2016,869.65,888,852.95,881.8,1377886
10/10/2016,890,890.15,869,872.75,625290
07/10/2016,890,891.45,867,882.2,1010682
06/10/2016,909.75,915,882.2,886.95,1621014
05/10/2016,926,930,897.35,902.25,973204
04/10/2016,927,928.05,903.6,919.7,1579385
03/10/2016,889,925,886,920.85,2231066
30/09/2016,838.8,882.7,821.5,880.65,2590044
29/09/2016,873.7,877.5,817.5,833.45,2835376
28/09/2016,863.7,867.65,851.4,864.05,1456864
27/09/2016,860.2,868.9,853.25,856.85,2584348
26/09/2016,845.05,864.75,838.8,849.8,2488392
23/09/2016,825,868.8,817.2,847.2,6809598
22/09/2016,794.1,815.95,784.8,812.3,2482486
21/09/2016,783,795,773,778.55,1200133
20/09/2016,769.35,787,769.35,781.2,865039
19/09/2016,756.7,781,756.05,769.35,1091990
16/09/2016,774,789.85,746.15,753.75,1198067
15/09/2016,777.4,777.4,756.25,762.35,746874
14/09/2016,729.2,779.8,726,775.4,1628257
12/09/2016,758.95,758.95,721.4,730.7,2176620
09/09/2016,815.65,815.95,774,779.9,2264948
08/09/2016,821.8,827.95,812.2,814.15,726882
07/09/2016,836.4,836.4,814.35,817.8,617425
06/09/2016,815.75,832.8,811.8,829.15,1483714
02/09/2016,811,816.8,800.9,809.4,747494
01/09/2016,820.1,826.7,803,805.4,1067576
31/08/2016,818,829.5,777.35,819.5,1470929
30/08/2016,798.8,822.9,797.15,818.1,1713176
29/08/2016,782.6,796,772.8,792.6,1158254
26/08/2016,767.4,791.7,767,784.15,1868096
25/08/2016,758.95,782,758.95,764.65,2769433
24/08/2016,763.95,764.7,741.6,755.9,1672203
23/08/2016,750,770,748.05,760.15,2082362
22/08/2016,788,795.5,744,748.05,1767151
19/08/2016,801.95,807.85,780.6,786.25,1550229
18/08/2016,744.5,806.7,733,795.9,3928444
17/08/2016,784.15,787.5,742,744.95,2064320
16/08/2016,803.1,805.95,780.4,784.15,924095
12/08/2016,803.35,816.95,799.25,811.8,773745
11/08/2016,807,807.8,780,794.65,1686449
10/08/2016,836,840.7,797.6,803.85,1647526
09/08/2016,834.8,853,824.35,833.8,1509937
08/08/2016,826.1,841.95,815.1,833.35,1378374
05/08/2016,799.95,828,792.1,818.15,3139651
04/08/2016,810.5,815.45,776.5,789.8,2963508
03/08/2016,823.15,849.95,778.6,802.25,5543496
02/08/2016,820,890,814.2,822.65,8449967
01/08/2016,915,925.95,901.3,910.7,1289694
29/07/2016,891.1,939,886,907.3,2741693
28/07/2016,891.4,901.8,881.15,896.55,3554738
27/07/2016,880.05,892,871.55,887.7,1768485
26/07/2016,867.5,908,863,879.35,3246932
25/07/2016,847,874.35,832.65,862.95,2328462
22/07/2016,780,891.15,774.85,843.6,9312439
21/07/2016,784.35,784.35,760,763.7,756073
20/07/2016,788.8,799.8,776,782.15,2163089
19/07/2016,765,791,760.55,787.35,1176279
18/07/2016,768,776.8,761.75,764.6,665135
15/07/2016,749.5,771.75,746.4,764.55,794732
14/07/2016,759.9,767.4,741.6,744.8,1448227
13/07/2016,782,782,756.75,759.5,2000822
12/07/2016,784,784.95,769.9,778.95,1035499
11/07/2016,771.75,788.8,767.65,779.25,1949007
08/07/2016,762.4,762.55,748,752.7,716073
07/07/2016,759.1,768.4,757,759.8,1690562
05/07/2016,760.1,781.2,756.95,763.8,1311970
04/07/2016,737,768.3,736,762.75,1097800
01/07/2016,738,748.65,731.95,734.85,496344
30/06/2016,743,745.9,731.1,741.3,3029637
29/06/2016,698,738,692.2,735.55,2970296
28/06/2016,692.5,697.1,684.55,695.05,679596
27/06/2016,685,697.5,685,689.35,923966
24/06/2016,668,689.9,631,686.6,1239429
23/06/2016,689,700.95,681.2,697.45,775774
22/06/2016,699,704.5,683.5,687.95,934870
21/06/2016,700.1,710,697.05,700,1165792
20/06/2016,670,703,670,695.75,904716
17/06/2016,681.8,688,670,675.1,1529275
16/06/2016,674,682.8,670.55,676.75,1043454
15/06/2016,673.55,676.9,669.4,674.45,1102577
14/06/2016,669.3,674.85,665.5,670.15,712176
13/06/2016,670.65,676.2,665.1,669.7,1037610
10/06/2016,676.7,684.5,671.05,678.55,1315203
09/06/2016,689,695.3,677.15,680.8,1497457
08/06/2016,676.9,690,668.1,685.9,820578
07/06/2016,680.95,682.65,665.95,675.15,1517006
06/06/2016,675.1,685.85,671.55,679.7,1230996
03/06/2016,666,690.5,663.8,678.55,2487592
02/06/2016,653,667,651.25,666.1,1398372
01/06/2016,649.95,662.8,647.6,655.9,1065353
31/05/2016,655,658,647.15,650.3,1093856
30/05/2016,635.1,654.9,627.45,650.9,1316371
27/05/2016,625.4,638.55,623.2,633.05,1178684
26/05/2016,622,628.9,618.55,625.7,1435208
25/05/2016,617.8,624.25,616.6,619,976873
24/05/2016,605.4,612.95,601.6,609.85,822508
23/05/2016,620,621,601.1,603.05,949891
20/05/2016,631,633.85,616,618.2,895328
19/05/2016,627.2,642,625.55,631.45,1517177
18/05/2016,624.7,634.7,621,632.55,1084412
17/05/2016,630,636,623.2,627.6,1654963
16/05/2016,608.95,628.8,608.5,626.55,2568954
13/05/2016,597,609.1,596,605.4,1899004
12/05/2016,585,601,583.95,597.85,1410466
11/05/2016,584,594,577.75,586.05,1353547
10/05/2016,599.8,604,592,593.95,1265837
09/05/2016,598.6,600,587.6,596.75,1835127
06/05/2016,601.1,601.1,586.4,593.9,1960583
05/05/2016,603.55,614.4,578.4,601.85,4724786
04/05/2016,612,618,589.25,595.6,2304126
03/05/2016,620.2,634.6,611.25,614.5,2945055
02/05/2016,605,620.75,602.05,616,1838485
29/04/2016,589.4,610,581.6,603.8,1006055
28/04/2016,593.85,602.4,585.95,588.8,1200369
27/04/2016,586.9,607,584.05,594.65,1444294
26/04/2016,580.5,589.9,572.55,586.2,898925
25/04/2016,588,588,577.4,580.85,818261
22/04/2016,580,588,574.4,585.2,1162508
21/04/2016,589,594,568,578.85,2643286
20/04/2016,571.9,586.4,562.95,584.45,2620557
18/04/2016,560.1,572.95,553.9,571.3,1583752
13/04/2016,563.4,567.3,556.75,560.1,1142371
12/04/2016,554.7,562,550.05,557,1572176
11/04/2016,544.55,554.3,543.1,551,1252402
08/04/2016,552,554.6,544,545.9,919224
07/04/2016,546.75,557.1,542.75,549.75,1664623
06/04/2016,528.7,549,528.1,546.75,1517032
05/04/2016,535.6,542.4,522.55,524.45,1320368
04/04/2016,549,554,530.15,538.35,1069148
01/04/2016,548.1,553,543.55,546.5,1871435
31/03/2016,530.1,549.5,524.05,545.85,2330039
30/03/2016,516.95,533.15,515.3,526.65,1950189
29/03/2016,520,520.7,506.4,513.35,1665937
28/03/2016,526,531.25,515.5,518.1,1285675
23/03/2016,531,532.8,523.3,530.2,914690
22/03/2016,536.8,540.35,526,532.1,1136192
21/03/2016,532.3,537.7,529.1,533.9,976479
18/03/2016,520,528,514.1,524.65,826379
17/03/2016,530.25,532.4,513.85,519,887507
16/03/2016,526.4,528.1,509,522.85,1180874
15/03/2016,536,538.85,519.95,522.75,673421
14/03/2016,531.9,543.25,530.75,537.8,1126336
11/03/2016,531.3,537,520.2,527,842225
10/03/2016,525.3,536.9,524.4,531.3,1342114
09/03/2016,522.7,529,519,523.85,1315326
08/03/2016,530.5,542.7,522.55,526.55,1610485
04/03/2016,520,534,511.6,530.5,1690100
03/03/2016,536.95,538,516.1,519.85,1455484
02/03/2016,511.9,541.95,511.9,536.35,2858182
01/03/2016,486,507.7,486,504.55,1862772
29/02/2016,472.7,493.2,457.7,483.15,2233745
26/02/2016,484.8,488.25,466,469.9,1739469
25/02/2016,493.6,494.8,479.1,481.15,1822959
24/02/2016,490,501.4,486.6,491.1,1364978
23/02/2016,501,501,489.1,492.3,1007051
22/02/2016,500,508.3,492.3,498.3,1251328
19/02/2016,495,502.5,491.25,496.85,647391
18/02/2016,510.05,514.4,489.25,498.95,1280556
17/02/2016,494.7,508.4,486.2,502.4,1952928
16/02/2016,531,533,484.8,491.2,2136372
15/02/2016,510,530,510,524.75,1156301
12/02/2016,498.1,509,469.15,498.2,2591336
11/02/2016,537.65,540,488.85,495.65,2143529
10/02/2016,535.3,553.15,534,539.3,2261593
09/02/2016,545.5,555.95,535.3,539.8,1622410
08/02/2016,570,577.7,560,562.85,1605206
05/02/2016,542.25,575,537.05,566.6,2792995
04/02/2016,556.3,558.9,532.8,538.35,2150385
03/02/2016,545.9,554.95,527,548.45,2999124
02/02/2016,548,563.4,545.25,551.45,3458504
01/02/2016,531,551.95,525.65,549.2,2455245
29/01/2016,531.95,541.85,523.6,529.6,2971225
28/01/2016,505,542,497.75,535.05,8903288
27/01/2016,493,502.95,483,497.75,2269525
25/01/2016,485.5,491.5,476.8,485.25,895265
22/01/2016,459,487.8,455,483.55,1930696
21/01/2016,455.2,474.8,435.5,451.05,2353451
20/01/2016,469.5,469.5,439,450,1519741
19/01/2016,478.9,484.5,465.9,475.75,1293329
18/01/2016,495.5,502,470.15,477.7,1297028
15/01/2016,517.9,523.25,492.25,497.45,1097746
14/01/2016,510,520.6,504.55,514.1,1261082
13/01/2016,530,535,505.15,524.6,1559492
12/01/2016,527.9,538.5,521.3,527.6,1242747
11/01/2016,526,531.7,517.35,524.55,1124608
08/01/2016,522.7,546.25,521.5,531.35,3558392
07/01/2016,515,523.45,502.4,518.55,2678149
06/01/2016,513,524,512,520.5,3041749
05/01/2016,496,515.8,491,512.3,1228848
04/01/2016,503,512.5,488.1,493.5,1021233
01/01/2016,497.95,508.5,493.5,506.3,902049
31/12/2015,496.5,503,490.15,499.05,2410484
30/12/2015,502,505,493,494.35,1707487
29/12/2015,489.8,496,487.75,493.7,988153
28/12/2015,490,492.9,482.05,485.3,612968
24/12/2015,492.7,494.9,485.25,489.2,705927
23/12/2015,493.9,497,490.25,494.4,516304
22/12/2015,490.9,497.7,485.05,489.75,1643466
21/12/2015,477,493,474.8,489.8,1067491
18/12/2015,481,489.75,477.05,478.2,1333779
17/12/2015,470.6,485.9,468,483.6,1571255
16/12/2015,466,477.8,465,466.9,1570658
15/12/2015,447.1,463.2,446.2,460.9,1194883
14/12/2015,437.25,452.8,436.05,449.55,742560
11/12/2015,452,455.75,437.6,440.2,1101081
10/12/2015,436.9,452.65,435.1,449.95,889479
09/12/2015,443.8,447.75,434.95,435.45,912483
08/12/2015,451.1,458.85,442.5,445.55,722866
07/12/2015,449,459.2,448.1,453.7,1347130
04/12/2015,449,457,444.2,446.05,799624
03/12/2015,459.4,460.75,449,451.9,1147511
02/12/2015,457,470.75,456.55,459.35,1535883
01/12/2015,454.3,460.55,452.85,455.65,1256244
30/11/2015,459,461.6,450.6,452.55,1721321
27/11/2015,438,456.85,437.3,454.6,5085207
26/11/2015,429.3,431.3,419.9,424.05,1858378
24/11/2015,427.8,430.45,425.6,426.95,739080
23/11/2015,429.8,432.5,425.5,427.35,471234
20/11/2015,433.5,435.4,426.2,428.15,1339338
19/11/2015,429.1,438.95,428.25,432.9,786717
18/11/2015,431,434.6,423.05,427.2,1044683
17/11/2015,444.7,445.7,428.8,430.85,1045766
16/11/2015,430.2,444.9,430.2,442.75,882431
13/11/2015,445.8,450,431,436.6,676091
11/11/2015,450,452.4,449,450.85,136310
10/11/2015,451.3,451.95,442.3,447.25,856028
09/11/2015,427,454.9,427,452,1474726
06/11/2015,428,441.4,422.9,439.6,1338661
05/11/2015,442.7,446.85,425.65,428.05,1439269
04/11/2015,454.9,458.6,437.6,442.35,2506232
03/11/2015,449.4,455.05,442,453.5,2462071
02/11/2015,431.2,447.25,427.25,445.6,2419957
30/10/2015,435,436.8,427,431.2,1524055
29/10/2015,429.25,436.8,426.1,433.4,4027972
28/10/2015,404.4,428.9,403.25,426.8,5470949
27/10/2015,409,410.55,398.1,400.65,2641673
26/10/2015,425.45,426.45,407.65,410.6,2511183
23/10/2015,430.25,437.25,421.25,423.3,3667487
21/10/2015,442.4,446.8,426.3,429.8,3143709
20/10/2015,470,474,439.15,441.6,7690974
19/10/2015,459.7,462.4,436.3,448.65,4791122
16/10/2015,452,458,446.8,457.1,1089308
15/10/2015,443,453.2,440.2,450.05,1670529
14/10/2015,428,441.9,426.5,438.45,1430760
13/10/2015,429.5,430.6,416,426.9,1746699
12/10/2015,434.9,436.85,422.35,428.35,652375
09/10/2015,441,443.9,430.8,434.8,1323471
08/10/2015,433,438.4,425,437.2,1220261
07/10/2015,426,433,422.8,430.85,1122782
06/10/2015,427,433.7,419.2,425.55,1614224
05/10/2015,409.95,427.55,408,424.45,2378829
01/10/2015,410,417,401,404.15,1789137
30/09/2015,388.95,409.9,388.95,405.55,3351927
29/09/2015,379,400,373.4,387.2,2673477
28/09/2015,395.5,396,381,384.6,1088204
24/09/2015,395.2,400.2,390.95,392.65,1302613
23/09/2015,385,399.9,384.15,397,1746864
22/09/2015,400.1,404.1,387.35,391.7,3306523
21/09/2015,385,407.2,382.4,396.95,8756492
18/09/2015,405.7,405.7,360.6,380.65,16101738
16/09/2015,462.25,465,448.8,450.75,1281656
15/09/2015,468,477,453.45,459.1,3321417
14/09/2015,456.05,468.9,446.2,466,1586323
11/09/2015,452.7,467,450,455.4,2332763
10/09/2015,437.7,450.8,425,442.95,1735992
09/09/2015,448.45,453,436.5,442.5,1764315
08/09/2015,452.9,452.9,432.55,439.1,2383750
07/09/2015,446,464.8,441.3,444.45,1255068
04/09/2015,458,459.7,437.8,445.35,1400377
03/09/2015,444,460.1,442.2,457.55,1033381
02/09/2015,448.1,454.5,437.5,440.85,1208765
01/09/2015,463,467.65,439.55,445.15,1181918
31/08/2015,463,476.3,458.15,462.3,976685
28/08/2015,484.4,487,460.2,464.4,1064561
27/08/2015,481,490.5,465.6,476.5,1462271
26/08/2015,465,479.8,450,472.05,1189788
25/08/2015,453,470,425.1,467.9,3136474
24/08/2015,479.95,480,430,442.75,4912606
21/08/2015,510,511.85,492.2,508.35,1447852
20/08/2015,541.79,543.1,515,516.4,999849
19/08/2015,539,548,535.2,543.1,800279
18/08/2015,541,549.79,533.15,539.54,2038987
17/08/2015,545.2,549.95,535,537.04,1295380
14/08/2015,531.2,543.95,528.7,539.54,954114
13/08/2015,513,533,513,526.6,1047508
12/08/2015,524.79,528.65,505.4,508.6,1056058
11/08/2015,535,537.65,523.25,526.54,856134
10/08/2015,550.95,554.95,532.5,536,712439
07/08/2015,556.45,562,547.2,550.4,863030
06/08/2015,583,585.75,558.25,561.15,1132668
05/08/2015,583.85,586.4,578,580.4,738515
04/08/2015,574,584,567.2,579.2,784922
03/08/2015,577.85,588.15,570.35,571.85,758106
31/07/2015,584.9,589.6,576.1,581.85,925228
30/07/2015,569.9,588,569.1,582.1,1778350
29/07/2015,550,569,545.25,565.95,1000919
28/07/2015,546.9,557,542.85,549,1039943
27/07/2015,561.29,568.15,540.79,544,1554834
24/07/2015,565,573,560,562.7,1837511
23/07/2015,550.1,573.7,541,565.15,6114783
22/07/2015,534,543.29,525.5,536.85,1800112
21/07/2015,527.04,538,515.2,529.15,1388099
20/07/2015,529.5,533.65,526.75,528.35,794625
17/07/2015,517,531.9,516.6,526.75,1479496
16/07/2015,515,517.95,509.05,514.35,873517
15/07/2015,509.5,523.5,508.05,514.2,1135090
14/07/2015,505,516,505,509.25,1062923
13/07/2015,500,509.9,497.85,506.85,908114
10/07/2015,490.5,501.45,490,497.95,596353
09/07/2015,498.35,504,487,489.15,839065
08/07/2015,505,517.5,491.75,498.45,1675809
07/07/2015,514,518,504,510.95,1175078
06/07/2015,480,514.4,478.05,511.85,1908208
03/07/2015,496.7,499,485.1,492.25,1036833
02/07/2015,482,500.5,480.05,494.9,1933463
01/07/2015,466,482.5,464.7,478.75,1490180
30/06/2015,467.3,474.9,463.5,466.7,797689
29/06/2015,437.15,469.65,437.15,466.55,994519
26/06/2015,447.3,459.8,446,457.45,833610
25/06/2015,446.95,454.5,445.2,449.15,995220
24/06/2015,457.15,459.8,444.05,447.25,660607
23/06/2015,466,467.2,455,457.8,718577
22/06/2015,449,464.4,447,462,1064238
19/06/2015,451,454.5,444.1,446.55,726001
18/06/2015,446.3,451.2,443,447.85,490204
17/06/2015,440.3,447.6,438.1,443.9,615285
16/06/2015,432.6,441.5,424.4,437,931794
15/06/2015,428.7,436.15,426.85,432.5,508385
12/06/2015,425,429.8,420.1,426.15,578623
11/06/2015,433.8,438.4,423,425.05,1058993
10/06/2015,420.7,432.1,416,429.35,1014560
09/06/2015,429.7,433,414.9,418.2,1173092
08/06/2015,444.9,445.8,426,430.7,833092
05/06/2015,442.4,448.25,431.5,442.55,1483045
04/06/2015,452,458.4,441.35,442.65,1494836
03/06/2015,453.2,456,434.4,447.8,1584235
02/06/2015,470.8,471.7,451.5,455.9,1182885
01/06/2015,462.95,472.5,461.4,469.35,920501
29/05/2015,448.05,468.3,445.95,462.35,1256340
28/05/2015,452.7,453.55,440.25,446.25,1429967
27/05/2015,451,454.9,447,451.3,826141
26/05/2015,460.2,462.5,452.35,454.95,623726
25/05/2015,456,466.6,456,461.4,733693
22/05/2015,461.35,463.95,454.45,456.5,717568
21/05/2015,462.8,466.35,451.25,459.65,804613
20/05/2015,467.1,472.75,460.25,461.3,707212
19/05/2015,461.95,473.15,455.55,466.75,1248510
18/05/2015,460.75,468,451.25,463.25,930149
15/05/2015,455,467.5,454.8,459.2,1047109
14/05/2015,452.35,459,440,455.8,999679
13/05/2015,446.7,461.95,443.7,457.9,1496920
12/05/2015,461.2,462.5,440,444.3,1761839
11/05/2015,449.8,469.8,446.15,465.15,1531222
08/05/2015,449.95,454,435.3,447.5,1698569
07/05/2015,442,442.25,421,434.2,3213511
06/05/2015,479,480.55,439.25,442.15,2885653
05/05/2015,481,497.15,473.6,481.55,5260790
04/05/2015,472.3,476.7,448,463.8,2699538
30/04/2015,463.2,473.15,446.5,470.05,1685862
29/04/2015,457.5,473.05,455.05,465,1532829
28/04/2015,431,461.3,430.5,457,1654058
27/04/2015,440,444.8,420.3,431.65,1571934
24/04/2015,452.55,455.6,435.55,439.05,1434062
23/04/2015,461.7,467.2,448.3,453.3,968074
22/04/2015,469.95,473.8,435.6,460.05,1862881
21/04/2015,473.1,480.5,462.65,469.3,1110008
20/04/2015,490.8,490.8,468.2,474.75,907505
17/04/2015,494.6,502,484.65,490.05,1182691
16/04/2015,501,503.7,487.1,494.25,1010459
15/04/2015,507.5,513.29,497,500.85,924339
13/04/2015,511.7,519.1,505.3,507.6,874815
10/04/2015,504,517.2,500.6,509.85,1562003
09/04/2015,507.65,512,495,504.7,1374015
08/04/2015,519,524.95,503,506.6,3532844
07/04/2015,475,518.7,467,513.75,5649441
06/04/2015,469.9,477.55,462.7,473.1,877313
01/04/2015,454.85,469.65,454.25,467.9,937610
31/03/2015,455,464.2,451,457.95,1275864
30/03/2015,447.9,458,443.2,455.7,965332
27/03/2015,421,445.5,414.7,442.85,1241819
26/03/2015,423,428,420,422.35,1631309
25/03/2015,426.7,427.85,421.35,423,370351
24/03/2015,421.1,429.9,419.65,424.25,503527
23/03/2015,437,437.95,422,422.85,516934
20/03/2015,442.15,444.7,433.1,435.5,710306
19/03/2015,449.7,459.7,441.8,444.35,1587610
18/03/2015,447,453.9,444.4,447.5,1055838
17/03/2015,442.45,449.8,435.7,443.8,1299990
16/03/2015,429.9,441.4,426,439.75,841914
13/03/2015,447.4,449.9,426.7,428.75,696918
12/03/2015,443,447.85,440.2,446,611042
11/03/2015,452.05,452.9,440,441.7,675200
10/03/2015,438.45,452.9,434.05,450.1,1302662
09/03/2015,455,455.7,436.8,438.7,808631
05/03/2015,450.4,461,448.1,458.95,1607167
04/03/2015,461,465.95,445,448.25,1959269
03/03/2015,457.95,466.4,450.15,457,3711744
02/03/2015,440.95,458.25,432,455.5,3198071
27/02/2015,410.6,418.15,410,416.15,741591
26/02/2015,419.4,419.4,406.2,408.95,818584
25/02/2015,414.9,419.7,414.35,417.3,1048082
24/02/2015,410,416.8,408.5,413.2,1178421
23/02/2015,423.5,425.8,407.1,409.1,752372
20/02/2015,425,431.8,419.35,422.1,718925
19/02/2015,431.25,434.5,418.4,425.35,815852
18/02/2015,430,435.6,425,430.6,1077903
16/02/2015,439.9,440,426.6,429.4,1185555
13/02/2015,435,440.55,430.1,438.55,1559643
12/02/2015,425,436,425,433,1478394
11/02/2015,418.1,426.9,417.45,422.8,1133286
10/02/2015,402,422,400,414.45,1788058
09/02/2015,412.1,419.5,402,404.35,1018134
06/02/2015,418,424,410.9,418.9,1342123
05/02/2015,413,428.7,407.25,415.7,2164110
04/02/2015,429.8,430.6,412.5,414.8,1676321
03/02/2015,442.35,443.3,425.35,430.15,1856445
02/02/2015,437.8,444.75,435,440,1059900
30/01/2015,433.5,452,433.15,436,5058251
29/01/2015,437,439.2,424,426.85,2993442
28/01/2015,454.45,457,432.75,437.1,2567552
27/01/2015,441,455,438,452.25,2699519
23/01/2015,445.6,449,434.85,440.7,3393102
22/01/2015,455.2,456.85,441,442.2,2967695
21/01/2015,461.4,464.9,442.2,450.1,3205882
20/01/2015,471,472.5,456,460.25,2351544
19/01/2015,468.1,475.8,467.7,470.15,878153
16/01/2015,464.6,474.3,456,469.5,1625932
15/01/2015,461.05,470.7,456,466.35,1843693
14/01/2015,462.25,464.4,451.5,454.65,3686309
13/01/2015,442.7,467.25,439.75,460,3260759
12/01/2015,431.65,442.7,429.55,441,1388480
09/01/2015,437.55,442.35,428.8,435.85,2571726
08/01/2015,423,436.45,417.65,433.3,2557518
07/01/2015,409.85,417.8,408,415.6,1437460
06/01/2015,423,423,407,410.45,2476161
05/01/2015,416.3,427,414.15,424.85,2071399
02/01/2015,413.55,420.9,413.2,415.1,1321059
01/01/2015,414.25,418.6,412.2,413.35,1289806
31/12/2014,402.4,418,399.2,413.1,3417383
30/12/2014,398.9,404.4,393.6,400.95,1244798
29/12/2014,407.1,407.7,395.3,397.5,1210272
26/12/2014,404.45,412.4,402.35,404.05,1687683
24/12/2014,404.6,409.35,397.25,401,2138001
23/12/2014,405.4,411.9,395,403.7,2828209
22/12/2014,391,405,390.5,402.6,2863438
19/12/2014,384.9,394,383.2,388.2,2598453
18/12/2014,369,383.95,367,380.2,2270564
17/12/2014,367.6,373,345.1,360.85,3261183
16/12/2014,372.1,382.45,363.5,367.15,3599536
15/12/2014,377.5,385,368.4,373.4,2844569
12/12/2014,386.45,403.8,367,378.25,6809274
11/12/2014,389.2,396,380.15,386.55,5724631
10/12/2014,355,389.2,354.8,386.95,9310773
09/12/2014,351.25,360.8,347.05,349.3,1130652
08/12/2014,361.65,364.15,346.25,354.1,833675
05/12/2014,372.4,377.7,358.1,362.3,2503991
04/12/2014,362.9,371.7,355.95,369,1508097
03/12/2014,353,362.8,353,360.6,941047
02/12/2014,349,356.5,346,354.45,835885
01/12/2014,352.6,358.75,342,352.3,1172087
28/11/2014,353.25,362.4,353.25,356.15,1637188
27/11/2014,347,349.9,342.65,347.15,1196101
26/11/2014,325,344.75,325,343.75,1595681
25/11/2014,337.1,341.25,322.2,328,1502242
24/11/2014,337.3,344.75,335.05,338.05,673182
21/11/2014,339.85,348.5,338.45,339.95,1065985
20/11/2014,346,351.3,335,342.4,1320963
19/11/2014,357.25,362.55,341.35,348.7,1486230
18/11/2014,361.3,366.4,357.1,358.65,916580
17/11/2014,356.5,367.7,356.5,363.6,1216886
14/11/2014,361.45,363.65,356.6,359.85,949089
13/11/2014,367,371.75,356.45,360.15,2015537
12/11/2014,367.95,373.7,361.5,366.5,2812950
11/11/2014,349.15,367.75,347.8,365.25,2194730
10/11/2014,365,366,351,352.45,1679903
07/11/2014,351.75,365,344.45,362.95,3158401
05/11/2014,355.5,362,347,350.1,4118476
03/11/2014,329.4,354,324,351.25,13370270
31/10/2014,313.65,331.3,313.65,326.35,2580811
30/10/2014,315.2,315.3,309.45,312.2,1400407
29/10/2014,317,318.75,314.25,316,412788
28/10/2014,319.15,322.35,315.1,316.15,515217
27/10/2014,323.8,326.3,317.15,320.1,1209641
23/10/2014,318.35,323.8,317.75,321.1,364623
22/10/2014,319.5,321,312.35,315.9,1467850
21/10/2014,321,323,312.75,317.3,3014932
20/10/2014,293.05,317.85,292.65,312.45,3858757
17/10/2014,283,291.2,279.25,287.25,1188257
16/10/2014,291.5,297.3,279.25,281,1152314
14/10/2014,298.6,300.9,291.5,294.1,883345
13/10/2014,290,298.9,287.05,297.2,830402
10/10/2014,300.9,300.9,291.2,292.75,898774
09/10/2014,291.1,309.4,291.1,303.95,1341089
08/10/2014,281,291.3,280.6,290,637180
07/10/2014,293,295,282.1,283.4,493951
01/10/2014,297.25,305.05,291.05,292.65,652505
30/09/2014,294.1,306.25,294.1,300.15,1132630
29/09/2014,289.9,303.65,289.9,297.1,1091305
26/09/2014,281.3,295,277.7,292.8,996023
25/09/2014,292,296.7,281.1,284.1,1160862
24/09/2014,288.6,294.65,281.2,291.1,1205308
23/09/2014,306.05,309.7,290,291.1,2000495
22/09/2014,317,318.75,307.1,308.8,1342813
19/09/2014,314.85,322.8,314.85,320.2,1827684
18/09/2014,308,319,308,315.15,1543035
17/09/2014,308,316.5,306.15,310.65,2053084
16/09/2014,323.3,326.4,302,304.95,2580540
15/09/2014,335,335,318.55,321.2,1790899
12/09/2014,343.35,348.6,333.4,336.2,2838122
11/09/2014,330.1,345,327,341.75,3789676
10/09/2014,339.7,343,328.1,329.5,2724562
09/09/2014,344.5,347,337.1,338.6,2325449
08/09/2014,327,340,326.5,337.1,2038368
05/09/2014,327.5,330.1,318.5,324.35,2040554
04/09/2014,317.15,328.5,313.55,326.7,3115514
03/09/2014,308.9,321.6,307.5,316.15,3029316
02/09/2014,301.5,315,301,307.75,3546886
01/09/2014,298.7,307.8,290.1,304.55,2422930
28/08/2014,294,306,294,296.5,4379123
27/08/2014,276.75,301.2,276.3,290,4779067
26/08/2014,272,277.9,270.6,275.85,514156
25/08/2014,270.5,278.45,270.5,273.4,513608
22/08/2014,275,278.2,271.1,272.1,343434
21/08/2014,276.8,277.95,271.4,273.25,398513
20/08/2014,273.85,279.8,268.65,275.35,663681
19/08/2014,272.85,281.9,271.55,274.55,1205955
18/08/2014,260.5,272,260.5,270.05,480361
14/08/2014,262.5,267.25,260.3,262,401621
13/08/2014,270.5,273,261.65,264.75,585279
12/08/2014,275.25,277.4,269.15,271.4,357621
11/08/2014,274,278.9,272,274.95,314403
08/08/2014,275,276.7,269.95,271.55,487952
07/08/2014,279.1,284.95,278.5,279.75,498639
06/08/2014,279.4,287.75,279,280.1,976073
05/08/2014,281,283.4,279.1,280.45,424818
04/08/2014,280.25,284.3,277.6,279.35,444761
01/08/2014,277,286.2,274.25,280.85,577395
31/07/2014,282.9,290,282,283.05,936636
30/07/2014,279.6,289.6,276.6,285.75,1457880
28/07/2014,287,288.25,276.1,278.2,820378
25/07/2014,293.15,297,284.1,287,3311463
24/07/2014,275.45,280.65,271.5,276.8,500407
23/07/2014,282.8,283.3,270.8,274.65,491800
22/07/2014,284.95,284.95,277.25,281.05,366649
21/07/2014,286.7,289.25,281,282.8,821849
18/07/2014,284,291.3,283,285,3194143
17/07/2014,275,285.75,273.4,281.65,1808602
16/07/2014,282.5,284.7,275,277.4,753434
15/07/2014,269.35,284,267.15,279.55,897788
14/07/2014,252.2,270,252,266.9,862807
11/07/2014,269.6,278,250.05,253.45,999833
10/07/2014,268.55,274.85,262.3,269.35,673912
09/07/2014,271.15,275,262,268.3,595916
08/07/2014,276,283.25,263.65,267.25,931537
07/07/2014,274.05,279,271.65,273.8,1197676
04/07/2014,276,278.1,272.15,275.1,466994
03/07/2014,282.4,283,274,275.8,539694
02/07/2014,281.9,283.5,278.4,280.6,695225
01/07/2014,278.7,283.8,276.4,278.65,1395375
30/06/2014,273.75,278.2,273,276.45,426512
27/06/2014,274.9,278.7,269.35,273.25,358685
26/06/2014,275,280.1,272,273.6,2261865
25/06/2014,278.5,289.8,274.4,275.75,2111469
24/06/2014,267,274.7,267,271.25,511079
23/06/2014,261.05,273,261.05,265.95,612949
20/06/2014,271,272,260,263.5,1242005
19/06/2014,275.5,281.9,268,269.05,2547990
18/06/2014,273.15,279.8,268.5,274.75,1149959
17/06/2014,271.9,278,271,272.55,475445
16/06/2014,263.35,278.25,259.6,271.55,813648
13/06/2014,278,279.9,262,265.1,571908
12/06/2014,285.7,287,276.55,277.9,604879
11/06/2014,284.3,295,282.5,284.45,1786177
10/06/2014,288,289.2,280,284.3,697836
09/06/2014,287.9,290.7,283.2,287.3,977267
06/06/2014,290,295.7,285,286.3,1533758
05/06/2014,292.6,295.4,284.15,285.7,754664
04/06/2014,301.4,305.35,288.2,289.9,1032927
03/06/2014,309.7,309.9,296.1,298.6,857286
02/06/2014,295,309.8,295,306.85,1445938
30/05/2014,286,299.8,282.6,294.2,1573058
29/05/2014,278.3,289.9,278.1,284.95,1237386
28/05/2014,279.9,290.7,272.6,282.05,1133721
27/05/2014,272,280.55,263.1,277.7,917978
26/05/2014,277,285.5,261.85,272.5,1379461
23/05/2014,285.8,287.8,267.5,272.3,1063075
22/05/2014,285.5,293.5,280.55,283.85,1813987
21/05/2014,257.65,288.45,220.5,281.8,17479888
20/05/2014,258,264,254.3,257.9,1049342
19/05/2014,244.3,256,243.5,252.65,795236
16/05/2014,241.9,247.95,235.5,241.5,492688
15/05/2014,245.95,248.7,238,239.85,431576
14/05/2014,240.4,253.1,240.4,244,1069714
13/05/2014,235.4,245.7,235,238.8,748683
12/05/2014,233.7,239.9,230.15,233.2,417475
09/05/2014,230,235.8,230,233.2,273962
08/05/2014,234.9,242.7,230.2,232.25,771317
07/05/2014,237.4,242.5,232,233.15,487062
06/05/2014,227,241.45,225.6,237.25,1113398
05/05/2014,233.75,236,225,225.8,435711
02/05/2014,241.4,243.75,230.65,233.75,614582
30/04/2014,255.4,259.6,236.8,238.9,745390
29/04/2014,263.4,268.8,252,253.95,1114810
28/04/2014,255.5,259.75,250.7,253.8,682203
25/04/2014,262,263.7,250.5,253.65,810465
23/04/2014,275,277.7,260.1,261.6,777189
22/04/2014,265,282.4,264.1,275.3,1325577
21/04/2014,267,272.25,264,265.4,779243
17/04/2014,253.1,274.7,252,265.65,2079832
16/04/2014,244.45,254.95,243.6,250.7,901442
15/04/2014,249.65,253.55,241.55,243.35,310523
11/04/2014,248.9,258.9,246.2,249.65,525107
10/04/2014,263.5,267,249.15,251.25,965579
09/04/2014,245.4,266.5,245.4,261.2,2708168
07/04/2014,241,251,235,243.95,798038
04/04/2014,245.55,247.3,234,240.6,640682
03/04/2014,233.95,254.95,227.85,246.6,2530573
02/04/2014,218.8,244.9,218.35,235.15,3926234
01/04/2014,205.9,227.4,203,216,2036987
31/03/2014,205.75,208.75,201.55,204,564514
28/03/2014,200.7,206,199,204.4,527848
27/03/2014,200.45,204,198,198.9,350907
26/03/2014,198,206,196,200.15,899971
25/03/2014,198.4,199.7,195.5,197.35,370253
24/03/2014,197,198.85,195,196.05,253278
21/03/2014,199,199.8,193.8,196.75,269142
20/03/2014,196.5,201.75,196,198.15,891192
19/03/2014,196.55,196.9,192,193.65,170541
18/03/2014,195.1,199.4,193.65,195.45,257152
14/03/2014,191,197.4,190.1,195,318586
13/03/2014,200.95,202.9,194,195.1,394540
12/03/2014,200.75,207,197.2,200.1,957070
11/03/2014,197.4,205,194,199.9,1113642
10/03/2014,196.05,200,194.25,195,391133
07/03/2014,208,213.5,194.7,197.15,1527907
06/03/2014,190.3,207.3,189.1,205,2957428
05/03/2014,189,191.95,187.3,190.3,449533
04/03/2014,184.8,193.4,184.8,188.35,897366
03/03/2014,182.5,190.9,182.5,185,753707
28/02/2014,183.9,187.2,183.5,185.2,382534
26/02/2014,181.1,186.5,181.1,183,301820
25/02/2014,185.45,186.2,181.7,182.35,247654
24/02/2014,185,189.7,183.4,184.15,623841
21/02/2014,180.8,185.4,180.8,182.95,255591
20/02/2014,185,186.5,182,182.55,296716
19/02/2014,185.5,188.25,182.2,186.85,646154
18/02/2014,183,187.4,182,184.5,353207
17/02/2014,184.65,186.45,181.5,183.5,277641
14/02/2014,185,187.9,180.2,183.85,468068
13/02/2014,192.7,193.3,183.3,183.9,503046
12/02/2014,194.2,198,188.3,191.45,1285556
11/02/2014,195.4,206.4,190.05,191.25,3395166
10/02/2014,181.35,202.4,179,196.3,4758817
07/02/2014,178.75,180.45,175,176.25,298856
06/02/2014,181,183.6,176.2,177.5,412520
05/02/2014,181,186,177.5,178.6,834681
04/02/2014,173,180.25,169.7,178.3,360585
03/02/2014,180,183.4,165,174.95,237601
31/01/2014,176.95,184.2,176.9,181.75,471629
30/01/2014,176.7,176.95,171.1,174.65,324281
29/01/2014,187.5,189,178.5,179.5,465357
28/01/2014,187.6,193.15,184.05,185.65,526691
27/01/2014,189.8,197.05,184.2,185.75,1407424
24/01/2014,198.95,199.9,183.3,187.75,1277249
23/01/2014,204,209,196.3,199.7,1237603
22/01/2014,198.35,206.7,193,203.7,1319453
21/01/2014,196.7,201.95,194.6,198.25,835948
20/01/2014,183,202.8,183,195.6,1807804
17/01/2014,181.35,187.85,180.45,183.35,702476
16/01/2014,186.3,186.3,180.15,181.05,308658
15/01/2014,183.2,189.75,180.35,186.65,1502210
14/01/2014,166.1,185.9,166,183.75,2760171
13/01/2014,166.05,170.85,166.05,168,232811
10/01/2014,167.4,174,163.3,167.3,740888
09/01/2014,172.7,173.75,165.65,166.8,469916
08/01/2014,173.05,177.4,169.1,171.15,422094
07/01/2014,177.05,178.3,171.5,171.95,270695
06/01/2014,179.7,181.9,175.2,176.5,435036
03/01/2014,180.7,185,175.1,177.65,445519
02/01/2014,188.35,195.2,178.3,181.2,658854
01/01/2014,190.5,191.35,186.1,188,382825
31/12/2013,196.6,197.2,187.55,189.6,430754
30/12/2013,192,198.75,191,194.7,605479
27/12/2013,197.05,198,190.1,191.1,421600
26/12/2013,205.8,206.4,196.2,198.3,637684
24/12/2013,203,209.9,203,206.3,1403984
23/12/2013,186.05,204.4,184,201.85,2662875
20/12/2013,177.1,186,175.1,184.25,845478
19/12/2013,179.15,181.75,175.25,176.65,371521
18/12/2013,173.65,178.4,171.85,176.25,441666
17/12/2013,172,175.55,171.5,172.85,174691
16/12/2013,169.1,171.9,167,170.1,232163
13/12/2013,176,177,169.1,170.4,300083
12/12/2013,172.5,179.45,172.5,176.5,893398
11/12/2013,172.4,173.6,170.1,171.75,213453
10/12/2013,175.2,175.25,169,171.5,163165
09/12/2013,174.9,175.9,171.2,174.75,307440
06/12/2013,173,174.9,171.05,171.75,190893
05/12/2013,173.65,176,171.75,173.8,418171
04/12/2013,181.25,182.2,168.5,171.45,699583
03/12/2013,171,182,171,180.8,1486944
02/12/2013,170,173.9,169.55,172.1,390270
29/11/2013,170.05,172.8,168.25,170.15,316170
28/11/2013,169.3,173.3,168.25,169.7,246669
27/11/2013,174,175,169,170.7,306874
26/11/2013,168.5,175.95,167.3,173.45,895792
25/11/2013,173.4,176.3,165.25,168.25,635472
22/11/2013,175.05,178.7,168.1,171.15,692759
21/11/2013,170.5,181.65,170.5,172.6,1370959
20/11/2013,176,182.15,168.3,169.9,933952
19/11/2013,184.7,189,173.35,175.45,1860700
18/11/2013,159.1,187.9,157.25,183.55,3219165
14/11/2013,147.05,160.9,147.05,158.6,910107
13/11/2013,142.8,148.25,142.8,145.9,191111
12/11/2013,147.1,149.35,140,141.9,94185
11/11/2013,152.15,152.2,147,148.6,96067
08/11/2013,147.95,154,147.95,152.1,122597
07/11/2013,154.05,156.3,149.5,150.6,181409
06/11/2013,150.65,161.6,150.65,155,526238
05/11/2013,154.05,155.6,152,152.7,167868
01/11/2013,156.8,157.5,151.1,153.65,183642
31/10/2013,151.4,157.2,150.5,155.7,389660
30/10/2013,156,156.1,150.1,151.05,232903
29/10/2013,150.35,156.5,148.15,154.5,204063
28/10/2013,156,159.9,152,155.1,311176
25/10/2013,159,160.45,147,156.45,329876
24/10/2013,160.7,164.7,157.55,159.6,885859
23/10/2013,163,165,154.1,155.4,641363
22/10/2013,151.1,163.7,150,160.45,854072
21/10/2013,145,152.9,144.1,150.1,232990
18/10/2013,145,148.3,144.7,145.75,108551
17/10/2013,148.9,148.9,144.4,145.65,143892
15/10/2013,150.55,152,143.7,146.7,225348
14/10/2013,148.5,152.9,147.45,150.45,425590
11/10/2013,146.1,149.45,143,148.4,490667
10/10/2013,143,145.9,140.55,144.65,275026
09/10/2013,137.05,145.45,136.15,143.05,505441
08/10/2013,137.6,141,137.1,138.75,216901
07/10/2013,139.6,139.6,136,137,100566
04/10/2013,136,140.1,134.95,139,307018
03/10/2013,131,138.5,130.4,137.05,359206
01/10/2013,130,132.25,128,131.05,160951
30/09/2013,127.4,132.3,124,128.25,211305
27/09/2013,130.9,131.75,126.1,127.85,124077
26/09/2013,130.9,132.75,128.6,129.65,136199
25/09/2013,133.25,134,128.6,129.8,172806
24/09/2013,134.9,137,132.1,132.9,215675
23/09/2013,134.9,137.75,132.25,133.6,162640
20/09/2013,140,140.8,134.55,135.85,506266
19/09/2013,136,142.3,134,139.7,839002
18/09/2013,128,139.45,128,133.45,1366719
17/09/2013,127.9,127.95,122.75,123.55,219962
16/09/2013,132.4,133.2,125.05,126.7,166420
13/09/2013,134.9,134.9,128.35,129.25,264609
12/09/2013,140.85,141.9,133.05,134.85,279722
11/09/2013,142.5,148.6,138.5,140.05,767663
10/09/2013,130.6,148,130.6,142.65,1451636
06/09/2013,130,132,126.6,129.55,219255
05/09/2013,126.15,132.9,124.6,129.65,628722
04/09/2013,135.55,136,121.6,124,704047
03/09/2013,119.25,138.3,111.1,129.25,605616
02/09/2013,112.1,119.9,112.1,118.1,194858
30/08/2013,114.2,116.5,111,113.85,112655
29/08/2013,112.75,116.05,112.75,114.7,187453
28/08/2013,109.5,113,102.2,111.4,266993
27/08/2013,112,113.9,108.2,108.85,82792
26/08/2013,115.2,117.05,112.4,113.1,67970
23/08/2013,114.05,115.05,111,113.9,73443
22/08/2013,111.65,115.8,109,113,190744
21/08/2013,113.6,119.65,105.65,111.65,191845
20/08/2013,114.9,115,111.65,112.9,161092
19/08/2013,113.5,113.5,104,111.9,219442
16/08/2013,121.15,126.75,112,114.1,156382
14/08/2013,128.05,128.8,122,123.25,178927
13/08/2013,132,132,126.2,127.05,291552
12/08/2013,124.65,132.15,123.35,130.1,454496
08/08/2013,126,130.95,119.9,122.4,343685
07/08/2013,116.5,128,115.5,125.1,502729
06/08/2013,125.45,125.45,115,116.8,399544
05/08/2013,119,128.5,117,125.6,726320
02/08/2013,117.45,120.5,114.5,117.1,632821
01/08/2013,109.05,119.4,108.55,115.4,902409
31/07/2013,105.85,110.3,102.5,108.55,395862
30/07/2013,103.5,105.95,103.5,105.2,307750
29/07/2013,106.8,106.8,101.1,102.6,275458
26/07/2013,105,110.9,103.6,104.55,1950243
25/07/2013,100.45,103.5,97.55,99.85,551271
24/07/2013,100.6,104.25,99,99.45,419547
23/07/2013,99.25,100.75,98.5,99.25,120101
22/07/2013,100.5,101.7,98.2,98.85,203443
19/07/2013,102.1,103.8,99.5,99.65,158278
18/07/2013,102.5,104.95,100.5,101.8,178931
17/07/2013,106.45,106.45,99.05,100.4,141024
16/07/2013,106.4,106.4,104,104.95,105987
15/07/2013,107,108.8,105.2,106.7,160084
12/07/2013,108.85,109.7,106.05,106.7,169687
11/07/2013,107.95,110.35,106.55,107.15,162455
10/07/2013,109,109.7,105.5,106.4,73895
09/07/2013,108,111,107.55,108.15,157442
08/07/2013,107.65,108.9,106.2,107.3,103849
05/07/2013,108,115,107.9,109.45,540595
04/07/2013,108,110.8,106.65,107.15,129411
03/07/2013,104.75,110.9,104,108.25,328865
02/07/2013,110.1,110.15,106,106.5,106797
01/07/2013,104.3,111,104.3,110.2,239318
28/06/2013,103.5,107,102.6,105.15,202727
27/06/2013,101,103.5,100.05,101.7,166624
26/06/2013,100.95,101.65,98,98.85,142072
25/06/2013,101.3,104.4,97.1,98.55,225713
24/06/2013,106.9,107,99.35,101.3,194760
21/06/2013,105.3,107.95,103,106.6,188127
20/06/2013,107.5,108,106,106.4,121217
19/06/2013,110.95,112.7,109,109.9,215322
18/06/2013,110.2,112.9,109.1,110,219322
17/06/2013,108.1,112.15,106.4,108.6,184542
14/06/2013,107.2,111.65,107,109.45,262608
13/06/2013,108,109.7,103.45,105.5,254409
12/06/2013,115.05,116.95,108.5,109.9,397229
11/06/2013,125,125.6,116.3,117.35,332406
10/06/2013,125.4,127.5,123.2,126.4,504548
07/06/2013,121.25,126.45,120.95,124.2,866588
06/06/2013,120.2,123.7,116.9,121.7,502072
05/06/2013,117.35,123.5,117,121.95,768581
04/06/2013,112,119.8,112,117.8,1084559
03/06/2013,109.1,114.65,109.1,112.1,337542
31/05/2013,107.35,111,105.1,108.85,358782
30/05/2013,110.1,111.05,106.6,107.95,216718
29/05/2013,113,115.65,109.1,110.95,634354
28/05/2013,103.4,117.5,100,114.6,1837967
27/05/2013,99.3,103.9,97.25,102.3,872841
24/05/2013,98,103.05,95.5,99.3,946719
23/05/2013,105.3,105.8,97,97.8,1126680
22/05/2013,114.9,114.9,104.65,108.25,763649
21/05/2013,118.95,119.9,113.75,114.4,340677
20/05/2013,120,123.7,118,118.55,294883
17/05/2013,121.15,122.3,119,119.7,505092
16/05/2013,124,124,120.25,121.6,407266
15/05/2013,123.5,125.45,122.7,123.9,441660
14/05/2013,126,126.05,122.7,123.2,231574
13/05/2013,129,129,125,125.85,396092
10/05/2013,130.5,130.5,125.6,126.4,357721
09/05/2013,135,138.7,129.2,130.05,1822869
08/05/2013,126,128.4,125.1,127.9,578698
07/05/2013,132.9,132.9,126,126.75,557698
06/05/2013,126,132.8,125.1,131.35,390836
03/05/2013,128.7,129.8,124,124.35,205814
02/05/2013,127.8,130.8,126.5,128.65,266223
30/04/2013,133.5,134.6,126.6,127.35,283033
29/04/2013,133.9,135.05,130.8,132.9,315623
26/04/2013,130.5,136.9,129.2,131.3,773374
25/04/2013,132.35,132.9,123.2,128.85,6306013
23/04/2013,124.5,133.7,123.8,130.75,692430
22/04/2013,122,126.4,122,125.35,200070
18/04/2013,122.95,125.4,120,122.8,183649
17/04/2013,124,126.8,121.4,122.6,230331
16/04/2013,121.25,127.4,121,123.85,259564
15/04/2013,119,123.3,118.15,122.25,144118
12/04/2013,120.5,122.75,118.6,120.45,186016
11/04/2013,120.9,126.6,120.05,122,823838
10/04/2013,120,121.25,115.1,119.4,231767
09/04/2013,121.4,123.5,119,119.9,220025
08/04/2013,125.45,125.45,120,120.55,197696
05/04/2013,123.5,125.7,120.15,122.2,188587
04/04/2013,129,129,122.5,123.5,222227
03/04/2013,132,135,127.65,129.25,401075
02/04/2013,127.45,136,126.5,131.9,684332
01/04/2013,122,129.4,122,126.4,452626
28/03/2013,120,124.3,117.7,122,343440
26/03/2013,121.65,124.5,120,120.25,314697
25/03/2013,126,131,120,121.85,555241
22/03/2013,122.3,129.9,122.3,124,953536
21/03/2013,135.45,137.85,108,120.3,1796979
20/03/2013,142.9,142.9,130,134.25,329198
19/03/2013,143.65,147.75,138.2,141.45,733268
18/03/2013,135.05,153.75,133.1,141.7,1758690
15/03/2013,139.75,143.45,136.75,137.45,247597
14/03/2013,138.45,142.65,135.8,139.1,219022
13/03/2013,143,143.8,137.1,138.4,178798
12/03/2013,143.4,145.9,141.7,142.75,202652
11/03/2013,146.85,148.15,142.25,143.4,279961
08/03/2013,151,151,145.65,146.65,389407
07/03/2013,170,170,145.1,148,954150
06/03/2013,138.25,150.2,136.5,144.9,1857979
05/03/2013,133,140.7,131.9,136.55,438027
04/03/2013,134.9,134.9,129,132.6,182563
01/03/2013,131.7,135,130.35,132.95,370129
28/02/2013,139.05,144,128.25,131.7,688320
27/02/2013,135,138,134.1,136.4,216408
26/02/2013,138.3,139.15,130.3,133.85,422951
25/02/2013,144.6,147,138,139.7,316297
22/02/2013,142.05,143.5,139.7,140.85,159560
21/02/2013,142,145,139,140.2,522640
20/02/2013,145.5,150.35,142.5,146.8,475766
19/02/2013,142.65,147.4,141.55,144.8,471841
18/02/2013,136,143.8,135.65,141.55,391082
15/02/2013,137.6,137.6,133.1,135.8,267342
14/02/2013,139.85,142,137.1,138.3,325139
13/02/2013,145,146.4,139,139.95,516942
12/02/2013,152,160.2,141.15,144.6,1471883
11/02/2013,133.05,145.65,128,145.65,489958
08/02/2013,140,143,128.25,132.45,758289
07/02/2013,147,148.5,140.3,141.45,306259
06/02/2013,150,152.75,146.35,147,316067
05/02/2013,150.35,155.8,148.05,149.4,500087
04/02/2013,155.7,156.3,151,151.75,239615
01/02/2013,156.65,156.7,153,154.7,492912
31/01/2013,163.7,163.7,154.2,155.6,435666
30/01/2013,156,163,155,161.2,686579
29/01/2013,165.95,165.95,155.1,155.85,521226
28/01/2013,171.85,171.85,163.75,164.9,351855
25/01/2013,171.85,177.7,168.65,170,1720916
24/01/2013,173.7,175,161,163.8,501518
23/01/2013,177,177.8,168.4,172.65,343507
22/01/2013,180.15,181.5,173.3,175.6,779191
21/01/2013,176.3,180.1,175,178.65,648874
18/01/2013,170,174.75,168.3,173.5,532576
17/01/2013,168,172.8,165.1,168.4,588035
16/01/2013,173.7,175.5,166.5,167.35,476145
15/01/2013,181.05,183.2,172,173.6,692406
14/01/2013,179.45,182.7,171.6,180.6,550919
11/01/2013,187.9,188.7,176.75,178.95,762187
10/01/2013,186.1,187.9,182.25,186.05,770202
09/01/2013,180.1,190.45,180,184,2005607
08/01/2013,177.9,180.6,174.95,178.8,620500
07/01/2013,173.3,183.8,173.3,176.4,1505456
04/01/2013,169.95,174.45,169,171.65,808508
03/01/2013,174,174.2,167.1,168.25,666786
02/01/2013,172.05,176.95,166.3,171.8,1316798
01/01/2013,166.15,169.05,163.9,169.05,1402138
31/12/2012,154.05,161,153.65,161,722365
28/12/2012,150.85,154.9,150.3,153.35,425380
27/12/2012,160,160,148.6,149.85,1150059
26/12/2012,150.1,155.85,148,155.55,1561749
24/12/2012,143.85,153.9,143.85,148.45,818900
21/12/2012,155.55,156.6,151.4,151.4,770537
20/12/2012,167.75,168.9,159.35,159.35,938283
19/12/2012,175,175,166.15,167.7,832593
18/12/2012,178.4,178.55,167,167.9,733034
17/12/2012,175.2,183.7,172.3,174.75,848605
14/12/2012,186.95,192.25,178.2,179.2,1490980
13/12/2012,197.8,198.7,184,187.55,1743315
12/12/2012,183.7,191.85,180,191.85,886972
11/12/2012,180.7,185.8,176.65,182.75,1008018
10/12/2012,172,177.6,169.5,177.6,1186715
07/12/2012,175.7,178.25,165.55,169.15,1042577
06/12/2012,169.3,172.4,166.1,172.4,1704336
05/12/2012,152.1,164.2,150.25,164.2,1137204
04/12/2012,155,163,151.3,156.4,959776
03/12/2012,172.9,172.9,157.1,157.1,1493280
30/11/2012,165.35,165.35,165.35,165.35,96141
29/11/2012,157.5,157.5,157.5,157.5,52492
27/11/2012,150,150,150,150,63682
26/11/2012,137.5,142.9,137.5,142.9,181560
23/11/2012,123.5,136.1,123.5,136.1,344881
22/11/2012,126,129.65,124.05,129.65,195715
21/11/2012,125.9,126.95,123,123.5,92565
20/11/2012,124,127.1,123.7,126.15,356878
19/11/2012,120.1,122.95,119.15,121.05,49515
16/11/2012,132.9,132.9,121,122.3,168288
15/11/2012,122,126.6,116.3,126.6,356435
13/11/2012,120.4,121.45,117.3,120.6,67268
12/11/2012,118,119.4,113.55,117.1,73410
09/11/2012,116.5,120.95,116.1,117,37312
08/11/2012,120,121.85,116.7,118,53776
07/11/2012,123.75,123.75,119,120.35,170506
06/11/2012,113,117.9,112.4,117.9,80185
05/11/2012,114,114,110.2,112.3,30827
02/11/2012,114,114.9,111.9,112.1,56605
01/11/2012,110.55,116,107.2,112.9,32819
31/10/2012,109.25,114.4,109.25,112.8,171104
30/10/2012,114.95,117.5,114.95,114.95,282800
29/10/2012,120,123.4,118.8,120.95,112069
26/10/2012,119.65,119.65,115.55,118.25,54002
25/10/2012,127.5,127.5,116.35,117.3,291020
23/10/2012,116,121.45,116,121.45,549550
22/10/2012,117.6,118.75,113.5,115.7,59346
19/10/2012,118,119.9,116.8,117.6,51200
18/10/2012,117,118.5,114.1,117.5,52827
17/10/2012,120,120,114.5,116.35,68297
16/10/2012,119,120,116,117.15,56918
15/10/2012,119.65,120,117,117.8,73540
12/10/2012,123.5,123.5,119,119.65,48841
11/10/2012,119.2,123.9,117.15,121,157731
10/10/2012,120.05,121.85,118.1,119.2,75518
09/10/2012,122,124.8,120,121.9,146719
08/10/2012,127,128,121,121.95,227280
05/10/2012,131.05,132,123.85,126.2,142314
04/10/2012,130.5,132.3,128.1,129.75,117421
03/10/2012,130,133,127,129.65,148222
01/10/2012,129,133,126.5,129.35,129087
28/09/2012,137.95,137.95,128,129.6,281028
27/09/2012,128.9,131.4,125.5,131.4,321126
26/09/2012,124.95,128.1,120.25,125.15,298310
25/09/2012,118.9,123,118.9,123,296814
24/09/2012,118,120.8,116.5,117.15,124323
21/09/2012,120,123,116.35,117.35,310155
20/09/2012,121,122,118,119.65,109084
18/09/2012,127,127,119.15,122.95,162727
17/09/2012,122.7,122.7,112,121.2,191967
14/09/2012,119,119.15,116.1,116.9,117097
13/09/2012,115,120,115,116.75,84833
12/09/2012,123.4,123.4,115.6,118.05,229351
11/09/2012,113.4,118.75,110,118.75,215427
10/09/2012,112.2,114.5,106.65,113.1,269294
07/09/2012,103.5,104.9,102.1,104.9,139061
06/09/2012,97,102.4,97,99.95,76009
05/09/2012,101,104,97.5,100.5,134108
04/09/2012,103,103,99,100.35,119310
03/09/2012,106,106,101.5,102.7,103761
31/08/2012,109,109,101.55,103.4,137599
30/08/2012,102,107.8,96.1,106.45,4718063
29/08/2012,110,113.95,100.15,101.85,3297930
28/08/2012,115,115,103.3,110.35,5471220
27/08/2012,122.1,125.75,118.6,120.15,2583934
24/08/2012,126,127.3,119.4,120.8,2399846
23/08/2012,126.7,130.35,125.1,126.9,3568630
22/08/2012,121.4,129.5,120.6,125.7,6169867
21/08/2012,118,125.3,116.9,121.8,3157154
17/08/2012,122.7,128.1,118.3,121.4,7004324
16/08/2012,109.7,126.7,107.75,121.05,14738342
14/08/2012,104.3,109.65,103,108.5,4626569
13/08/2012,100.7,104.85,100,103.6,2489844
10/08/2012,103.75,107.3,99,100.5,5533400
09/08/2012,96,105.2,95.05,102.8,5262222
08/08/2012,98.8,100.5,94.55,95.3,2169864
07/08/2012,99.2,101.4,95.3,98.25,2696227
06/08/2012,93.85,104.2,92,99.15,8537274
03/08/2012,90,92.4,88.45,89.7,1637079
02/08/2012,92.5,92.85,90.2,90.95,1148546
01/08/2012,87.5,93.65,86.5,91,2869536
31/07/2012,88.9,88.9,85.5,86.9,862232
30/07/2012,84.8,89.35,83.2,88.25,1553265
27/07/2012,84.85,87.65,82.25,82.8,1356415
26/07/2012,87.2,87.6,81.05,82.25,1570282
25/07/2012,90.1,90.1,85.55,86.25,1116134
24/07/2012,91.15,92.85,89.5,90.25,1848242
23/07/2012,87.55,94,87.55,90.05,3604414
20/07/2012,92.75,94,88.1,90.55,5231171
19/07/2012,79.95,92.65,78.4,89.3,10498264
18/07/2012,81.15,82,78,78.9,1287228
17/07/2012,81,84.4,79.6,80.05,2283812
16/07/2012,85,86.25,79,81.8,1820161
13/07/2012,89.4,93.7,82,84.45,5313652
12/07/2012,89.25,93.75,87.2,90.85,2740895
11/07/2012,95.25,96.25,89.75,90.45,2400556
10/07/2012,95,98.3,90.65,94.9,5971722
09/07/2012,84.8,99.4,81.65,93.4,13951721
06/07/2012,71.8,85.25,71.5,84.6,7454813
05/07/2012,71.95,73,69.55,71.05,1272138
04/07/2012,68.95,69.9,67.85,68.7,368390
03/07/2012,69.35,70.45,68.1,68.35,325758
02/07/2012,69.7,71.05,68.35,68.85,510254
29/06/2012,67.75,71.7,67.05,69.05,817660
28/06/2012,67.7,68.8,66.3,66.6,252647
27/06/2012,68.1,70.3,67.25,67.75,473641
26/06/2012,67.45,69.7,66.35,67.65,443888
25/06/2012,67.8,72,66.25,68.1,1450667
22/06/2012,65.1,66.9,65,65.6,326062
21/06/2012,64.45,67.4,63.8,66.25,403735
20/06/2012,61.8,65.9,61.8,64.75,393593
19/06/2012,63.95,64,60.8,62.8,330143
18/06/2012,68,69.8,63.5,63.85,675707
15/06/2012,71.9,73.3,68.05,68.2,801779
14/06/2012,68.65,71.9,66,70.7,1375489
13/06/2012,67.95,69.25,65.3,66,1343269
12/06/2012,61,68,60,66.8,2180240
11/06/2012,59.4,62.25,57,61.85,878384
08/06/2012,57.55,58.05,55.2,56.6,358711
07/06/2012,56.55,60,56.35,57.7,642435
06/06/2012,55.1,56.9,54.75,56.15,583311
05/06/2012,56.2,58.4,54.3,54.85,514251
04/06/2012,56.75,56.75,55,55.65,352284
01/06/2012,56.15,60.45,55.5,57.65,844395
31/05/2012,62,62.55,54.5,57,1175439
30/05/2012,66,67.8,62.5,63.75,305994
29/05/2012,69.5,70,67.5,67.85,231424
28/05/2012,71.15,71.15,68.5,68.95,258718
25/05/2012,66.9,71.45,66.2,68.6,630774
24/05/2012,72.95,73.35,67.6,68.5,430927
23/05/2012,74.6,76,71.2,71.65,433291
22/05/2012,81.8,84.9,73,75.65,1474198
21/05/2012,82.9,82.9,79.2,80.15,254490
18/05/2012,79.95,81.3,79.35,79.75,259859
17/05/2012,82,84.3,81.65,81.9,221063
16/05/2012,83.8,83.95,81.1,81.7,299444
15/05/2012,89.25,89.25,84.55,85.55,466273
14/05/2012,99,99.8,89.1,90.3,719687
11/05/2012,91.25,106,91.25,97.85,2631181
10/05/2012,90,92.9,88,88.6,276205
09/05/2012,88.65,91.9,88.1,88.7,233333
08/05/2012,91.95,93,80.9,90.7,698340
07/05/2012,86.6,95.75,86.6,94.65,170883
04/05/2012,99,99.5,94.65,96.1,169162
03/05/2012,103.35,103.35,98.8,99.5,160134
02/05/2012,105.55,106.3,102,102.9,109728
30/04/2012,105.8,107.05,103.1,104.75,117409
27/04/2012,105.7,107.4,103.2,104.9,148558
26/04/2012,106.75,106.8,103.25,104.1,136912
25/04/2012,107.9,110,103.4,104.75,197293
24/04/2012,112.85,112.9,105,106.8,227148
23/04/2012,117.3,119.9,111.55,112.4,141243
20/04/2012,120,120.9,116.2,117.2,117229
19/04/2012,122.55,123,119.35,120.15,113759
18/04/2012,121.8,125.4,120.6,122.05,359788
17/04/2012,118.45,123.6,118,120.1,364394
16/04/2012,118.65,121.8,115.9,117.05,106480
13/04/2012,120.1,120.65,116.5,117.35,123877
12/04/2012,120.05,122.65,118.1,118.9,138005
11/04/2012,116.35,123.7,116.35,118.7,192367
10/04/2012,122.8,123.65,119.9,121.15,149352
09/04/2012,123.35,123.4,120.7,121.05,116475
04/04/2012,125,126.95,122.6,124.45,242035
03/04/2012,127,128.9,124.55,126.85,342524
02/04/2012,120.4,125.7,118,123.45,396284
30/03/2012,120,121,116,118.4,309002
29/03/2012,111.95,120.45,110.5,116.65,516614
28/03/2012,118,118,112,112.6,360719
27/03/2012,124,127.7,117.05,117.9,406121
26/03/2012,130,132,122.1,123.85,305252
23/03/2012,131.95,134.35,128.55,129.6,360145
22/03/2012,135.4,138.1,127.5,128.8,467889
21/03/2012,132.1,140.5,132.1,138.3,444591
20/03/2012,135,141.25,135,136.05,339967
19/03/2012,143,145.3,137.05,138.5,583407
16/03/2012,140,148.7,136.5,142.45,2001039
15/03/2012,137.45,143.8,134.3,139.65,899214
14/03/2012,148.7,148.7,134.2,135.85,1355765
13/03/2012,135.9,143.65,135.6,143.65,1436393
12/03/2012,123.05,133.2,123.05,130.6,578714
09/03/2012,120.1,124,120.1,121.1,153754
07/03/2012,124,124,117,119.4,183727
06/03/2012,125.7,127.65,119,120.2,289019
05/03/2012,132,132,122.3,122.75,172650
02/03/2012,129.5,132.6,127.1,128.15,350147
01/03/2012,135.8,135.8,129,129.95,491690
29/02/2012,134,134.15,129.6,133.95,1609693
28/02/2012,124.95,127.8,117.3,127.8,623508
27/02/2012,131.75,133.5,121.6,121.75,675255
24/02/2012,135.1,139.2,127.3,127.95,399622
23/02/2012,135.2,137.4,131.1,133.95,541782
22/02/2012,149.4,151.35,137.95,137.95,890838
21/02/2012,139.7,145.2,132.2,145.2,1156902
17/02/2012,139.9,142,134.6,138.3,740646
16/02/2012,146.3,146.3,132.4,136.1,2028936
15/02/2012,139.35,139.35,137.1,139.35,393415
14/02/2012,130,132.75,127.25,132.75,119074
13/02/2012,121.05,126.45,118.2,126.45,902068
10/02/2012,115,123.8,115,120.45,2027633
09/02/2012,111.7,116.8,108.1,115.15,1611728
08/02/2012,112.95,116.35,106.5,110.45,2775235
07/02/2012,103.7,108.25,100.2,108.25,3535665
06/02/2012,90.75,98.45,90.2,98.45,1900718
03/02/2012,92,92.9,89.05,89.5,380763
02/02/2012,90.3,95.6,90.25,91.1,1323324
01/02/2012,88.9,90.7,88.15,89.25,410598
31/01/2012,89.2,90.5,87.5,88.9,267126
30/01/2012,91.5,92.95,87.65,88.05,491393
27/01/2012,90.4,93.6,89,91.7,912489
25/01/2012,89,92.15,87,89.35,693780
24/01/2012,88.5,90.95,87.65,88.3,364425
23/01/2012,82,90.4,82,88.25,362739
20/01/2012,89.9,91.4,85.3,88.05,1025476
19/01/2012,93.5,96,92.9,93.5,467459
18/01/2012,96,97.95,92.25,92.85,402780
17/01/2012,96.25,99.7,95.55,96.5,755796
16/01/2012,95,97.6,94,95.25,324338
13/01/2012,96,98.9,94.55,95.5,372902
12/01/2012,99.45,100.65,95.3,95.8,471773
11/01/2012,101,104.5,98.2,99.3,809140
10/01/2012,102,104.1,99.05,99.6,567019
09/01/2012,97.85,104.75,94.55,99.7,1526279
06/01/2012,95.25,100.4,94.25,96.2,365186
05/01/2012,95.7,96.45,93.25,94.15,185187
04/01/2012,103.65,103.65,94.65,95.7,307713
03/01/2012,94.35,98.75,94.35,98.75,145200
02/01/2012,96.2,96.5,93.15,94.05,114560
30/12/2011,95.4,97.8,93.1,93.65,119820
29/12/2011,94.2,99.35,93,95.2,203850
28/12/2011,98.55,99,94.6,95.4,147960
27/12/2011,101.15,102.8,98.5,99.55,254745
26/12/2011,104.1,105.4,101,102.05,181550
23/12/2011,108.45,108.45,103,103.75,578827
22/12/2011,103.3,103.3,99,103.3,48344
21/12/2011,93.5,98.4,90.1,98.4,200043
20/12/2011,95.6,98.5,92.5,93.75,291103
19/12/2011,93.9,102.6,93.9,93.9,137221
16/12/2011,106.9,107,98.8,98.8,269707
15/12/2011,103,107,97.8,104,599604
14/12/2011,101.9,111.85,101.9,102.95,672458
13/12/2011,107.3,108.95,107.25,107.25,61245
12/12/2011,121.6,123.4,112.85,112.85,265981
09/12/2011,118.8,124,116,118.75,919319
08/12/2011,118.4,119.15,113.6,119.15,821231
07/12/2011,113.5,113.5,106.55,113.5,669482
05/12/2011,108.1,108.1,108.1,108.1,30487
02/12/2011,100.15,102.95,100,102.95,262544
01/12/2011,95.4,98.05,89.3,98.05,1268614
30/11/2011,95.75,95.75,93.4,93.4,216351
29/11/2011,100.15,103.6,98.3,98.3,429074
28/11/2011,107,109.5,103.45,103.45,294534
25/11/2011,115,115.05,108.9,108.9,276332
24/11/2011,121.25,121.25,111.15,114.6,876401
23/11/2011,104.45,115.45,104.45,115.45,835527
22/11/2011,115,115,109.95,109.95,198617
21/11/2011,115.7,126.7,115.7,115.7,462846
18/11/2011,121.75,129.8,121.75,121.75,489688
17/11/2011,128.15,132,128.15,128.15,28448
16/11/2011,134.85,137,134.85,134.85,37036
15/11/2011,141.95,142.65,141.95,141.95,207887
14/11/2011,153,159.8,149.4,149.4,209729
11/11/2011,172.35,176,157.25,157.25,954965
09/11/2011,193.1,196.8,173.8,174.7,847883
08/11/2011,201.75,202.85,188.3,192.75,1542963
04/11/2011,219.35,219.35,207.7,209.2,874248
03/11/2011,203,211.45,200.8,208.9,801819
02/11/2011,201.95,208.65,195.95,201.35,371791
01/11/2011,201,201,197.65,198.7,84916
31/10/2011,202,205.95,200.95,201.85,105470
28/10/2011,212,212,201.15,203.3,393335
25/10/2011,201.9,201.9,190,192.25,154682
24/10/2011,202.3,206,198,198.4,79981
21/10/2011,206.95,206.95,200.2,201.15,151630
20/10/2011,203.9,209,198,203.35,194530
19/10/2011,205.85,208.6,202,205.45,193407
18/10/2011,206.55,208,201.5,203,121626
17/10/2011,215.65,215.65,210,210.8,96023
14/10/2011,219,219,212,213.5,95108
13/10/2011,218.7,221.6,218,218.75,154284
12/10/2011,217.7,220.95,217.1,218.75,153958
11/10/2011,221,224,216.55,217.5,170341
10/10/2011,216.9,220,210.2,217.55,201795
07/10/2011,217.95,221.55,205,214.05,507902
05/10/2011,222,222,211,211,328853
04/10/2011,228,228,222.1,222.1,58544
03/10/2011,238.4,238.4,233.75,233.75,19942
30/09/2011,258.05,258.05,246.05,246.05,121563
29/09/2011,270,277,258.2,259,155868
28/09/2011,266.4,279.9,257,271.75,222962
27/09/2011,257.55,278.8,257.55,267.15,331395
26/09/2011,271.1,275,271.1,271.1,30641
23/09/2011,299,299,285.35,285.35,33211
22/09/2011,312,314.7,300.2,300.35,180473
21/09/2011,314.9,318.9,310.05,316,297629
20/09/2011,313,320.45,305.2,312.7,314963
19/09/2011,319,319,303,312.4,356130
16/09/2011,307.1,313.1,303,307.2,652119
15/09/2011,287,298.15,272.2,298.15,870725
14/09/2011,293.65,298,275.1,283.95,815170
13/09/2011,280,285.8,275.1,285.65,574786
12/09/2011,269,278,254.1,272.15,1018018
09/09/2011,259.4,265.6,259,265.6,112979
08/09/2011,249.8,252.95,244,252.95,295991
07/09/2011,240.9,240.9,229.55,240.9,377346
06/09/2011,229.4,229.4,229.4,229.4,17140
05/09/2011,218.45,218.45,217.8,218.45,77891
02/09/2011,197.8,208.05,190.05,208.05,337545
30/08/2011,200.1,210,198.1,198.1,402391
29/08/2011,210.05,220.7,206.85,208.5,649695
26/08/2011,228,228,217.7,217.7,126872
25/08/2011,243,243,229.15,229.15,230880
24/08/2011,249,257.1,241.2,241.2,556123
23/08/2011,269,272,252.6,253.85,384568
22/08/2011,275.05,279,261.15,265.9,459322
19/08/2011,272.5,278,272.5,272.5,153384
18/08/2011,287,289.95,286.8,286.8,28556
17/08/2011,301.85,311.05,301.85,301.85,20998
16/08/2011,340,340,317.7,317.7,135137
12/08/2011,350.5,354.6,332,334.4,133590
11/08/2011,343.1,355,343.1,348.85,371534
10/08/2011,360,365,345.05,348,220423
09/08/2011,360.6,367,353.1,353.1,197285
08/08/2011,384,384.8,370.65,371.65,210047
05/08/2011,379.9,394.7,368.65,390.15,398331
04/08/2011,390.95,403.7,382,388.05,379570
03/08/2011,369.95,395.1,360,389.15,957002
02/08/2011,380.5,390.7,374.05,376.25,321803
01/08/2011,420,428,392,393.7,637741
29/07/2011,421.25,451.85,410.8,410.8,733260
28/07/2011,469.95,469.95,431.9,432.4,965319
27/07/2011,500,516.5,470.05,479.85,2389260
26/07/2011,535,543.95,505,522.25,402884
25/07/2011,532.2,544.1,525.55,532.3,272213
22/07/2011,550,552.6,523.1,532.95,521843
21/07/2011,500,556,499.95,549.2,1287790
20/07/2011,546.9,548.35,490.1,506.5,497182
19/07/2011,539.7,548,522.1,540,1243186
18/07/2011,480,552,480,534.7,2677199
15/07/2011,429.1,524.1,428.8,524.1,3243753
14/07/2011,476.45,488,476.45,476.45,67795
13/07/2011,596,604.4,529.35,529.35,788263
12/07/2011,564.8,598.05,528,588.15,7440797
11/07/2011,510.1,543.65,500,543.65,601732
08/07/2011,417.55,494.2,417.55,494.2,1535947
07/07/2011,335.1,411.8,314.3,411.8,3828081
06/07/2011,349.3,350,342,343.15,86101
05/07/2011,337.7,347.7,333,343.7,138094
04/07/2011,345.95,346,334,336.6,154650
01/07/2011,346.45,350,339.2,342,49401
30/06/2011,352.45,354.4,342.55,344.45,88191
29/06/2011,349.8,354.4,343.2,349.3,159997
28/06/2011,355,360.9,341.1,345.1,365683
27/06/2011,333.8,353.85,330.1,351.25,268860
24/06/2011,343,354.5,327.65,338.05,316120
23/06/2011,362.45,362.5,344.85,344.85,160596
22/06/2011,371.9,371.9,358.4,363,371865
21/06/2011,400,411,377.25,377.25,213435
20/06/2011,414.4,420,381.05,397.1,589797
17/06/2011,405,417.7,383,401.1,238553
16/06/2011,385,397.8,381.3,397.8,561893
15/06/2011,367.3,378.85,362.55,378.85,225883
14/06/2011,344.75,360.8,344,360.8,163624
13/06/2011,349.8,351.5,340.15,343.6,53320
10/06/2011,356.7,361,346.65,350,63678
09/06/2011,358,363.5,352,355.35,113161
08/06/2011,369,376,351.8,357.35,458151
07/06/2011,370.4,374,363,369.85,108421
06/06/2011,369.7,374.3,365,368.35,138929
03/06/2011,371,382,369.6,371.4,191327
02/06/2011,368.15,381.85,362.15,371.3,328098
01/06/2011,360,375,357.15,370.8,982435
31/05/2011,345,360.05,344,359.15,261376
30/05/2011,345.55,351,340,342.9,42452
27/05/2011,348.75,355.4,341.1,343.4,79023
26/05/2011,345,352.5,343.45,348.75,85945
25/05/2011,350.3,351.95,341,344,68213
24/05/2011,348.45,355.8,341.75,350.05,145980
23/05/2011,360,362.7,342.15,349.2,135734
20/05/2011,350,363,350,359.75,461013
19/05/2011,344,355,329,346.2,597127
18/05/2011,362.25,367,344.3,344.3,367381
17/05/2011,356,385,355,362.4,842588
16/05/2011,394.4,396.5,360.5,372.15,965097
13/05/2011,378,379.45,370.1,379.45,159379
12/05/2011,324,361.35,300,361.35,1940445
11/05/2011,305,328.5,303,328.5,3565671
10/05/2011,261.05,298.6,255,298.6,5653072
09/05/2011,328.9,328.9,268,271.45,5520463
06/05/2011,411,412.15,330.75,331.8,2109008
05/05/2011,418.95,423.7,410,413.4,261422
04/05/2011,433.95,442,415,416.55,469675
03/05/2011,440,448.9,428,430.1,273770
02/05/2011,453.05,458,441,444.1,75356
29/04/2011,405,479.1,405,453.05,135857
28/04/2011,494.95,494.95,476.1,478.05,93995
27/04/2011,511,511.9,486.1,489,155192
26/04/2011,514.85,514.9,504.05,506.55,75618
25/04/2011,524.35,524.35,509,511.85,73949
21/04/2011,522,525,515.55,517.15,75052
20/04/2011,519.9,528.65,515.5,519.3,96415
19/04/2011,529.95,530.25,510.05,514,155709
18/04/2011,558.2,558.2,526,528.65,129787
15/04/2011,521,564.9,521,547.8,876856
13/04/2011,521,533.35,515,525.1,219173
11/04/2011,522.2,529.9,518,518.55,86940
08/04/2011,530.05,536,521,522.2,111348
07/04/2011,529.7,539,524.5,525.75,248967
06/04/2011,531.35,535,524,525.05,84572
05/04/2011,526.4,543.9,523.6,526.85,180196
04/04/2011,525,534,520.5,523.35,83344
01/04/2011,526.05,527.95,518.5,520.45,63879
31/03/2011,535.15,539.9,520.15,524.05,111848
30/03/2011,540,548,530.1,532.2,106856
29/03/2011,525,558.75,525,533.3,211423
28/03/2011,551.05,558,549.05,550.2,48840
25/03/2011,558.4,559.85,550,550.5,62550
24/03/2011,554.85,565,546.2,548.3,69561
23/03/2011,560.15,570,549,552.3,70001
22/03/2011,554.65,565,548.25,562.1,107855
21/03/2011,526.65,574,526.65,547.8,72907
18/03/2011,575,584.7,561.1,564.65,171827
17/03/2011,551.05,591,548.05,571,586591
16/03/2011,560,569.9,551,553.65,66012
15/03/2011,570,570,520,546.65,237836
14/03/2011,575.25,584.8,566,569.45,60816
11/03/2011,590,608.85,575.15,578.6,97044
10/03/2011,608.85,609.5,595,596.45,46871
09/03/2011,609.05,619,600,602.85,79951
08/03/2011,609,616.6,603,607,71450
07/03/2011,615,618,606,609.15,38338
04/03/2011,628.9,633.55,615,618.75,49154
03/03/2011,619,639.9,613.1,619.5,101007
01/03/2011,619,636.6,613,625.55,73539
28/02/2011,616.9,654,611.15,621.95,299132
25/02/2011,624.35,624.35,607.15,610.15,80275
24/02/2011,630,637.85,610,611.85,57008
23/02/2011,635.5,649,625.1,629.2,69196
22/02/2011,621,654,600,635.25,87189
21/02/2011,639,651.9,633,639.7,62447
18/02/2011,654,672,635.1,639.4,237577
17/02/2011,640,664.3,635,650.95,147375
16/02/2011,645,657.9,640.2,644.35,88257
15/02/2011,647,680,635,639.55,376013
14/02/2011,685,685,635.4,643.1,149014
11/02/2011,666,666,630.1,639.4,188477
10/02/2011,635,673.7,612.35,661.15,169844
09/02/2011,675,676.7,604,632.5,175319
08/02/2011,701.15,707.5,669,674.15,116383
07/02/2011,700,723.95,691,697.8,190688
04/02/2011,725,748,685.5,701.8,833035
03/02/2011,668.35,734.8,663.2,720.2,1421194
02/02/2011,669,679,659,665.1,70660
01/02/2011,664.5,673,653.3,665.1,111215
31/01/2011,620,679.9,620,664.4,122176
28/01/2011,687.5,690,657.2,671,218208
27/01/2011,660,702.9,627.1,683.4,1002999
25/01/2011,651,678.9,630,661.3,334549
24/01/2011,695.05,704.4,680.1,685.15,205716
21/01/2011,687.3,711.9,682.5,690,691822
20/01/2011,654.05,757,651.1,689.35,3058287
19/01/2011,655,689.7,650,669.7,312698
18/01/2011,655,659.75,645,651.25,44806
17/01/2011,644,656.6,642,653.7,109323
14/01/2011,654.95,655,636.1,641.15,166828
13/01/2011,640,668.8,637,656.2,278893
12/01/2011,665,668.8,645,652.8,63096
11/01/2011,642,667,621.65,651.25,322071
10/01/2011,642,645,629,638.2,133023
07/01/2011,633,644.4,633,640.3,99363
06/01/2011,642,648.8,633.6,637.1,127804
05/01/2011,641,648,632,639.7,104004
04/01/2011,650,655,636,638.25,87655
03/01/2011,651.5,658,645.05,647.35,135799
31/12/2010,648.5,656.95,642,644.7,130179
30/12/2010,645,658.3,640.1,645.7,122991
29/12/2010,652.95,666.8,645.3,650.55,224185
28/12/2010,660,720,648,652.85,289251
27/12/2010,641,671.65,640.25,661.6,522345
24/12/2010,657.8,671.9,641.4,660.8,693688
23/12/2010,675,685,646.7,653.7,1656610
22/12/2010,615,664,612.05,658.05,2626510
21/12/2010,620,644.9,551.1,603.6,4290631
20/12/2010,660,699.8,600,604.25,1495570
16/12/2010,700,744.7,650.75,663.3,798182
15/12/2010,743,747,685.25,723.05,126826
14/12/2010,726.6,778,726.6,747.45,590560
13/12/2010,650,719.6,616.65,719.6,377760
10/12/2010,640,678,630,654.15,617280
09/12/2010,658,669,645.05,651.75,622722
08/12/2010,694.65,694.7,640,662.45,376334
07/12/2010,712,712,687.2,694.65,309631
06/12/2010,731.4,731.4,705,710.4,167133
03/12/2010,723,753,707,711.3,398601
02/12/2010,711,735.95,700,711.65,72763
01/12/2010,720,732.9,715.05,721.6,94483
30/11/2010,715,721,700,716.1,198708
29/11/2010,725,725,690.1,714.65,232314
26/11/2010,753,758.65,683,711.25,468104
25/11/2010,725,785,705,751.95,1822428
24/11/2010,711,740.85,710,727.85,745035
23/11/2010,705,748,693,710.75,1456923
22/11/2010,681,733,681,714.5,1372626
19/11/2010,634.4,703.35,601.15,673.85,5223708
18/11/2010,797,819.9,638,639.4,2993900
16/11/2010,901.55,901.55,735,797.5,2175093
15/11/2010,919,925.05,891,901.55,365179
12/11/2010,950.05,962,909.05,919.85,303924
11/11/2010,930,968,910,950.45,730411
10/11/2010,960,964.9,921.75,927.9,415800
09/11/2010,1006,1010,950,956.55,514934
08/11/2010,994.05,1018,983.1,998.45,335129
05/11/2010,1020,1020,990,992.1,28657
04/11/2010,1001.1,1019.8,975.1,997.9,476880
03/11/2010,1013.2,1019.9,985,993.6,161907
02/11/2010,1028,1036.2,996,1005.45,200351
01/11/2010,1049.9,1049.9,1015,1025.8,182433
29/10/2010,998,1050.4,995,1027.75,646935
28/10/2010,1026.05,1040,1001,1009.7,281965
27/10/2010,990,1040,971.05,1026.05,1148840
26/10/2010,1011.55,1020,961,988.9,1499238
25/10/2010,1060.25,1098,890,1010.3,4136567
22/10/2010,1125,1140,1010.9,1056.35,1344936
21/10/2010,1168,1168,1090,1108.35,344431
20/10/2010,1132.05,1155,1065.5,1130.65,587856
19/10/2010,1083.3,1164.3,1071,1139.5,759163
18/10/2010,1133,1135,1050,1082.25,1153035
15/10/2010,1220.05,1225,1108.45,1135.9,969939
14/10/2010,1230,1250,1191,1215.5,511447
13/10/2010,1273,1282.5,1217,1231.45,626527
12/10/2010,1238.7,1354.85,1230.4,1273,1412952
11/10/2010,1277,1299,1224.95,1234.55,296016
08/10/2010,1292.2,1300,1201.1,1229.45,734969
07/10/2010,1310.95,1315,1291.05,1303.85,160919
06/10/2010,1261,1324,1260,1305.85,538503
05/10/2010,1300,1324,1241.65,1260.35,757003
04/10/2010,1370,1392,1235,1279.95,666204
01/10/2010,1349,1377.65,1340,1361.45,167153
30/09/2010,1379.4,1379.4,1315.85,1337.35,326313
29/09/2010,1414.55,1421.9,1367.15,1374.95,292140
28/09/2010,1385,1491.5,1380,1400.55,1592556
27/09/2010,1348,1409,1348,1374.75,188682
24/09/2010,1372,1373.95,1327,1333.05,95608
23/09/2010,1390,1395,1358.25,1364.4,59185
22/09/2010,1391,1413,1381.25,1389.3,164037
21/09/2010,1380,1394.95,1368.1,1380.05,99263
20/09/2010,1390,1405.4,1380.1,1385.35,176509
17/09/2010,1371.85,1410,1371,1395.35,239471
16/09/2010,1402.6,1413.9,1355.8,1364.3,361048
15/09/2010,1385,1436.95,1368.5,1404.85,895978
14/09/2010,1345.2,1429.5,1344,1384.45,1102593
13/09/2010,1277.35,1358,1277.35,1342.3,787874
09/09/2010,1295,1303.7,1266.35,1277.35,145103
08/09/2010,1245,1310,1243,1286.2,329533
07/09/2010,1292,1294.7,1250,1260.8,153986
06/09/2010,1295,1308.4,1280,1287.2,137844
03/09/2010,1297.4,1315.65,1282.3,1289.55,272215
02/09/2010,1263,1312.8,1240,1288.6,942585
01/09/2010,1230.35,1265,1226.05,1257.3,477187
31/08/2010,1170.1,1301.7,1170.1,1221.35,2137510
30/08/2010,1170,1212.9,1156.1,1185.55,401057
27/08/2010,1160,1173.95,1151.75,1165.8,140900
26/08/2010,1163.6,1169,1153,1161.4,131608
25/08/2010,1155,1194.9,1152.1,1159.9,500564
24/08/2010,1173.55,1199,1148,1157.15,536237
23/08/2010,1215,1219.7,1168,1173.55,391579
20/08/2010,1160,1238.85,1155,1215.9,2057768
19/08/2010,1172.5,1172.5,1150.25,1162.4,574537
18/08/2010,1180.2,1186.4,1142.5,1165.15,1601300
17/08/2010,1091,1188,1076.25,1177.7,5931839
16/08/2010,1040,1162,1040,1088.65,13782374
