Date,L&TFH-EQ O,L&TFH-EQ H,L&TFH-EQ L,L&TFH-EQ C,L&TFH-EQ V
29/03/2019,153.05,153.6,150.5,152.55,6314334
28/03/2019,154.95,155.15,151.65,153.6,15756788
27/03/2019,148.9,152.9,148,151.5,12880892
26/03/2019,144.3,148.6,144.3,147.45,5168368
25/03/2019,145.4,145.4,142.35,144.2,3490002
22/03/2019,146,148.8,144.6,146,5585280
20/03/2019,145.95,147.6,143.85,145.8,5950081
19/03/2019,149.45,149.45,145.5,146.85,3730432
18/03/2019,147.55,150.3,146.5,148.8,8351668
15/03/2019,144.2,149,143.6,146.65,7823850
14/03/2019,145.1,146.65,142.8,143.4,6063189
13/03/2019,147.25,147.35,144.4,145.1,5489583
12/03/2019,146.5,148.85,145.65,147.25,8394453
11/03/2019,142.6,146,141.95,144.7,5923812
08/03/2019,140.1,143.4,139.75,141.85,11139172
07/03/2019,141.8,141.8,138.75,140.75,5311626
06/03/2019,136.95,142.95,136.9,141.05,13162078
05/03/2019,128,136.15,127.5,135.3,10993552
01/03/2019,125,128.7,124.5,128,5248120
28/02/2019,124,124.95,123.35,124.2,5221037
27/02/2019,125,127.15,122.6,124.1,5654091
26/02/2019,124.3,126.25,121.65,123.85,6087781
25/02/2019,126.85,127.95,125.3,126.5,3647263
22/02/2019,127.15,129,125.75,126.5,5253489
21/02/2019,124.2,127.75,123.8,127.15,8438350
20/02/2019,123.55,124.65,122.55,124.2,4160431
19/02/2019,122.15,125.55,121.9,122.3,4277919
18/02/2019,125.7,127.2,121.5,121.9,4927375
15/02/2019,126,127.8,123.05,125.7,6888568
14/02/2019,123,127.8,120.1,127.3,9561550
13/02/2019,126.1,126.9,122.7,123.1,3334305
12/02/2019,125.85,128,124.65,125.55,3046347
11/02/2019,129,129,123.8,125.65,4430011
08/02/2019,133.65,134.3,128.1,128.85,8908834
07/02/2019,128.35,137.05,128.05,135.5,7670540
06/02/2019,127,129.45,125.7,128.6,3515758
05/02/2019,127.65,129.8,125.2,126.4,5188504
04/02/2019,130,130.15,126,127.55,6905425
01/02/2019,132,134.45,128.05,130.3,4709841
31/01/2019,133.4,133.9,128.25,131.45,4763262
30/01/2019,132.05,133.45,129.25,132.7,6491534
29/01/2019,128,132.2,127.15,131,4131027
28/01/2019,133.7,134.8,124.45,128.45,10124940
25/01/2019,138.3,138.7,132.8,134.65,5569523
24/01/2019,137,138.15,135.65,137.5,3490759
23/01/2019,137,138.35,135.5,136.6,4333336
22/01/2019,138.7,140.95,135.2,137,15751497
21/01/2019,140.95,141.9,137.8,140.15,9029314
18/01/2019,142.2,142.2,138.35,140.65,5024148
17/01/2019,142.5,144.15,140.25,141.3,7492429
16/01/2019,141.85,144.2,141.2,141.85,5431451
15/01/2019,137,142,136.75,141.05,5914185
14/01/2019,140.95,140.95,135,136.25,10750077
11/01/2019,144.5,145,139.6,141.5,4639398
10/01/2019,144.65,146,143.25,144.3,2483786
09/01/2019,149.1,150.05,142.65,144.65,5415783
08/01/2019,146.4,148.8,144.8,148.3,3082948
07/01/2019,146.25,148.75,145.25,145.7,4202422
04/01/2019,145.4,146.75,142.2,144.4,8860605
03/01/2019,150.55,151.25,144.8,145.4,6474355
02/01/2019,153.2,154.35,149.6,150.5,4695402
01/01/2019,153.4,154.05,151.75,153.15,3050999
31/12/2018,155.9,156.5,151.85,152.6,4509762
28/12/2018,154.25,155.95,153.3,154.45,3756769
27/12/2018,156.4,156.9,153.2,154.25,6470996
26/12/2018,152.3,155.9,149.45,154.35,6197173
24/12/2018,151.7,155.5,149.3,152.85,5273230
21/12/2018,157.9,159.25,150.5,151.2,7292113
20/12/2018,154.25,158.15,153.6,157.35,7015922
19/12/2018,147.7,156.75,147.15,155.6,11084670
18/12/2018,146.25,149.9,145.6,146.75,3669223
17/12/2018,147.3,148,146.35,147.45,2363411
14/12/2018,145.05,148.4,143.6,146.85,4396492
13/12/2018,144.85,148.85,144.25,145.15,5807553
12/12/2018,138,144.4,138,143.9,4622094
11/12/2018,130.65,138.35,130.65,137.5,4981227
10/12/2018,135,135.9,132.15,133.85,4170222
07/12/2018,139.65,140.9,135.7,138.8,11860519
06/12/2018,142.3,144.85,138.25,139.65,17311308
05/12/2018,146.1,146.15,143,144.2,5318150
04/12/2018,144,148,143.5,146.35,9993498
03/12/2018,145.15,145.35,143,144.2,5181402
30/11/2018,145,145.65,143.5,144.2,5539236
29/11/2018,141.5,145.5,141.05,143.85,25965249
28/11/2018,131.75,139.8,129.15,139,22587487
27/11/2018,131.35,132.75,130.6,131.45,3729371
26/11/2018,133.9,134.35,129.6,131.5,4414428
22/11/2018,136.5,136.9,132.8,133.3,4516834
21/11/2018,131.1,137,131.1,136.5,6121753
20/11/2018,132.1,134,130.2,131.6,4430735
19/11/2018,133.4,134.4,132.1,133.75,3555410
16/11/2018,136,136.75,131.2,132.55,4437495
15/11/2018,133.9,136.35,131.85,135.55,4353992
14/11/2018,135.8,137.25,132.5,133.85,5106107
13/11/2018,132.7,136.7,129.9,135.4,6806082
12/11/2018,135.9,136.6,132.4,132.85,4260841
09/11/2018,136.5,137.1,133.8,135.9,4751953
07/11/2018,136,136.75,135.65,136.3,992805
06/11/2018,137.2,137.35,134.35,135,4849837
05/11/2018,134.45,138.65,132.7,136,10410336
02/11/2018,137.9,138.4,133.5,134.15,11271521
01/11/2018,129.25,136.8,127.75,135.85,15301340
31/10/2018,125.65,128.65,123.2,127.75,9405780
30/10/2018,122.15,126.2,121.3,124.15,8370890
29/10/2018,119,122.85,116.35,122.4,9507238
26/10/2018,119,119.95,115.7,117.9,12525128
25/10/2018,114.05,122.2,110.65,117.2,35100587
24/10/2018,124.7,127.5,121.55,126.7,16838628
23/10/2018,120.4,124.7,120.1,122.5,8502664
22/10/2018,120.25,124.3,119.1,122.1,12196737
19/10/2018,120,126.85,117.45,118.95,30434905
17/10/2018,133,134,118.95,120.35,16869085
16/10/2018,131.1,133.25,129.4,131.4,8953051
15/10/2018,133.9,133.9,128.55,130.65,8094864
12/10/2018,130.4,136.35,130.4,132.8,9918268
11/10/2018,127,132.6,122,127.95,12730082
10/10/2018,125.5,135.65,125.5,134.15,17979934
09/10/2018,120,126.5,119.5,123.8,14921399
08/10/2018,118,123.75,114.7,118.65,18900009
05/10/2018,125,127.9,115.3,120.05,15182522
04/10/2018,125.9,129.35,123.55,125.95,9757950
03/10/2018,130.4,132.8,127.5,128.15,15490764
01/10/2018,129.95,131.5,123.35,131.05,19085006
28/09/2018,126,131,121.2,129.6,21043545
27/09/2018,133,133.3,124.75,125.3,18154969
26/09/2018,134,137.15,129.1,132.15,14332293
25/09/2018,129.85,134.35,120.5,132.1,35415879
24/09/2018,144,144.4,128,130.15,18675396
21/09/2018,147.2,151.3,124.1,140,27279412
19/09/2018,152,152.5,144.65,146,12039662
18/09/2018,155.5,157.2,150.1,150.7,9383115
17/09/2018,158.95,158.95,155.05,155.8,7024724
14/09/2018,158,162.5,156.75,161.1,7230858
12/09/2018,157.1,157.7,151.75,155.85,8578633
11/09/2018,162,163.4,156,157,7869023
10/09/2018,167,167,160.2,161.15,5806863
07/09/2018,164.15,169.3,160,168.15,8086256
06/09/2018,167,169.2,162.8,164.7,6681310
05/09/2018,168,171.4,162.3,165.2,7597630
04/09/2018,180.3,180.45,167.55,169.25,9453832
03/09/2018,182.75,184.2,179.55,180.15,3571757
31/08/2018,184,186.45,180.2,181.4,4910065
30/08/2018,185.95,187.05,182.95,183.9,4577652
29/08/2018,184.35,189.35,183.1,185.7,9185504
28/08/2018,181.1,184.6,180.5,183.9,5229718
27/08/2018,181.8,183.55,180.15,180.7,3956677
24/08/2018,184.6,186.25,179.1,180.55,6808372
23/08/2018,186.5,187.8,183,184.6,4279118
21/08/2018,188.5,188.8,185.05,186.35,5382107
20/08/2018,184.4,189.5,184,186.4,16717051
17/08/2018,177.5,182.8,176.5,181.75,5224829
16/08/2018,178.15,178.15,175,176.5,3359141
14/08/2018,174.7,180.65,174.25,179.15,3950787
13/08/2018,175.65,177.4,173.2,174.55,2722490
10/08/2018,181.35,182.1,176.7,177.35,3615848
09/08/2018,175.25,182.4,175.25,180.5,7126221
08/08/2018,176.4,179.3,173.85,174.6,5664217
07/08/2018,180.85,180.95,174.8,176.5,4240702
06/08/2018,182.5,183.5,179,180,3983714
03/08/2018,175.7,183.4,175.7,180.8,10951845
02/08/2018,176.2,177.2,172.4,175,4067404
01/08/2018,176,178.7,174.6,176.2,4051995
31/07/2018,177.95,178.95,173.6,176,4733133
30/07/2018,176.15,180.2,175.25,178.3,5429685
27/07/2018,180.35,180.7,174.7,176.95,7494372
26/07/2018,185.85,185.85,176.45,178.05,8523911
25/07/2018,178.7,185,177.05,184.25,14637799
24/07/2018,172.6,185,171.65,178.9,23546356
23/07/2018,157.7,171.85,156.2,170.9,22388754
20/07/2018,151.8,156.6,150.85,155.6,5870012
19/07/2018,152.3,152.9,148.15,151.15,4455004
18/07/2018,147.35,153.2,145.7,151.55,6735304
17/07/2018,141.95,148.2,141.7,147.3,2941056
16/07/2018,147.25,147.25,140.55,141.7,3942727
13/07/2018,153.35,153.85,146.4,147.25,3931776
12/07/2018,155.3,158.6,151.9,152.75,4533206
11/07/2018,154.4,155.2,152.15,154,1926233
10/07/2018,151.2,155.7,150.65,155.35,3511235
09/07/2018,151,152,149,150.35,3258320
06/07/2018,145.35,152,145,149.85,3514399
05/07/2018,147.25,149.4,145.15,146.45,3486232
04/07/2018,146.65,148.4,146.4,147.25,2156813
03/07/2018,147,148.75,145.15,147.8,3526545
02/07/2018,151.8,152.7,144.6,146.85,5659979
29/06/2018,150,152.95,149.05,151.65,3028744
28/06/2018,151.25,154.9,147.25,148.35,10369438
27/06/2018,156.15,156.6,150.7,152.3,3005445
26/06/2018,155.7,157.9,154.9,155.95,2564143
25/06/2018,161.5,161.5,156.1,156.7,2823577
22/06/2018,160.55,162.2,158.75,161.7,2139097
21/06/2018,164.7,164.7,160.5,160.95,2544020
20/06/2018,162.8,164.45,161.4,163.35,3206354
19/06/2018,163.65,164.25,160.5,162.8,2984220
18/06/2018,165,166.15,163.4,164.4,1144958
15/06/2018,167.75,168.85,164.5,165.05,2457150
14/06/2018,165,168.2,164.45,167.75,2261670
13/06/2018,167.55,169.4,165,165.6,1845397
12/06/2018,167.85,169.4,167.2,167.95,2034578
11/06/2018,169,170.4,167.3,167.75,1753564
08/06/2018,167.05,169.25,165.6,168.7,2201126
07/06/2018,168.05,170.1,166.85,167.25,7168889
06/06/2018,164.55,167.55,163.7,166.9,2616144
05/06/2018,164.9,168.2,161.4,164.1,3251870
04/06/2018,164.4,166.9,162.5,165,3363948
01/06/2018,170.35,170.95,163.35,164.1,2687864
31/05/2018,173.5,174.6,169.05,169.85,2378095
30/05/2018,168.6,173.75,168.6,172.8,2381521
29/05/2018,173.35,174.9,170.25,171.85,3421698
28/05/2018,170.05,174.1,169.5,173.3,2883068
25/05/2018,163,170,162.6,168.7,6142085
24/05/2018,162.85,164.5,159.25,162.9,2828312
23/05/2018,166.15,167.05,162.2,162.65,2042420
22/05/2018,165,168.2,162.8,166,3565355
21/05/2018,172.5,174.6,165.85,166.95,2705917
18/05/2018,178.5,178.95,172.55,173.3,5678755
17/05/2018,174.1,179.65,172.5,177.85,3338020
16/05/2018,173.15,175.85,171.3,174,2841705
15/05/2018,177.65,181.45,173.6,174.6,3598865
14/05/2018,178.2,181.4,178.05,178.8,3262594
11/05/2018,179,179.8,177,178.2,1748573
10/05/2018,182.95,183.9,176.5,178.75,4226204
09/05/2018,180.4,183.35,178.15,182.65,4829450
08/05/2018,177.5,184.1,177.5,180.75,8984280
07/05/2018,178.45,179.6,174.65,177,3498060
04/05/2018,174.8,180.4,173.5,176.35,13220595
03/05/2018,173.8,173.8,168.5,171.75,3617601
02/05/2018,174.4,175.5,172,174.25,4974489
30/04/2018,170.1,173.9,169.8,173.2,3513096
27/04/2018,166.9,169.8,166.2,168.75,2836644
26/04/2018,166.2,167.45,163.7,165.05,3157383
25/04/2018,165.85,169.3,164.55,165.55,3184632
24/04/2018,165.1,168.15,165.1,166.75,3735099
23/04/2018,163.9,166.7,163.6,165.75,3186938
20/04/2018,170,170,163,164.55,5293676
19/04/2018,171.75,172.6,169.25,170,2779268
18/04/2018,175,175.45,170.85,171.65,2787553
17/04/2018,172.7,174.9,171.5,174.1,7635553
16/04/2018,165.05,170.5,164.75,169.75,4134279
13/04/2018,167.7,168.75,164.75,166.15,2194794
12/04/2018,168.95,170.15,165.9,167,2100622
11/04/2018,172.1,172.8,168.2,168.85,4609657
10/04/2018,170.9,172.9,168.95,171.95,3239882
09/04/2018,171.9,173.15,168.05,169.75,2889580
06/04/2018,172.35,173.4,169.5,171.55,4362667
05/04/2018,162.95,172.6,162.7,171.5,6602791
04/04/2018,162.75,165.75,159.6,161.6,3967066
03/04/2018,161.65,163.1,159.65,162.75,1961152
02/04/2018,158,161.3,157.05,160.45,2478507
28/03/2018,158,159,156.1,157.1,2732268
27/03/2018,157.7,160.4,157.25,159.25,2457672
26/03/2018,153,156.9,151.9,156.05,2291384
23/03/2018,151.8,154.4,151.35,153.75,3473189
22/03/2018,156.25,156.6,153.75,155.25,2663234
21/03/2018,154.4,157.5,154.05,156.3,3411303
20/03/2018,155.15,159.25,151.1,153.6,6232154
19/03/2018,160.5,161.15,156.45,157.3,3439129
16/03/2018,162.5,163.3,158.75,160.45,3670100
15/03/2018,162.2,163.9,161.45,162.05,3759345
14/03/2018,164.35,164.35,160.55,162.5,3535421
13/03/2018,163.1,165.75,161.6,164.6,3538125
12/03/2018,161.95,163.25,158.5,162.5,3518650
09/03/2018,158.85,163.9,158.85,160,5830204
08/03/2018,161.2,162.05,154.9,158.6,5300375
07/03/2018,159.05,159.75,154.5,157.8,5915720
06/03/2018,162.25,163.3,158.5,159.7,2964624
05/03/2018,163,164.4,159.4,161.15,4460475
01/03/2018,161.55,164.4,161.55,162.5,1753008
28/02/2018,163.75,164.2,161.1,162.3,2860386
27/02/2018,168.8,168.85,165,165.6,3133841
26/02/2018,163.9,168.95,162.15,168.15,3246682
23/02/2018,159.45,163,159.2,162.2,2591635
22/02/2018,156.65,160.5,156.25,158.7,8390779
21/02/2018,159.7,160.3,155.15,158.1,2690900
20/02/2018,159.5,160.95,158,158.55,3052139
19/02/2018,161.95,162.2,157.5,159.15,5437998
16/02/2018,167.5,169.35,159.7,160.55,4903134
15/02/2018,171,171.8,164.5,166.1,5007231
14/02/2018,167,172.8,166.3,169.8,4457219
12/02/2018,166.9,168.4,163,166.45,4441247
09/02/2018,159.05,165.9,159.05,163.5,4285346
08/02/2018,159,164.85,158,163.2,6601230
07/02/2018,162.5,163.5,156,157.3,5244194
06/02/2018,149,161.65,147.55,159.35,11701257
05/02/2018,151.55,159.8,144.35,158.4,9835428
02/02/2018,169.6,169.8,154.85,157.7,9112430
01/02/2018,173.15,175.5,168.35,171.05,4187437
31/01/2018,175,177.65,170.5,172.6,5245741
30/01/2018,176.25,177.8,174.4,176.05,3534528
29/01/2018,179.45,180.35,176.1,177.95,4998175
25/01/2018,180.1,181.9,175.1,176.65,13723122
24/01/2018,179.7,180.55,176.8,179,4669393
23/01/2018,178.55,180.9,176.45,179.65,7156394
22/01/2018,172.9,178.8,171.4,178.3,6348380
19/01/2018,172,172.75,169.55,172.25,2484342
18/01/2018,175,177,170.1,171.1,9428507
17/01/2018,172.25,174.85,168.25,173.65,3828321
16/01/2018,179.7,181.25,172.35,173.8,4574298
15/01/2018,181.9,182.95,177.6,178.9,3700373
12/01/2018,182.7,182.7,176.9,180.8,3267189
11/01/2018,181,183,180,181.7,3296323
10/01/2018,182.95,185.7,180.2,181.3,5408651
09/01/2018,185.2,185.3,180.55,183.05,5977546
08/01/2018,177,184.5,176.1,183.8,8704092
05/01/2018,173.2,175.85,173.05,175.15,4094056
04/01/2018,170.95,173.1,170.2,172.4,4408258
03/01/2018,171.2,173.3,169.6,170.05,3621694
02/01/2018,173.2,174.45,169,170.75,3173150
01/01/2018,174,176.2,172.2,172.9,2468910
29/12/2017,173.4,174.85,172,174,3640753
28/12/2017,176.75,177.55,172.35,173.45,5734158
27/12/2017,179.4,180.7,175.4,176.75,2550638
26/12/2017,178.95,180.1,178.1,179.45,1856233
22/12/2017,181,182.45,177.25,178.75,4641562
21/12/2017,178.9,181.3,177.25,180.6,5733567
20/12/2017,178,179.95,176.65,178.65,5550688
19/12/2017,172.4,178,171.8,177.4,16092929
18/12/2017,167,173.8,160.8,170.8,7501684
15/12/2017,167,170.25,165.9,167.95,5519419
14/12/2017,164.8,165.25,159.8,163.6,4683141
13/12/2017,165.1,166.5,163,163.45,4669689
12/12/2017,171.4,171.4,165.7,166.05,3290862
11/12/2017,172,173.05,170.45,171.4,2262736
08/12/2017,173.7,174.3,170.75,171.7,3290508
07/12/2017,168.35,173.2,168.35,172.3,4707016
06/12/2017,170.8,172.9,166.5,167.95,6491292
05/12/2017,164,171.5,161.5,170.8,8777702
04/12/2017,168.6,169.25,163.25,164.55,4609540
01/12/2017,173.8,174.25,166.55,167.6,6461916
30/11/2017,175.1,177,171.7,172.6,15979398
29/11/2017,179.1,179.4,175,175.6,3834047
28/11/2017,179,181.2,178,178.85,4659444
27/11/2017,177.1,179.55,177,178.7,2199934
24/11/2017,180.4,182.1,177.35,177.85,4104438
23/11/2017,178.5,182.15,177.6,180.25,8659696
22/11/2017,179,180.1,176.85,178.3,4588327
21/11/2017,183.9,183.9,177.75,178.5,89036196
20/11/2017,190.5,190.5,187.05,187.95,1696871
17/11/2017,191,192.25,189.2,190.15,3400038
16/11/2017,183.45,187.9,183.2,186.55,4097819
15/11/2017,182.6,185.7,181.2,183.05,3180332
14/11/2017,180.3,186.8,179.1,184.65,5152655
13/11/2017,188.8,188.8,180.6,181.85,3572150
10/11/2017,187.55,190.5,185.2,187.35,3218619
09/11/2017,191.9,193,184.85,188.4,5554941
08/11/2017,193,194.35,189.5,190.8,3226852
07/11/2017,195.25,195.7,189.25,192.4,5730389
06/11/2017,198.8,200.5,194.15,195.4,3076858
03/11/2017,199.15,200.7,197.35,198.65,2744575
02/11/2017,201,202.5,197.05,198.65,2760788
01/11/2017,202.5,203.3,200,200.8,2727570
31/10/2017,201.4,202.3,198.6,201.15,3380259
30/10/2017,199.95,202.95,199,201.05,4375434
27/10/2017,202.4,202.4,197.45,198.5,4930524
26/10/2017,196.5,203.25,193,196.2,14030330
25/10/2017,213,213.25,190.65,195.2,15065258
24/10/2017,210,213.85,208.55,211.5,5732266
23/10/2017,205,210.4,205,209.6,4577181
19/10/2017,207,207.65,203.45,204.95,935335
18/10/2017,205.85,208,205.15,207.45,3360354
17/10/2017,204.1,207.8,203.35,205.9,4915329
16/10/2017,205,206.25,203,203.75,2634564
13/10/2017,203.2,206.7,202.2,204.6,5515114
12/10/2017,200,203.7,200,203.1,3970677
11/10/2017,203.9,204.9,197,199.65,6294804
10/10/2017,197.25,203.3,197.25,202.75,6023220
09/10/2017,197.3,198.8,195.35,197.05,2975380
06/10/2017,194.7,200.45,194.1,197.45,8941249
05/10/2017,194.95,196.5,191.95,193.4,4229646
04/10/2017,194.55,196.9,193.55,194.65,3572480
03/10/2017,197.8,198.9,193.65,194.35,4280605
29/09/2017,192.25,196.95,192,195.1,6339353
28/09/2017,188,191.5,184.75,190.35,7890551
27/09/2017,197.7,198.35,187,188.1,8131771
26/09/2017,191,198.2,189.8,196.35,8377241
25/09/2017,202.35,202.35,189,192.7,13918060
22/09/2017,209.5,210.35,201.5,202.5,9692752
21/09/2017,207.55,212.9,204.05,211.15,8048872
20/09/2017,209.25,209.95,207.05,207.55,3264310
19/09/2017,209.9,211.8,208.45,209,4614393
18/09/2017,209.1,211.95,208.3,209.85,6602176
15/09/2017,204,209.25,200.3,207.35,14733090
14/09/2017,203,204.65,199.55,201.6,3633745
13/09/2017,203.1,206.4,201.6,202.3,4429845
12/09/2017,204.8,205.25,201.25,202.9,4791867
11/09/2017,204.55,205.7,201.65,203.65,3836039
08/09/2017,207.5,207.8,201.5,202.4,6350844
07/09/2017,207.35,208.85,205.75,206.45,6157573
06/09/2017,205,208.35,203.5,206.1,12250251
05/09/2017,196,206.2,195.75,204.8,11261174
04/09/2017,198.1,199.7,192.25,195.4,6255206
01/09/2017,200.5,202.9,198.05,198.65,6994476
31/08/2017,198,202.85,196.2,200.3,12794851
30/08/2017,192,198.9,192,197.1,16613568
29/08/2017,188.45,195.45,186.45,189.65,20263224
28/08/2017,175.9,189.4,175.6,188.05,14135663
24/08/2017,173.9,175.5,172.35,174.85,2899498
23/08/2017,170.55,174,170.1,173.35,3368752
22/08/2017,172.6,174.2,167.5,169.45,3806438
21/08/2017,177,177.7,170.35,171.9,3005800
18/08/2017,174.75,176.5,172.15,175.8,3489414
17/08/2017,177,178.25,174.75,175.7,3368022
16/08/2017,174,177.35,171.6,176.5,5370263
14/08/2017,167,172.9,166.4,172.2,4510781
11/08/2017,162,168,158.55,163.8,7107628
10/08/2017,171,172.4,160.45,165.15,6599252
09/08/2017,174.35,176.7,170.7,172.15,4403356
08/08/2017,176.95,178.7,172.45,175.4,6120329
07/08/2017,175.65,178.25,174.55,176.4,3878232
04/08/2017,169.75,174.5,169.5,174,3474367
03/08/2017,175,175.2,169.4,170.9,3990422
02/08/2017,174.35,176.7,172.5,175.35,4722032
01/08/2017,175,175.8,172.25,173.45,3314173
31/07/2017,168.4,175.8,166.85,175,11666200
28/07/2017,160.95,171.3,159.9,170.4,14165613
27/07/2017,167,167.45,160.55,161.2,15970055
26/07/2017,155.5,165,153.35,161.15,13060903
25/07/2017,154.5,155.9,153.35,155.4,3858633
24/07/2017,153.75,154.65,152.85,154,1861211
21/07/2017,153.9,153.9,150.35,152.9,2519835
20/07/2017,152.1,154.95,151.3,152.8,6726335
19/07/2017,148.4,151.3,148.4,150.3,2686754
18/07/2017,150.1,150.85,141.1,147.95,5294359
17/07/2017,150.3,150.75,147.8,149.05,3302023
14/07/2017,151.4,151.95,147.95,149.6,2290401
13/07/2017,150,153.7,149.1,151.4,4738129
12/07/2017,148.25,150.4,147.15,149.4,2099586
11/07/2017,149.2,150.55,146.7,148.1,2120731
10/07/2017,149.7,151,148.35,149.5,443323
07/07/2017,148.95,149.65,147.1,148.2,1879585
06/07/2017,149.1,151.5,148.6,149.3,3808467
05/07/2017,149.1,150,148,149.1,4201713
04/07/2017,144.5,149.4,143.4,148.45,4660061
03/07/2017,144,145.45,143.4,144.3,1799305
30/06/2017,142.9,146.05,140.15,144.3,4375409
29/06/2017,142.55,144.8,141.75,143.25,5964611
28/06/2017,136.1,141.85,134.6,141.15,4897216
27/06/2017,140.4,140.9,135,136.55,2697836
23/06/2017,145,145.35,138.35,140.4,4935150
22/06/2017,146.45,150.15,144,145.25,4815799
21/06/2017,146.5,147.9,145.75,146.35,2745318
20/06/2017,147.4,149.3,145.9,147.1,3700454
19/06/2017,148,148.7,145.35,147.4,4345985
16/06/2017,142.6,147.5,142.5,146.85,10809330
15/06/2017,138.05,143.3,138,141.2,9291358
14/06/2017,132.8,138,131.3,137.25,4657035
13/06/2017,131.45,134.5,131.2,132.8,2647552
12/06/2017,132.8,133.5,130.35,131.2,2178790
09/06/2017,131,134.35,130.15,133.8,3221042
08/06/2017,132.45,132.9,130.5,131,2286960
07/06/2017,130.55,132.9,130.1,132.25,2668221
06/06/2017,132.9,134.2,129.3,130.4,4694445
05/06/2017,129.25,132.65,128.3,132.15,4086184
02/06/2017,127.9,129.3,126.4,128.3,2896614
01/06/2017,128.1,128.85,126.6,127.4,2172449
31/05/2017,127.25,129.6,126.55,128.45,2236298
30/05/2017,127.1,128.2,125.55,126.6,2490472
29/05/2017,131.45,131.85,125.5,127.3,2611406
26/05/2017,128.95,131.65,128.15,130.85,2544985
25/05/2017,125.75,130.8,124.35,128.7,3060700
24/05/2017,127.7,128.65,123.25,124.6,3449291
23/05/2017,124.2,129.45,119.35,126.7,7408213
22/05/2017,128.5,128.5,123,123.75,2191466
19/05/2017,129.9,131.75,126,126.8,2562742
18/05/2017,131.8,132.45,128,129,2495524
17/05/2017,134.7,134.7,132.2,132.8,1194422
16/05/2017,133.9,135,133.5,134.55,1729885
15/05/2017,131.4,134.2,131.05,133.45,2194489
12/05/2017,133.45,133.5,130.25,131.25,2060670
11/05/2017,135,135.35,133,133.5,1645593
10/05/2017,135,136.6,134.2,134.6,2304765
09/05/2017,136.25,136.5,133.9,134.3,2045478
08/05/2017,134.7,137,133.45,135.95,2945334
05/05/2017,138.05,140.4,132.45,133.45,11930678
04/05/2017,134.3,136.9,133.8,135.85,5167972
03/05/2017,134.75,135.8,132.1,134.15,4072391
02/05/2017,128.4,134.5,127.6,134.05,7909208
28/04/2017,127.55,128.25,126.5,127.6,1604152
27/04/2017,126.95,129.15,126.5,127.55,2787268
26/04/2017,128.95,129.35,125.5,127.45,2998582
25/04/2017,129.25,129.7,128.1,128.6,2536876
24/04/2017,127.95,129.4,127.1,128.25,3439490
21/04/2017,127.7,128.9,125.8,126.45,2797195
20/04/2017,126,128.2,125.95,127.2,3017663
19/04/2017,123.85,126.65,123.1,125.65,3938980
18/04/2017,123.85,129.4,122.65,123.85,10446975
17/04/2017,121.25,123.65,120.75,123.15,1713947
13/04/2017,124,124,121,121.55,1908830
12/04/2017,126,126.25,122.65,124.15,3301264
11/04/2017,122.15,126,121.85,125.1,4306819
10/04/2017,121,122.7,119.15,122.25,2327505
07/04/2017,122.8,123.45,120.2,120.8,3097966
06/04/2017,123.9,125,122.35,123.2,4473555
05/04/2017,123.5,125.1,123,123.9,2524567
03/04/2017,122.65,124.6,122.65,123.5,2446127
31/03/2017,123.4,125.5,121.45,123.65,5699040
30/03/2017,123.5,124.2,122.35,123.4,4860319
29/03/2017,122,123.4,121.4,122.95,2691614
28/03/2017,121,122.7,114.2,121.85,3618738
27/03/2017,120.5,121.5,119.3,120.25,2399806
24/03/2017,121.55,122.55,120.7,120.95,2372587
23/03/2017,122,122.75,121,121.55,3450821
22/03/2017,121.35,122.9,121.05,121.9,2041610
21/03/2017,122.5,123.95,122.25,122.85,2528813
20/03/2017,121.95,123.4,121,122.55,7991254
17/03/2017,122.5,124,120,121.55,3838760
16/03/2017,121.75,123,121.5,122.2,3594823
15/03/2017,121.55,122.85,120.5,121.05,4093401
14/03/2017,119.75,122.5,119,121.55,7586414
10/03/2017,118,119.85,116.7,117.35,2862140
09/03/2017,119.55,120.15,118.5,118.95,3280570
08/03/2017,120.3,121.4,118.25,120.2,9938901
07/03/2017,116,120.2,114.85,119.65,6623257
06/03/2017,115.8,116.45,114.65,115.8,1729536
03/03/2017,113.15,115.8,112.55,115.3,2287607
02/03/2017,116.85,118.25,112.3,113.15,4359154
01/03/2017,117.2,117.8,115.7,116.1,2767935
28/02/2017,116.5,117.4,115.9,116.45,2206460
27/02/2017,116.1,118.45,115.45,115.9,5608668
23/02/2017,117.05,118.4,115.6,116.35,4864240
22/02/2017,117.45,119.6,116,117.05,6440885
21/02/2017,118.2,118.9,116.25,117.5,3237356
20/02/2017,117,118.7,116.65,118.2,3880912
17/02/2017,115.2,117.8,114.45,117.45,9594764
16/02/2017,110.3,115,108.7,114.4,7203683
15/02/2017,112.45,113.5,108.85,110.05,5723696
14/02/2017,109.9,113.2,109.3,112.45,6994751
13/02/2017,110.5,110.9,107.25,109.9,5606584
10/02/2017,107.5,110.4,106.5,109.75,7954588
09/02/2017,108.95,109.8,104.55,107.1,7099489
08/02/2017,103.95,109.4,103.7,108.3,9137026
07/02/2017,103.5,105.25,102.65,103.75,3064455
06/02/2017,105,105.8,104.25,104.65,4461256
03/02/2017,102.8,105.35,102.55,104.7,8288494
02/02/2017,103,104.25,101,102.55,8270278
01/02/2017,98.5,103.75,97.2,103,11286169
31/01/2017,100,100.4,97.2,97.55,3924663
30/01/2017,101.1,101.3,99.4,100.15,3756028
27/01/2017,101.95,102.2,100.2,101.1,5820204
25/01/2017,99.5,101.9,98.45,101,12266909
24/01/2017,95.1,99.2,94.55,98.15,10126232
23/01/2017,94.7,95.25,93.2,94.35,3176500
20/01/2017,96.9,97,93.95,94.2,2471741
19/01/2017,97,97.9,95.9,97.05,2593538
18/01/2017,97,97.8,96.4,96.9,3118443
17/01/2017,96.2,97.4,95.7,96.75,4401802
16/01/2017,94.7,96.25,94.1,95.45,3890126
13/01/2017,96.3,96.5,94.15,94.75,3985551
12/01/2017,96.8,97.35,95.35,95.85,2209314
11/01/2017,97,97.45,96.2,96.6,3080658
10/01/2017,96.75,97.25,95.5,96.4,4604280
09/01/2017,93.1,96.1,92.65,95.7,6048796
06/01/2017,93.8,94.8,92.35,92.85,4853692
05/01/2017,92.45,94.1,91.7,93.35,5357643
04/01/2017,89.3,92.45,89.1,91.35,7382566
03/01/2017,88.6,89.7,88.05,89,2678560
02/01/2017,88.25,89,87.15,88.35,4273730
30/12/2016,85.6,88.7,85.6,87.6,7209842
29/12/2016,83.85,85.25,82.85,84.75,4882624
28/12/2016,84.4,85.85,83.4,83.8,3305451
27/12/2016,82,84.2,80.95,84,3594170
26/12/2016,83.55,83.9,81.45,81.75,1977493
23/12/2016,83.15,85.4,82.5,84.35,3601375
22/12/2016,82,83.5,81.4,83.05,3480523
21/12/2016,82.9,83.7,81.7,82.25,3454624
20/12/2016,84.95,85.35,81.1,82.5,6645329
19/12/2016,86,86.05,84.55,84.95,3966855
16/12/2016,86.3,87.05,85.45,85.95,1600667
15/12/2016,84,87.2,84,86.45,2967919
14/12/2016,86.35,86.65,85.15,85.4,2222367
13/12/2016,86.15,86.5,85.1,85.9,2052020
12/12/2016,88.7,88.8,86,86.6,2261402
09/12/2016,88,90,87.25,89.15,3163353
08/12/2016,86.2,88.2,86.2,88.05,3357078
07/12/2016,86.25,86.95,84.6,85.55,3509164
06/12/2016,86,86.9,85.7,86.1,1965418
05/12/2016,83.35,85.95,83.15,85.45,3256209
02/12/2016,86.8,86.95,83.75,83.95,5214471
01/12/2016,89.85,90,86.8,87.4,3839088
30/11/2016,89,90.15,88,89.35,4867017
29/11/2016,87.7,90.5,87.5,88.25,5237407
28/11/2016,88.15,88.75,86.8,87.2,4345789
25/11/2016,83.8,89,83,88.65,8150333
24/11/2016,84.5,85.3,82.4,82.9,5382695
23/11/2016,84.85,85.7,83.6,85.15,3697704
22/11/2016,83.6,84.8,81.8,84,4075012
21/11/2016,87.85,87.85,82.25,82.75,5786773
18/11/2016,86.4,87.7,84.65,86.6,6107957
17/11/2016,84.6,87.75,84.05,85.25,6203443
16/11/2016,86.3,88.7,82.45,84.15,11572427
15/11/2016,94,94.35,81.55,84.75,14364273
11/11/2016,99,100.1,94.1,94.7,7217534
10/11/2016,103,104.35,100,100.45,5498042
09/11/2016,94.05,101.95,92.2,100.55,16490657
08/11/2016,104.5,104.75,102.2,103.85,3690163
07/11/2016,102.8,105,102.65,103.25,3054848
04/11/2016,103.65,103.75,98.7,101.1,8076764
03/11/2016,104,105.75,102.15,103.05,4684684
02/11/2016,106.15,106.6,103.8,104.3,5312516
01/11/2016,108.15,109.15,106.9,107.75,11847285
30/10/2016,107.9,108.3,107.5,107.8,1873143
28/10/2016,105.7,107.45,105.6,106.95,5947175
27/10/2016,104.75,107.95,103.25,105.65,11457513
26/10/2016,104.25,107.45,101.75,104.75,25317971
25/10/2016,102.3,103.6,100.8,102.85,5614952
24/10/2016,102,103.4,101,101.75,4604270
21/10/2016,102,103.15,100.3,102.15,6819409
20/10/2016,101.95,102.6,101.15,101.75,5135670
19/10/2016,101,102.9,100.15,101.2,17847227
18/10/2016,99.4,101.85,98.85,100.75,14906228
17/10/2016,101,101.25,97.1,98.8,11012421
14/10/2016,93.1,100.15,92.4,99.3,15859963
13/10/2016,93.8,94.25,90.25,92.55,8109305
10/10/2016,94.75,95.6,93.3,93.8,3151474
07/10/2016,95,95.85,93.6,93.95,2851540
06/10/2016,96.95,97.55,94,94.9,6374438
05/10/2016,94.1,97.45,92.65,96.55,10707985
04/10/2016,93,94.35,92.85,93.75,4942117
03/10/2016,92,93.45,91.75,92.8,4307288
30/09/2016,86.85,92.75,86.05,91.65,12077560
29/09/2016,93,94.7,84.45,85.65,16439547
28/09/2016,91.4,93.1,91.1,92.6,5790898
27/09/2016,92.3,93.4,90.05,90.8,2809758
26/09/2016,92.8,93.6,91.35,92.05,2926606
23/09/2016,94.15,94.65,92.9,93.2,2318762
22/09/2016,92.75,94.6,92.1,94.15,4189562
21/09/2016,92.05,92.9,91.05,91.65,3479712
20/09/2016,92.5,93.3,91.5,91.7,2357615
19/09/2016,92.55,93.55,92.25,92.95,1757389
16/09/2016,94.35,95.2,91.4,92.45,4160766
15/09/2016,91.2,94.1,91.1,93.7,7220505
14/09/2016,89.2,91.35,87.2,91.1,6275112
12/09/2016,92.8,92.8,88.25,89.1,7090680
09/09/2016,97.45,97.75,94.3,94.75,3748461
08/09/2016,97.75,98.9,97.2,97.45,3125023
07/09/2016,97.7,99.2,97.1,97.45,5759082
06/09/2016,97.5,98.45,96.6,97.45,3710797
02/09/2016,97.2,97.8,96.5,97.1,3035024
01/09/2016,96.8,98.85,96.5,97.05,6606543
31/08/2016,95.4,97.95,94.9,96.95,7997370
30/08/2016,95.15,96.5,95.1,95.35,3551231
29/08/2016,93.9,95.45,92.65,94.8,4644251
26/08/2016,94.45,95.5,91.15,93.8,10566450
25/08/2016,94.9,96.5,93.6,94.9,22292665
24/08/2016,94.85,95.85,94.2,94.9,5655388
23/08/2016,94.1,95.2,93.6,94.95,5609019
22/08/2016,94.45,95.4,93.55,94.1,3764581
19/08/2016,93.8,95.35,93.65,94.3,5236113
18/08/2016,93.75,94.8,93.1,93.8,5183743
17/08/2016,92.75,94.4,91.6,93.45,10899043
16/08/2016,90.3,92.95,88.35,92.45,8217945
12/08/2016,89.3,93.1,89.2,90.3,18741647
11/08/2016,88.9,90.2,86.9,90,9255250
10/08/2016,89.75,90,87,88.5,6106240
09/08/2016,91.9,92.5,88.7,89.4,13132627
08/08/2016,87.55,91.5,87.1,91,12135258
05/08/2016,86.5,87.8,86.2,87,2849607
04/08/2016,87.8,88.3,85.35,86.15,4239828
03/08/2016,88.1,88.55,85.8,87.45,5959428
02/08/2016,87.45,89.25,86.2,88.35,10090103
01/08/2016,86.35,89.75,84,88.25,16502900
29/07/2016,88,88.25,85.85,86.05,5983218
28/07/2016,85.85,88.4,84.5,87.7,17873628
27/07/2016,78.95,85.65,78.6,85.1,19532038
26/07/2016,76.9,81,76.2,78.4,12345118
25/07/2016,77.7,77.9,75.3,76.75,3294113
22/07/2016,74.6,78,73.5,76.9,11541357
21/07/2016,76.2,76.4,74.6,74.85,1860836
20/07/2016,75.35,76.25,75.05,76,1865856
19/07/2016,75.2,76.1,74.8,75.2,1709242
18/07/2016,76.1,77.25,75,75.35,1893448
15/07/2016,77.35,77.35,75.75,75.95,1769794
14/07/2016,76,77.5,75.7,77.15,2237836
13/07/2016,78.3,78.5,75.45,75.9,2412078
12/07/2016,78.35,78.8,77.65,78.25,1873726
11/07/2016,77.9,78.95,77.85,78.2,2485591
08/07/2016,77.6,77.7,76.05,76.9,1746730
07/07/2016,78.45,79.2,77.15,77.4,3126842
05/07/2016,80.35,81.1,77.95,78.25,3642932
04/07/2016,80.75,81.35,79.9,80.25,3239759
01/07/2016,80,81.65,79.45,80.2,7041199
30/06/2016,77.8,79.7,77.5,78.95,4752938
29/06/2016,77.95,78.35,77.1,77.45,3668379
28/06/2016,74.9,77.65,74.65,77.45,5182085
27/06/2016,72.85,75.55,72.4,74.9,2950286
24/06/2016,73.1,73.7,70.1,72.95,3073305
23/06/2016,75.45,75.8,74.7,75.2,1358051
22/06/2016,76.4,76.7,75.2,75.55,1349447
21/06/2016,77.3,77.3,75.95,76.25,1225444
20/06/2016,75.5,77.3,75.15,76.95,1606821
17/06/2016,76.9,77.2,75.9,76.2,2036728
16/06/2016,77,77.7,75.5,76.4,2419970
15/06/2016,77.05,77.95,76.7,77.2,1867404
14/06/2016,77.05,77.55,76.3,76.6,2060634
13/06/2016,77.1,77.1,75.6,76.65,1929657
10/06/2016,77.9,79,77.2,77.85,2555339
09/06/2016,78.85,79.35,77.25,77.95,2554491
08/06/2016,77.55,78.8,77.15,78.35,2264164
07/06/2016,77,78.4,76.45,77.35,2915778
06/06/2016,78.25,78.45,76.65,76.85,2169767
03/06/2016,78.5,80.55,77.35,77.85,6885322
02/06/2016,77.3,78.7,76.9,78.3,2866194
01/06/2016,79.35,80.75,77.15,77.7,6323948
31/05/2016,78.55,79.65,77.5,78.8,8907564
30/05/2016,74,78.85,72.95,77.8,11510323
27/05/2016,74,74.95,73.5,73.75,3111473
26/05/2016,72.9,74.1,72.2,73.75,4337183
25/05/2016,73,73.1,71.75,72.3,2456270
24/05/2016,71.35,72.35,71.25,72.05,1722728
23/05/2016,71.75,72.3,71.1,71.35,1670673
20/05/2016,71.2,72.35,71,71.35,2567175
19/05/2016,71,73.5,70.2,71.1,4068543
18/05/2016,70.65,71.4,70.45,71.05,2208268
17/05/2016,72.5,72.7,71.1,71.35,2629780
16/05/2016,73.1,73.2,71.15,72.1,2364261
13/05/2016,73.65,73.9,72.4,72.7,2500178
12/05/2016,74.6,75,73.8,74.15,2400275
11/05/2016,73.1,75.15,73.1,74.1,2759418
10/05/2016,74,76.15,73.8,75.25,5620820
09/05/2016,73.9,74.75,73.55,73.95,2395748
06/05/2016,73.6,74,72.85,73.35,2987330
05/05/2016,73.15,74.3,72.6,73.2,3101629
04/05/2016,73,75,72.2,73.1,5805538
03/05/2016,76.4,77,72.9,73.35,12386181
02/05/2016,71.65,76,70.95,75.35,17969851
29/04/2016,70.65,72.35,69.3,71.65,3020185
28/04/2016,71.6,72.8,70.2,70.55,4204968
27/04/2016,71.45,72.9,71.3,71.7,4179198
26/04/2016,68.9,71.5,68.2,71.1,4819713
25/04/2016,70,70,68.5,69.1,3236687
22/04/2016,71.5,71.75,69.75,69.9,2596547
21/04/2016,72.45,72.8,71.25,71.55,2437362
20/04/2016,72.8,72.8,71.05,72.1,3130869
18/04/2016,72.75,74.35,71.65,72.4,5010556
13/04/2016,74.35,74.9,72.75,73.05,5581642
12/04/2016,72.45,74.25,71.65,73.65,6529643
11/04/2016,73,73.35,70.8,72.7,4521241
08/04/2016,70.1,73.3,69.7,72.85,5690922
07/04/2016,71.7,71.7,69.1,69.85,3894919
06/04/2016,70,72.15,70,71.45,9548594
05/04/2016,64.65,71.1,64.1,69.45,14462861
04/04/2016,65.75,66.05,64.25,64.95,1221783
01/04/2016,63.75,66.6,63.55,65.65,2952951
31/03/2016,63.4,64.25,62.85,63.85,4168396
30/03/2016,62.75,65.7,62.7,63.35,1716185
29/03/2016,63.15,63.6,61.3,62.55,2854303
28/03/2016,63.1,64.1,62.7,63.05,2893484
23/03/2016,63.35,64.45,62.6,63.1,2492112
22/03/2016,61.9,64.05,61.2,63.35,4568713
21/03/2016,57.1,62.55,56.8,61.55,5904221
18/03/2016,56.9,57.05,56.1,56.9,1543140
17/03/2016,56.3,57.1,56.05,56.25,1183710
16/03/2016,55.7,56.15,54.9,55.9,1135863
15/03/2016,54.95,55.95,54.65,55.45,1100569
14/03/2016,54.9,55.25,54.5,54.85,698960
11/03/2016,54.6,55.35,54.2,54.6,570979
10/03/2016,54.95,55.5,54.5,54.85,602042
09/03/2016,54.7,55.15,54.2,54.9,904083
08/03/2016,55.9,55.9,54.15,54.85,1345303
04/03/2016,54.4,55.9,53.05,55.35,2247943
03/03/2016,53.35,54,53,53.75,928245
02/03/2016,52.7,53.7,52.7,53.1,1009760
01/03/2016,51.25,52.6,51.1,52.35,1182147
29/02/2016,51.1,51.5,50.1,51,1109616
26/02/2016,50.85,51.2,50.25,50.7,1517899
25/02/2016,51.5,51.9,50.2,50.5,4546098
24/02/2016,50.8,51.85,50.7,51.45,1055295
23/02/2016,52,52.2,51,51.2,823468
22/02/2016,51.5,52.55,51.25,51.85,1247044
19/02/2016,51.2,51.65,50.75,51.35,653480
18/02/2016,51.45,52.35,50.4,51.2,988572
17/02/2016,50.6,51.4,48.95,51,1195847
16/02/2016,52.7,52.8,50.55,50.75,917862
15/02/2016,50.65,52.3,50.55,52,1322181
12/02/2016,52.7,52.7,48.25,49.65,2972849
11/02/2016,54,54.6,50.9,51.35,1998274
10/02/2016,55.25,55.8,53.85,54.35,1381799
09/02/2016,55.4,55.8,54.9,55.55,876211
08/02/2016,55.7,56.4,55.25,55.65,884988
05/02/2016,55.65,55.95,54.55,55.15,1696969
04/02/2016,56.9,57.75,55.15,55.45,2008173
03/02/2016,57.35,57.35,55.85,56.2,1226004
02/02/2016,58.3,58.7,57.3,57.5,1360238
01/02/2016,58.75,59,57.85,57.95,1314326
29/01/2016,58.25,58.7,57.5,58.35,1108759
28/01/2016,58.95,59.7,57.55,58.4,3075371
27/01/2016,58.6,59.4,57.9,58.9,3431943
25/01/2016,58.6,59.5,57.85,58.45,2478347
22/01/2016,57.8,59,56,58.15,4488105
21/01/2016,56.3,57.15,55.5,56.35,1382678
20/01/2016,57.8,57.85,55.05,56,2703585
19/01/2016,57.05,58.8,56.65,58.25,1135153
18/01/2016,58.85,59.3,55.55,56.7,2424043
15/01/2016,61.15,61.75,58.55,58.85,1410158
14/01/2016,61.3,61.7,60.15,61,1023056
13/01/2016,63.2,63.6,60.6,61.75,1431526
12/01/2016,64.1,64.35,62.75,62.95,1217796
11/01/2016,63.75,64.5,63.4,63.95,1129974
08/01/2016,64.65,64.8,63.75,64.2,830232
07/01/2016,64.95,65,63.6,63.9,1755544
06/01/2016,65.6,66.4,65.1,65.35,1335053
05/01/2016,65,65.8,64.95,65.4,780072
04/01/2016,65.4,66.85,64.75,64.95,1656456
01/01/2016,65.35,66.05,65.15,65.85,730099
31/12/2015,65.25,65.85,65,65.15,4529452
30/12/2015,66.05,66.09,65.15,65.25,910242
29/12/2015,65.95,66.4,65.65,65.84,1630795
28/12/2015,67.2,67.34,65.55,65.7,1541428
24/12/2015,64.75,67.34,64.55,66.55,1713043
23/12/2015,64.9,65.2,64.65,64.7,863531
22/12/2015,65.45,65.7,64.55,64.7,1096159
21/12/2015,65.8,65.84,65.25,65.45,1053407
18/12/2015,65,65.55,64.8,64.9,1006702
17/12/2015,64.59,65.59,64.59,65.34,1178083
16/12/2015,64.65,65.2,64.4,64.5,720340
15/12/2015,64.5,64.84,64.15,64.65,513152
14/12/2015,63.55,64.9,63.55,64.45,897436
11/12/2015,65.4,65.65,63.85,64.2,1160114
10/12/2015,65.3,65.45,64.59,65.25,1005517
09/12/2015,67.3,67.75,64.9,65.09,1744279
08/12/2015,67.65,68.2,67,67.55,2973685
07/12/2015,68.59,68.95,68,68.3,1898556
04/12/2015,67.3,68.84,67.2,68.4,3905686
03/12/2015,65.5,68,65.3,67.2,1862961
02/12/2015,66.4,66.8,65.2,65.45,926289
01/12/2015,66.59,67.2,66.25,66.4,737580
30/11/2015,66.3,67.09,66.09,66.7,948338
27/11/2015,65.9,66.7,65.8,66.25,1143580
26/11/2015,66.09,66.5,65.75,66,2105059
24/11/2015,65.2,66.65,64.75,66.09,1436044
23/11/2015,65.7,66.09,65.09,65.2,1239843
20/11/2015,65.3,66.05,65.2,65.5,965976
19/11/2015,65.3,65.5,65,65.2,813867
18/11/2015,65.59,65.84,65,65.05,864647
17/11/2015,66,66.34,65.45,65.59,690645
16/11/2015,65.4,66.3,64.34,65.8,1225081
13/11/2015,65.15,65.2,64.34,64.75,590539
11/11/2015,65.25,65.59,65.09,65.45,384831
10/11/2015,66.34,66.5,64.09,64.95,1854386
09/11/2015,63.35,65.8,62.55,65.4,1127254
06/11/2015,66.2,66.34,65,65.09,953096
05/11/2015,66.65,66.84,66,66.09,781053
04/11/2015,66.5,67.9,66.3,66.75,2136754
03/11/2015,66.8,66.8,66.05,66.15,607078
02/11/2015,66.7,66.9,66.09,66.34,800584
30/10/2015,67.4,67.9,66.59,66.84,1016990
29/10/2015,67.65,67.95,66.9,67.15,2142093
28/10/2015,67.8,68.34,67.3,67.59,1114712
27/10/2015,67.8,68.15,67.5,67.8,934104
26/10/2015,69.45,69.65,67.75,67.9,1863194
23/10/2015,69.4,69.7,68.34,68.55,862445
21/10/2015,69.2,70.09,68.59,68.9,1513035
20/10/2015,69,69.3,68.3,68.84,1221145
19/10/2015,68.7,69.2,68.5,68.7,981427
16/10/2015,69,69.4,68.3,68.7,937248
15/10/2015,68.8,70.09,68.5,69.05,2200002
14/10/2015,68.3,68.75,68,68.55,1409781
13/10/2015,68.09,68.4,67.9,68.09,854381
12/10/2015,68.3,68.7,67.8,68.05,1409531
09/10/2015,68.4,68.75,68,68.3,2142726
08/10/2015,68,68.34,67.55,68.09,2124785
07/10/2015,67.59,68.4,67.55,67.75,2471363
06/10/2015,68.15,68.15,67.3,67.8,2123399
05/10/2015,67.5,67.9,67.05,67.7,2522873
01/10/2015,67.3,67.45,66.3,67.2,2050261
30/09/2015,65.7,67.34,65.7,66.75,2967053
29/09/2015,65,65.75,64.15,65.3,2208630
28/09/2015,65.8,66.4,65.4,65.55,1296405
24/09/2015,65.84,66.4,65.34,65.59,2225628
23/09/2015,65,66.45,64.65,65.84,2959467
22/09/2015,68.5,68.5,65.55,65.84,4205039
21/09/2015,69.3,70,65.59,67,97934670
18/09/2015,67.5,69.15,67.4,68.8,3764440
16/09/2015,67,67.3,66.15,67.05,1920166
15/09/2015,66.8,67.4,66.34,66.65,2232574
14/09/2015,66,67.45,65.59,67,4850129
11/09/2015,64.4,64.8,63.7,64.05,1330370
10/09/2015,63,64.5,62.8,64.2,1423319
09/09/2015,64.15,64.45,63.65,63.9,1866529
08/09/2015,62.7,63.8,62,63.45,2570013
07/09/2015,63,63.8,62,62.35,1606958
04/09/2015,63.9,63.9,62,63.15,3137044
03/09/2015,63,64,62.9,63.65,1569774
02/09/2015,62.8,63.8,62.2,62.6,2263524
01/09/2015,63.6,63.9,61.5,62.75,2450078
31/08/2015,64,64.9,63.65,64.25,1407795
28/08/2015,63.9,65.09,63.3,64,4004125
27/08/2015,63.1,63.45,61.5,62.85,5679538
26/08/2015,61.35,62.9,60.4,62.2,4091549
25/08/2015,61,62.05,58.1,61.75,9506628
24/08/2015,64.09,65.5,58.25,59.7,4365018
21/08/2015,65.7,67.25,64.59,66.9,2464153
20/08/2015,69.59,69.9,65,66.59,2818563
19/08/2015,68.8,71.09,68.3,69.59,2666078
18/08/2015,68.5,69.5,68.5,68.65,1361627
17/08/2015,68.9,69.4,67.95,68.45,1163844
14/08/2015,67.59,69.25,67.34,68.95,1529933
13/08/2015,68.9,68.9,67.09,67.25,1671111
12/08/2015,69.05,69.4,67.59,68,1671772
11/08/2015,70.5,70.75,69.2,69.4,1779401
10/08/2015,70.59,71.2,69.84,70.2,1798953
07/08/2015,70.45,71.4,70.2,70.59,1976761
06/08/2015,71.4,71.7,70.09,70.3,1978250
05/08/2015,71.34,72.4,71,71.3,3008423
04/08/2015,71.25,72.15,70.25,71.15,2567995
03/08/2015,70.95,71.5,70.34,70.75,1984531
31/07/2015,70.4,71.59,69.9,70.8,4198494
30/07/2015,68.8,70.2,68.5,69.8,3167669
29/07/2015,68.65,68.75,67.75,68.4,2454570
28/07/2015,69.59,70.3,67.8,68.2,2757208
27/07/2015,70.65,71.2,69.25,69.5,2485025
24/07/2015,70.9,72.3,70.5,70.75,4471830
23/07/2015,73.5,74.95,70.59,71.55,12612337
22/07/2015,71.5,73.5,71.45,73.05,3112381
21/07/2015,72.95,74.34,71.5,71.84,4880933
20/07/2015,72.9,73.3,72.2,72.84,2447599
17/07/2015,72.2,73.34,71.34,72.5,3904887
16/07/2015,71.9,72.3,71.59,71.7,1900039
15/07/2015,72.5,72.7,71.2,71.75,4108530
14/07/2015,71.05,73.45,71,72.05,7266865
13/07/2015,71.05,71.5,70.34,70.9,3410704
10/07/2015,71.45,71.8,70.2,70.75,2754873
09/07/2015,70.65,72,70.45,70.95,6001984
08/07/2015,70.8,72,69,70.34,9981200
07/07/2015,70,73.84,68.84,72.09,36055582
06/07/2015,66.3,67.2,65.2,66.4,12929373
03/07/2015,67.59,68.25,66.65,67.05,1943996
02/07/2015,66.75,69.09,65.75,67.4,7018818
01/07/2015,65.95,67.5,65.75,66.75,4344695
30/06/2015,64.5,66.8,64.09,66,5250985
29/06/2015,62.1,64.8,61.4,64.3,2769661
26/06/2015,62.95,63.3,62.2,63,1373005
25/06/2015,62.5,63.4,62.4,63.15,2618750
24/06/2015,63.4,63.5,62.4,62.65,1386000
23/06/2015,63.7,63.75,63,63.25,1537481
22/06/2015,63.15,63.7,62.9,63.5,1643063
19/06/2015,63,63.7,62.7,63.05,1705007
18/06/2015,62.45,63,62.25,62.75,1272062
17/06/2015,63,63.4,61.7,62.1,2867164
16/06/2015,60.45,62.85,60,62.45,3191781
15/06/2015,60.5,60.8,59.95,60.3,1794559
12/06/2015,60.2,60.5,59.45,59.95,1839393
11/06/2015,61.8,61.9,60.1,60.25,1932507
10/06/2015,61.25,61.8,60.75,61.4,2112213
09/06/2015,60.6,61,60.15,60.3,1387075
08/06/2015,61.2,61.3,60.3,60.6,1616194
05/06/2015,60.85,61.75,60.6,60.9,1464851
04/06/2015,61.95,61.95,60.3,60.95,2252236
03/06/2015,63.2,63.4,60.7,61.5,3150427
02/06/2015,63.55,65.2,62.9,63.15,5837434
01/06/2015,64.3,64.75,63.25,63.6,2564722
29/05/2015,63.75,64.8,63.7,64.55,5026783
28/05/2015,63.8,64.2,63.45,63.7,9279986
27/05/2015,63.4,63.95,63.2,63.7,1305992
26/05/2015,64.05,64.15,63.5,63.75,1955856
25/05/2015,64.8,64.8,63.7,63.9,2161088
22/05/2015,65.15,65.59,64.25,64.45,2333747
21/05/2015,65.59,65.7,64.55,65.05,2199982
20/05/2015,66.34,66.34,65.55,65.65,2018504
19/05/2015,67.84,67.84,65.65,66.15,8665263
18/05/2015,65,66,64.4,65.55,3434485
15/05/2015,64.09,65.7,63.6,64.75,3501363
14/05/2015,62.85,64.3,62.3,63.8,2842905
13/05/2015,62.25,63.15,62.1,62.85,3204262
12/05/2015,63,63,61.5,62.1,4173317
11/05/2015,62.5,63.3,62.05,63.05,1857415
08/05/2015,61.6,62.4,61.4,62.1,2259637
07/05/2015,62.7,62.75,60.5,60.95,3120051
06/05/2015,64.2,64.4,62.5,62.6,3130644
05/05/2015,64.3,64.95,63.85,64.25,2381767
04/05/2015,63.8,64.15,63.4,63.95,1779730
30/04/2015,64.05,64.09,62.9,63.05,2686245
29/04/2015,63.9,64.34,63.25,64,2545854
28/04/2015,63.5,63.95,62.9,63.75,2235175
27/04/2015,64,64.2,62.85,63.1,3002778
24/04/2015,67.5,67.59,63.7,63.9,8137334
23/04/2015,63.7,66.84,63,66.25,14410729
22/04/2015,63.6,63.95,62.7,63.7,1791344
21/04/2015,63.3,63.7,62.65,63.2,1309139
20/04/2015,64.25,64.34,62.65,63.15,2051997
17/04/2015,64.84,65.05,64.09,64.25,1835988
16/04/2015,64.95,65.2,64.15,64.59,1650198
15/04/2015,66.4,66.59,64.65,64.9,3870115
13/04/2015,65.9,66.8,65.65,66.15,4034949
10/04/2015,64.8,66.2,64.45,65.55,3866620
09/04/2015,65.2,65.3,64.15,64.5,1746083
08/04/2015,64.4,65.59,64.09,64.84,3399039
07/04/2015,64.05,64.45,63.4,64.09,2526592
06/04/2015,63.6,64.45,63.1,63.7,1962882
01/04/2015,62.5,63.7,62.5,63.5,2275519
31/03/2015,63.2,63.6,62.55,62.8,2141894
30/03/2015,62,63.2,61.55,63,3086762
27/03/2015,62.1,62.3,59.7,61.35,3072507
26/03/2015,62.5,63,61.5,61.8,3551070
25/03/2015,63.2,63.5,62.65,62.75,2296767
24/03/2015,64,64.45,63.1,63.2,2148612
23/03/2015,64.59,64.75,64,64.05,1511667
20/03/2015,64.95,65.45,64.34,64.55,2401746
19/03/2015,66,66.09,65,65.25,2278692
18/03/2015,65.3,66.2,65.05,65.5,2052380
17/03/2015,65.5,65.65,64.84,65.4,2322238
16/03/2015,65.3,65.5,64.59,64.8,1691402
13/03/2015,66.8,67.2,65,65.2,2344730
12/03/2015,66.09,66.75,65.65,66.4,2153337
11/03/2015,66.75,66.8,65.7,65.9,2103663
10/03/2015,67.45,67.59,66.09,66.34,2002955
09/03/2015,67.7,68.75,66.84,67.05,4188155
05/03/2015,67.75,68.5,67.2,67.8,3967022
04/03/2015,71.3,71.3,67.7,68,8499392
03/03/2015,67.9,70.2,67.15,69.4,21786138
02/03/2015,67.95,68,66.9,67.55,3079785
27/02/2015,67.25,67.8,66.2,67.15,3490075
26/02/2015,66.5,67,64.7,66.84,30153184
25/02/2015,67,67.09,65.95,66.05,1497082
24/02/2015,67.09,67.34,66.4,66.59,1103420
23/02/2015,67,68.09,66.8,67,1634295
20/02/2015,67.45,68.25,66.55,67.34,2490195
19/02/2015,67.65,67.75,66.25,67.15,1756880
18/02/2015,67.15,67.8,67,67.45,1751279
16/02/2015,67.34,67.8,66.95,67.09,1686044
13/02/2015,67,67.4,66.55,66.95,1675392
12/02/2015,66.45,66.95,65.84,66.84,2191741
11/02/2015,65.45,66.34,65.25,66.05,1904296
10/02/2015,65.84,66.75,63.9,64.84,3151814
09/02/2015,66.55,67.09,65.55,65.8,2634659
06/02/2015,67.09,67.25,66.3,66.55,2069099
05/02/2015,68.65,68.7,66.75,67.05,2196531
04/02/2015,69.45,69.45,67.84,68.2,2807504
03/02/2015,71.25,71.3,68.7,69,4088210
02/02/2015,68.95,71.25,68.8,70.8,4010229
30/01/2015,69.09,70.2,68.3,68.84,3608623
29/01/2015,68.8,69.3,68.25,68.7,3513402
28/01/2015,69.75,70.34,68.8,69.05,3716655
27/01/2015,70.8,71,69.7,70.05,3704234
23/01/2015,72.45,72.45,70.25,70.8,7030753
22/01/2015,71.4,73.65,70.84,71.55,15781075
21/01/2015,68.95,69.95,68.65,69.45,5268091
20/01/2015,69.09,69.4,68.5,68.65,1939300
19/01/2015,68.5,70,68.4,68.9,2758903
16/01/2015,68.2,69.3,67.59,68.7,2644968
15/01/2015,68.09,69.34,66.84,68.34,4149704
14/01/2015,66.59,67.25,66.05,66.34,1306165
13/01/2015,67.65,67.8,66.5,66.84,1171416
12/01/2015,67.09,67.84,66.8,67.59,1450206
09/01/2015,68,68.3,66.75,67.2,2519836
08/01/2015,66.7,67.3,66.45,67.05,1895888
07/01/2015,66.4,66.59,65,66.05,2831098
06/01/2015,68.95,68.95,65.65,66,3642332
05/01/2015,69.25,70,69,69.25,2401847
02/01/2015,68.8,70.09,68.7,69.2,3318755
01/01/2015,67.45,68.9,67.4,68.7,1654384
31/12/2014,67,68.15,67,67.7,1914155
30/12/2014,67.1,67.45,66.8,67.2,1397735
29/12/2014,66.95,67.7,66.85,67.15,2287299
26/12/2014,66.25,66.5,65.8,66.3,1429466
24/12/2014,66.05,66.7,65.55,65.85,6051258
23/12/2014,66.7,67.3,66,66.3,1962731
22/12/2014,66.3,66.95,65.75,66.7,2200386
19/12/2014,67.05,67.4,66.15,66.35,2523957
18/12/2014,66.1,66.95,65.5,66.55,2821890
17/12/2014,66.2,66.5,62.8,64.95,5111517
16/12/2014,69.4,69.55,65.7,66.05,4312338
15/12/2014,69.95,70.65,69.15,69.75,2172834
12/12/2014,72.1,72.35,70.05,70.2,3132952
11/12/2014,72,72.25,70.6,71.05,2957326
10/12/2014,70.55,72.65,70.45,72.05,3225598
09/12/2014,72.8,73.6,70.55,70.75,4893900
08/12/2014,71.65,73.85,70.8,73.25,7438519
05/12/2014,72.6,72.9,71.15,71.5,3097202
04/12/2014,71.2,72.9,71.2,72.35,6435286
03/12/2014,70.7,71.65,70.5,70.7,2207452
02/12/2014,69.4,71.1,69.35,70.8,2640514
01/12/2014,70.35,71.4,69.6,69.85,1924717
28/11/2014,71,71.7,70.5,70.65,3208766
27/11/2014,70.1,70.75,69.8,70.05,2752453
26/11/2014,69.85,70.9,69.6,70.25,2435794
25/11/2014,72.25,72.5,69.55,70.1,3905997
24/11/2014,73.15,73.4,72.05,72.25,2848963
21/11/2014,72.1,73.45,71.8,72.4,3664811
20/11/2014,73.4,74.15,71.5,72.35,3930799
19/11/2014,76.5,76.9,73.3,73.95,5755363
18/11/2014,74.9,76.85,74.05,76.45,9972946
17/11/2014,74,74.75,73.55,74.35,3693505
14/11/2014,74,74.7,73.1,73.9,4022913
13/11/2014,74.5,75.75,73.2,73.9,9809762
12/11/2014,72.5,75,71.6,73.65,13610045
11/11/2014,71,72.45,70.55,72.15,5806441
10/11/2014,71.4,71.9,69.95,70.15,3537604
07/11/2014,71.5,71.85,69.8,70.25,2585397
05/11/2014,72.55,72.8,70.8,71.15,3742063
03/11/2014,69.85,72.3,69.7,71.9,6471210
31/10/2014,68.15,69.7,68.15,69.3,3864481
30/10/2014,68.5,68.55,67.6,67.8,6728936
29/10/2014,68.7,68.9,68.05,68.25,1681078
28/10/2014,68.2,68.95,68.2,68.55,1609707
27/10/2014,69.35,69.45,68.15,68.6,3194182
23/10/2014,68.5,69.05,68.35,68.8,2215132
22/10/2014,67,69.1,66.2,67.85,7034323
21/10/2014,65.45,66.7,65.25,66.5,1997339
20/10/2014,66,66.35,65.15,65.25,1766924
17/10/2014,65.95,65.95,63.85,64.7,2386323
16/10/2014,65.9,66.7,65,65.2,2415185
14/10/2014,65.85,66.4,65.25,65.8,2235585
13/10/2014,65.35,66,65.1,65.65,1437625
10/10/2014,66,66.75,65.5,65.8,2222123
09/10/2014,65.5,66.6,65.5,66.3,1918229
08/10/2014,64.85,65.65,64.5,65.15,1857452
07/10/2014,65.5,66.2,64.9,65.05,1873701
01/10/2014,66.1,66.45,65.3,65.45,1448644
30/09/2014,66.5,67.15,65.85,66,2249619
29/09/2014,67,67.4,66.4,66.6,1948821
26/09/2014,66.05,67,64.55,66.65,4309542
25/09/2014,68.85,69.25,66,66.35,5566169
24/09/2014,70.1,70.5,68.15,69,3953847
23/09/2014,69.95,72,69.65,70,8815893
22/09/2014,68.1,70,68.1,69.2,2681207
19/09/2014,69.45,70.2,68.5,68.65,2376380
18/09/2014,67.3,69.8,67.2,69.45,3393758
17/09/2014,68.2,68.5,66.8,67.6,3136200
16/09/2014,70.7,71.5,67.3,67.7,4736713
15/09/2014,71,71.4,70.2,70.65,3150097
12/09/2014,71.55,72.4,70.75,71.35,5521295
11/09/2014,71.1,72,70,71.3,6038897
10/09/2014,70.3,71.85,69.9,70.7,8469620
09/09/2014,67.85,70.7,67.8,70.15,8264762
08/09/2014,67,68,66.75,67.45,2174928
05/09/2014,66.6,67.2,66.2,66.75,2271598
04/09/2014,66.8,67.7,66.2,66.7,2684671
03/09/2014,67.45,68,66.6,66.8,3116130
02/09/2014,67.05,68.05,67,67.25,2374270
01/09/2014,66,67.35,66,67.05,2519797
28/08/2014,66.7,67.1,65.5,65.8,3993264
27/08/2014,67,67.4,66.7,66.9,1806330
26/08/2014,66.6,67.35,66.05,66.65,2088661
25/08/2014,68.25,68.6,66.95,67.1,1989678
22/08/2014,68.4,69.45,68.2,68.35,2288642
21/08/2014,68.6,69.25,68.05,68.4,2627499
20/08/2014,69.8,69.9,68.6,68.95,2449820
19/08/2014,68.2,69.85,67.6,69.6,3895985
18/08/2014,66.05,68.25,66.05,67.95,2970950
14/08/2014,65.55,66.45,65.25,66.25,1672651
13/08/2014,66.65,67.25,65.2,65.55,2212814
12/08/2014,66.7,67.3,66.4,66.95,1853600
11/08/2014,66.4,66.8,66.1,66.2,1550390
08/08/2014,66.75,66.75,65.65,65.8,3049351
07/08/2014,67.75,68.35,67.05,67.2,2439234
06/08/2014,68.3,69.2,67.7,67.9,2233446
05/08/2014,68.3,69.4,68.05,68.6,3257332
04/08/2014,68,68.55,68,68.2,1969767
01/08/2014,67.7,68.9,67.55,67.8,2791201
31/07/2014,69,69.7,68,68.35,4920131
30/07/2014,69,69.45,68.7,69.25,1999145
28/07/2014,69,70.1,68.9,69.3,2332233
25/07/2014,71.05,71.5,69.05,69.6,3918170
24/07/2014,71.85,72.45,71,71.25,5317918
23/07/2014,73.15,73.8,71.8,72.5,3637404
22/07/2014,72.95,73.9,72.3,72.95,3927498
21/07/2014,74.2,74.55,72.7,72.9,5439097
18/07/2014,71.5,74.25,70.2,73.8,8293030
17/07/2014,70.9,72.6,70.9,71.95,4391706
16/07/2014,70,71.95,69.9,71.55,4812406
15/07/2014,68.95,69.85,68.9,69.55,2221565
14/07/2014,68,68.9,67.7,68.4,2563557
11/07/2014,70.65,71.4,68.05,68.25,4039093
10/07/2014,69.15,72.7,68.3,70.55,7816592
09/07/2014,71.7,71.9,69.25,69.5,6230499
08/07/2014,74.65,74.85,71.15,71.7,4808930
07/07/2014,74.7,75.25,74.35,74.55,2826455
04/07/2014,74.15,75.15,73.55,74.3,2991963
03/07/2014,75.65,75.8,74.3,74.5,3420477
02/07/2014,75.75,76.1,74.8,75.25,3687034
01/07/2014,76.15,76.75,75.25,75.35,8611286
30/06/2014,73.55,74.7,73.5,74.5,5146970
27/06/2014,72.55,73.3,72.05,73,7995059
26/06/2014,73.05,73.7,72.4,72.65,3676266
25/06/2014,73.6,74.05,73.25,73.35,3809408
24/06/2014,72.45,73.8,72.35,73.05,8017440
23/06/2014,71.5,72.5,71,71.65,4416482
20/06/2014,71.55,73.2,71.5,71.65,5484521
19/06/2014,72.3,73.35,71.55,71.9,4673410
18/06/2014,73.55,74.45,71.55,72.35,6302402
17/06/2014,72.8,73.75,72.25,73.45,5149438
16/06/2014,72.9,73.45,70.8,72.75,8820909
13/06/2014,76.3,76.75,72.2,72.6,13159601
12/06/2014,77.35,77.65,75.85,76.35,15636039
11/06/2014,78,79.65,76.75,77.8,26467292
10/06/2014,81.85,83.15,79.15,81.9,25352490
09/06/2014,76.3,81.65,75.55,80.7,21021721
06/06/2014,76.5,77.4,75.55,76.15,9733302
05/06/2014,76,78,75.8,77.35,11538675
04/06/2014,73.9,75.8,73.9,75.3,5987654
03/06/2014,74.45,75.25,73.6,74.2,5222054
02/06/2014,73,74.55,72.8,74.3,5510851
30/05/2014,72.3,73.55,72.2,72.5,4082704
29/05/2014,71.35,72.9,71.35,72.2,8883782
28/05/2014,72,73.15,71.25,71.4,6534907
27/05/2014,73.25,73.8,70.6,72.25,5263404
26/05/2014,78,78.9,70.35,73.35,11856718
23/05/2014,77.4,78,76.45,77.2,10586537
22/05/2014,73.6,77,73.5,76.25,15779400
21/05/2014,74.25,74.3,72.3,73.25,7219952
20/05/2014,72.5,74.05,71.2,73.05,12557828
19/05/2014,67.9,71.75,67.55,71.2,14316642
16/05/2014,67,68.85,66.5,67.35,10972814
15/05/2014,66.75,67.6,65.5,65.75,3767271
14/05/2014,66,67.2,65.6,66.75,5190753
13/05/2014,65.3,66.65,65.15,65.8,5438982
12/05/2014,65,66.15,64.8,65,4509954
09/05/2014,62.4,65.35,62.4,65,5431963
08/05/2014,63,63.45,62.3,62.4,2071346
07/05/2014,63.1,63.7,62.75,62.95,2321614
06/05/2014,62.8,64.25,62.8,63.25,2880217
05/05/2014,63.55,63.75,62.3,62.95,4222319
02/05/2014,64.9,65,63.4,63.75,4461908
30/04/2014,67.6,68.15,63.05,64.2,7953430
29/04/2014,68.2,68.8,67.1,67.4,4100431
28/04/2014,67.25,68.6,67.25,68.05,4949074
25/04/2014,69,69.5,67.4,67.7,5992834
23/04/2014,69.9,70.45,68.25,68.75,19316600
22/04/2014,68.35,69.3,68.3,68.5,5852485
21/04/2014,68.15,69.1,67.75,68.25,7279470
17/04/2014,66.35,68.1,66.35,67.45,6315024
16/04/2014,67.4,68.2,66.1,66.3,5015983
15/04/2014,67.5,69.45,67.45,67.7,5687619
11/04/2014,68,68.35,67,67.2,6198039
10/04/2014,68.2,69.4,68.1,68.5,7761780
09/04/2014,67.55,68.75,67.4,68.15,6785626
07/04/2014,69.5,69.75,65.85,67.3,10796120
04/04/2014,69.95,70.3,69.1,69.3,10521679
03/04/2014,70.2,72.2,69.2,69.8,36831080
02/04/2014,78.4,78.7,76.5,77.3,18140898
01/04/2014,73.9,75.85,72.85,75.3,14090793
31/03/2014,75.35,75.6,72.7,73.55,13290184
28/03/2014,74.9,75.4,73.85,74.3,11022223
27/03/2014,71.1,75.4,71,74.1,32380834
26/03/2014,72,73.1,71,71.2,12446084
25/03/2014,72.5,73.45,72.1,72.2,6622240
24/03/2014,73.9,74.15,72.6,72.75,7662666
21/03/2014,71.8,72.85,71.1,71.9,9131085
20/03/2014,72.3,73.4,70.7,70.95,16200943
19/03/2014,74,74.25,70.85,71.45,15258616
18/03/2014,73,75.7,72.65,73.6,33974616
14/03/2014,75,76.75,73.7,74.2,23447711
13/03/2014,86.4,88.25,78.3,79.15,28301491
12/03/2014,83,86.3,82.65,85.25,19161583
11/03/2014,81,82.7,80.6,81.2,7125035
10/03/2014,77.5,81.75,76.95,80.5,8371780
07/03/2014,78.4,79.5,77.3,77.7,4113965
06/03/2014,78.8,79.5,77.8,78.1,3956232
05/03/2014,78.35,79.25,77.35,78.35,3508446
04/03/2014,77.55,78.7,77.25,77.85,2973170
03/03/2014,76.8,79.1,75.1,76.95,4255518
28/02/2014,76.15,77.55,76,77,2216887
26/02/2014,78.65,78.7,75.6,75.9,3232021
25/02/2014,76,78.85,76,78.05,11788914
24/02/2014,72.6,75.6,72.6,75.1,4865508
21/02/2014,73.2,73.75,72.25,72.45,1242358
20/02/2014,73.5,74.15,72.65,73,1941504
19/02/2014,72.5,74.25,72.25,73.7,2539134
18/02/2014,72.35,73.65,71.75,72.6,2728057
17/02/2014,70,73.3,69,71.9,2618482
14/02/2014,69.65,70.65,69.3,69.8,1133795
13/02/2014,71,71.25,69.4,69.6,950495
12/02/2014,72.1,72.35,70.5,70.75,1174872
11/02/2014,73.45,73.7,71.5,71.7,1614999
10/02/2014,74.7,75.25,73.05,73.3,4493737
07/02/2014,69.5,74.9,69,74.15,5860988
06/02/2014,68.55,69.75,67.95,69.25,1410545
05/02/2014,67.3,68.8,67.3,68.5,918496
04/02/2014,67,68.2,66.6,67.8,1036838
03/02/2014,68,69.8,67.55,67.7,906423
31/01/2014,67.3,68.95,67.3,68.65,856053
30/01/2014,68,68.5,66.8,67.25,1118805
29/01/2014,69.45,69.85,68.4,68.65,834853
28/01/2014,68.35,69.65,68.35,68.65,968492
27/01/2014,69.55,69.65,68.4,68.65,1367200
24/01/2014,69.5,71.8,69.3,70.5,2406970
23/01/2014,73.1,74.6,73,73.6,2729646
22/01/2014,72.5,73.7,72.4,73.1,2005647
21/01/2014,71.65,72.95,71.4,72.25,1297658
20/01/2014,70.75,71.95,70.55,71.5,1192704
17/01/2014,71.75,72.35,70.1,70.55,1667752
16/01/2014,73.5,74.2,71.5,71.85,1709890
15/01/2014,74.3,74.7,73.05,73.4,2127340
14/01/2014,72.3,75.2,71.85,73.8,5672924
13/01/2014,71.5,72.5,71.5,71.85,913392
10/01/2014,72.25,73.4,71.25,71.6,1430158
09/01/2014,72.1,73.75,71.8,72.25,1644712
08/01/2014,72.9,73.8,72.15,72.35,1120736
07/01/2014,73.65,74.35,72.55,72.75,1255659
06/01/2014,73.35,74.4,72.6,73.45,1702322
03/01/2014,70.85,73.55,70.8,73.05,2015819
02/01/2014,75.2,75.9,70.8,71.7,2878774
01/01/2014,74.85,75.9,74.5,75.2,1877704
31/12/2013,74.6,76,73.65,74.8,2315748
30/12/2013,74.8,75.8,73.95,74.6,1843147
27/12/2013,75.6,75.9,74.05,74.35,2028590
26/12/2013,74.5,76.5,74.25,74.75,3645822
24/12/2013,73.2,75.6,72.15,74.5,6767836
23/12/2013,68.35,73.9,67.9,72.55,12314003
20/12/2013,68.25,68.9,67.6,67.95,2932585
19/12/2013,70.05,70.6,68.35,68.55,1208183
18/12/2013,69,70.55,69,70.05,1755841
17/12/2013,70.8,71.55,69,69.25,1552191
16/12/2013,70.5,71.8,70.1,70.8,1417741
13/12/2013,71.2,72.1,70.6,70.8,1044632
12/12/2013,71,72.45,71,71.75,1135502
11/12/2013,71.05,72.9,70.1,71.9,2374332
10/12/2013,74.1,74.8,71.4,71.7,3226872
09/12/2013,77.95,77.95,74.3,74.65,2702001
06/12/2013,76.9,77.85,76.2,76.65,3015637
05/12/2013,74.9,77.1,74.3,76.2,3822333
04/12/2013,74.75,75.4,74,74.15,1129591
03/12/2013,74.5,75.8,74.35,74.85,1251814
02/12/2013,75.4,75.8,74.6,75,1441404
29/11/2013,73.7,75.35,73.2,74.8,2092287
28/11/2013,74.25,74.45,73,73.2,1951062
27/11/2013,74.65,75.15,73,73.4,1399943
26/11/2013,75.55,76.4,74.35,74.6,1845235
25/11/2013,77.7,78,75.55,75.95,2269814
22/11/2013,76.7,77.3,75.1,76.05,1235874
21/11/2013,76.8,77.8,76,76.25,1122446
20/11/2013,77.65,79.7,76.85,77.15,2288487
19/11/2013,78.3,78.6,77.25,77.85,1682361
18/11/2013,78.7,80.1,77.65,77.95,3453553
14/11/2013,77,78.25,76.75,77.9,1164034
13/11/2013,76.55,77.3,75.45,76.4,1277851
12/11/2013,77.8,78.7,76.1,76.5,1382504
11/11/2013,77.6,78.2,76.75,77.35,1299994
08/11/2013,77.5,79.25,76.4,77.25,2249597
07/11/2013,80.2,80.4,77.25,77.6,1945742
06/11/2013,79.5,80.65,78.85,79.95,2666486
05/11/2013,83.05,83.05,79.5,79.85,3746284
01/11/2013,82.95,84.15,81.75,82.85,4641001
31/10/2013,81,83.25,81,82.45,5843686
30/10/2013,79.65,81.4,79.15,80.1,5939279
29/10/2013,75.5,79.5,74.55,79.1,3594081
28/10/2013,76.55,77.3,75.75,76,1011371
25/10/2013,76.7,77.35,76.3,76.55,1140781
24/10/2013,78,79.05,76.65,77.25,2550424
23/10/2013,79.65,80,76.3,77.4,4191304
22/10/2013,77.8,80.4,77.55,79.25,4397017
21/10/2013,76.8,78.7,76.6,77.95,2499518
18/10/2013,75.65,77.25,75.65,76.4,1559082
17/10/2013,76.8,77.15,75.15,75.55,1576106
15/10/2013,78.5,79.45,76,76.35,2370211
14/10/2013,76.5,79.2,76,78.25,4035449
11/10/2013,78.3,78.4,75.8,76.15,2781516
10/10/2013,77,79.6,77,77.4,7768265
09/10/2013,71.35,77.85,71.35,76.4,8456504
08/10/2013,73.5,74.7,72.1,72.4,4091729
07/10/2013,67.95,74.8,67.7,72.65,12251165
04/10/2013,66.05,68.25,65.6,66.9,1494335
03/10/2013,65.75,67.15,65.45,66.45,1182352
01/10/2013,64.7,66.5,64,65.45,1104215
30/09/2013,65.35,65.9,64.3,64.5,836606
27/09/2013,66.5,67.15,65.9,66.05,912841
26/09/2013,66.25,67.55,65.95,66.5,1118000
25/09/2013,66.7,67.45,65.7,66.15,1165348
24/09/2013,66.5,68.3,66.1,66.7,1364753
23/09/2013,66.85,69.4,66.25,66.45,2104795
20/09/2013,69.9,69.9,66.3,67.45,2055971
19/09/2013,69.95,70.95,68.65,69.55,3450703
18/09/2013,65.75,69.8,65.35,68.1,3838875
17/09/2013,67,67,65.4,65.75,1012502
16/09/2013,68.6,69.4,65.65,66.9,1560251
13/09/2013,67.4,68.8,67.1,67.6,1248194
12/09/2013,69.5,70.5,67.05,67.45,2249399
11/09/2013,68.3,70.8,67.15,69.05,3607069
10/09/2013,67.3,72,67.25,68.3,7888056
06/09/2013,59.75,69.8,59.25,66.95,11787771
05/09/2013,60,61.65,59,59.3,3093137
04/09/2013,55.1,57.9,55,57.45,774770
03/09/2013,57.3,57.85,55.35,55.6,772407
02/09/2013,55.5,57.55,55.45,57.1,865999
30/08/2013,56,56.6,54.85,55.45,686396
29/08/2013,56,56.45,55.5,55.75,486232
28/08/2013,55.5,55.75,53.75,55.4,906177
27/08/2013,56.2,57,55.1,55.8,769398
26/08/2013,56.8,57.2,56.4,56.5,658837
23/08/2013,55.75,56.95,55.75,56.15,806946
22/08/2013,54.6,56.05,54.05,55.75,823496
21/08/2013,56.5,58.65,54,54.45,1160079
20/08/2013,55,57.5,54,55.8,1050202
19/08/2013,57,57,54.15,55.45,876713
16/08/2013,58.25,60,56.5,57,1061151
14/08/2013,60.9,61.85,58,58.65,2124939
13/08/2013,57.5,60.2,56.7,59.9,1784359
12/08/2013,56,57.9,56,57.3,1008633
08/08/2013,55,56.5,55,55.6,1367728
07/08/2013,54,55.75,52.65,54.85,1890595
06/08/2013,57.25,57.3,53.7,53.9,2283414
05/08/2013,60,60.3,56.9,58,1193059
02/08/2013,62.4,63.4,59.2,60.05,1104584
01/08/2013,64.4,65.4,62.3,62.65,1674442
31/07/2013,62,62,59.1,61.45,1205498
30/07/2013,64,64.3,61.6,62.8,1066581
29/07/2013,66.9,66.9,64,64.2,733142
26/07/2013,68.2,69.45,66.2,67.2,984403
25/07/2013,72,72,68,68.15,1520465
24/07/2013,74.6,74.6,71.7,71.9,975520
23/07/2013,74.9,76.85,73.65,74.65,3036281
22/07/2013,74.15,75.85,73.8,74.7,649072
19/07/2013,74.6,75,73.7,74,440789
18/07/2013,74.05,74.8,72.5,74.6,529973
17/07/2013,75.15,75.5,73.15,73.95,764907
16/07/2013,75.4,75.9,74.5,74.7,767484
15/07/2013,76.2,77.25,75.4,76.75,840328
12/07/2013,76,76.6,75.2,76.1,597606
11/07/2013,75.9,76.45,75.3,75.75,653229
10/07/2013,76,76.7,74.85,75.1,789483
09/07/2013,75.65,76.65,75.3,75.65,652772
08/07/2013,75.6,76.3,74.1,75.2,852374
05/07/2013,76.7,77.15,75.25,75.6,836173
04/07/2013,77,77.3,75.35,76.2,1031952
03/07/2013,77.8,77.8,76,76.5,853855
02/07/2013,80.25,80.6,78.4,78.5,928832
01/07/2013,80,81.3,79.5,80.1,2269959
28/06/2013,78,79.4,77.6,78.7,1538050
27/06/2013,77.95,78.25,76,76.45,1003408
26/06/2013,76.1,78.8,75.5,76.9,2016146
25/06/2013,75.15,76.7,74.25,75.2,1039127
24/06/2013,76.3,77,73.6,75,1457906
21/06/2013,78.25,79.35,75.6,76.8,1366130
20/06/2013,79.4,79.8,78.1,78.65,1537699
19/06/2013,78.25,81.45,78.25,80.35,3219272
18/06/2013,76.6,79.1,76.2,77.85,1335692
17/06/2013,77.1,77.4,76,76.95,707785
14/06/2013,76.5,77.8,76.5,77,665417
13/06/2013,77,77.25,75.85,76.1,867379
12/06/2013,77.05,78.35,76.95,77.75,836898
11/06/2013,78.05,78.3,76.6,77.05,788146
10/06/2013,80.5,80.7,78.15,78.5,712821
07/06/2013,78.5,81.4,78.5,79.6,1539229
06/06/2013,77.95,79.8,77.8,78.8,840177
05/06/2013,79.45,79.5,77,78.5,971206
04/06/2013,79.9,81.7,78.8,79.35,2282179
03/06/2013,77,78.9,77,78.25,787001
31/05/2013,78,78.25,76.4,76.8,1078379
30/05/2013,78,78.8,77.75,78.3,619009
29/05/2013,79.7,79.7,78.2,78.6,871766
28/05/2013,79.5,81.15,78.65,79.8,1669147
27/05/2013,78.5,79.8,78.15,79.55,1044615
24/05/2013,78.05,79.8,77.5,78.65,1161161
23/05/2013,79.65,80.1,77,77.85,1935041
22/05/2013,82.65,84.1,79.4,80.2,2606998
21/05/2013,81.7,84.15,81.5,82.45,2725920
20/05/2013,83.25,84.45,81.55,82.05,1779447
17/05/2013,84.15,84.5,81.75,82.6,2228385
16/05/2013,82.8,86.1,82.05,83.7,5310145
15/05/2013,79,85.25,78.65,82.55,10624155
14/05/2013,77.5,79.75,76.55,78.2,1665640
13/05/2013,78.55,79,77.1,77.3,784663
10/05/2013,78.5,79.7,78.25,78.5,834036
09/05/2013,79.7,80,78.35,78.7,1130116
08/05/2013,80.15,81.35,79.25,79.6,1956955
07/05/2013,77.8,80.5,77.8,79.9,2702499
06/05/2013,77.2,78.35,76.5,78,1005962
03/05/2013,79,79,76.7,76.95,1168951
02/05/2013,77.85,79.8,77.35,78.75,1655653
30/04/2013,78.6,80.45,76.65,77.55,1858212
29/04/2013,77.9,78.85,76.25,78,1442700
26/04/2013,79.7,79.8,76.9,77.4,1350558
25/04/2013,79.95,82.65,78.5,79.25,6122244
23/04/2013,78.8,81.15,78.2,79.35,3037933
22/04/2013,73.65,79,73.65,78.2,4233458
18/04/2013,72.7,73.9,72.7,73.55,871303
17/04/2013,73.2,74.4,72.5,72.75,954775
16/04/2013,71.75,73.9,71.7,73,1234867
15/04/2013,71,73.5,71,71.95,998608
12/04/2013,71.7,72.45,71,71.5,765982
11/04/2013,72.4,72.9,71.7,72.1,632850
10/04/2013,71.8,72.45,70.7,72.05,1083553
09/04/2013,73.75,74.7,71.1,71.55,1015452
08/04/2013,75,75.3,73.55,73.75,686612
05/04/2013,72.7,76.35,72.5,75.2,1434493
04/04/2013,74.25,74.9,72.65,72.95,953300
03/04/2013,77,78.2,74.8,75.25,1134915
02/04/2013,76,77.9,76,77,1327582
01/04/2013,73.85,77.4,73.8,76.8,1519784
28/03/2013,75,75,71.5,73.8,1068424
26/03/2013,72.05,74.25,71.55,72.55,1264186
25/03/2013,72.05,73.75,71.3,72.05,1331298
22/03/2013,73.05,73.6,70.3,71.45,1489020
21/03/2013,77.65,77.65,72.7,73,1658927
20/03/2013,77.75,78.45,75.05,75.35,1399358
19/03/2013,79.9,80.75,77.05,77.65,1607856
18/03/2013,80.85,80.85,79,79.3,1199696
15/03/2013,80.5,84.2,80.3,81.25,3215424
14/03/2013,80.7,81.2,78.35,80,1554925
13/03/2013,80.7,81.95,79.6,80.2,855033
12/03/2013,82.4,82.45,80.5,80.9,757347
11/03/2013,81.1,82,80.2,81.3,1151097
08/03/2013,82.7,83.85,82.1,82.45,1392853
07/03/2013,81.3,84.1,79.3,82.6,2737691
06/03/2013,83.9,83.9,80.25,80.6,1694110
05/03/2013,77.5,80,76.55,80,1106499
04/03/2013,79.2,79.4,75.5,76.2,952647
01/03/2013,79,81.9,78,79.2,1134873
28/02/2013,84,84,77.75,78.55,994498
27/02/2013,82,83.4,78,81.7,845279
26/02/2013,86.95,86.95,81.45,81.45,1153791
25/02/2013,85.7,85.7,81.25,85.7,2162914
22/02/2013,79,81.65,77,81.65,810229
21/02/2013,79.5,79.5,77.1,77.8,430760
20/02/2013,80,81.8,79,79.9,530473
19/02/2013,78.15,80.9,77.5,79.9,590382
18/02/2013,74.7,78.2,74.5,77.7,472594
15/02/2013,75.65,75.65,72.1,74.7,612266
14/02/2013,77.75,78.7,75.1,75.65,654549
13/02/2013,79.5,79.9,77.3,77.7,442497
12/02/2013,79.9,80.3,77.95,78.65,639923
11/02/2013,81.7,81.7,78.3,79.4,644571
08/02/2013,78.1,81.65,76.75,79.65,1067416
07/02/2013,80,80.25,76.9,78.05,767876
06/02/2013,79.5,81.45,77.2,79.55,710814
05/02/2013,79.25,79.8,77.15,79.3,797587
04/02/2013,82.9,82.9,79.45,79.75,690583
01/02/2013,83.45,83.45,80.05,81.15,684643
31/01/2013,81.9,82.95,76.7,82.15,1569876
30/01/2013,85,85.4,80.7,80.7,1932163
29/01/2013,85,89,84,84.9,1398152
28/01/2013,86.8,86.8,84.5,85,601036
25/01/2013,84.7,88,82.5,85.55,919076
24/01/2013,87,87,82.5,84.7,994018
23/01/2013,88.25,88.9,84.35,86.35,861934
22/01/2013,89.5,89.5,87.6,87.95,478114
21/01/2013,89.5,91,88.25,88.55,599967
18/01/2013,89.9,90.5,88.25,88.45,551893
17/01/2013,89.45,90.35,88.4,89,635112
16/01/2013,90.1,92,89,89.45,862015
15/01/2013,92.45,92.45,89.4,89.95,682777
14/01/2013,89,91.75,86.1,91.7,1065700
11/01/2013,90.5,90.9,87,87.4,977906
10/01/2013,92.4,92.4,89.5,89.95,784038
09/01/2013,93,93,91,91.25,701357
08/01/2013,93,93.5,92,92.5,674916
07/01/2013,94.75,94.9,92.6,93.05,1304803
04/01/2013,89.1,96,89.1,94.35,2131273
03/01/2013,93.5,93.8,91.5,91.9,916205
02/01/2013,94.3,94.75,92.2,93.3,1676953
01/01/2013,89.9,93.55,89.6,93.2,2057075
31/12/2012,88.9,89.95,87,89.1,606851
28/12/2012,89.9,89.9,87,87.6,853739
27/12/2012,89,90,87,88.1,759795
26/12/2012,89,90.5,89,89.6,763116
24/12/2012,89.65,90.7,89.1,89.9,781032
21/12/2012,92.45,92.9,89.3,89.65,1379204
20/12/2012,93.8,94.3,90,91.8,1137272
19/12/2012,97.1,97.1,92.3,92.9,4446768
18/12/2012,88.6,92.75,87,92.5,2423220
17/12/2012,90,90.4,87.75,88.35,1119046
14/12/2012,91,91.5,87.55,89.6,1212398
13/12/2012,92.45,94,88.6,91.3,3032362
12/12/2012,89.4,92.2,86.8,91.95,4443895
11/12/2012,87.7,92,85.95,87.85,3577970
10/12/2012,89.25,92.45,89.1,90.45,5237870
07/12/2012,85.7,88.05,85.1,88.05,4215208
06/12/2012,81.9,83.9,79.5,83.9,3885097
05/12/2012,79.1,79.95,76,79.95,3517416
04/12/2012,72,76.15,70.5,76.15,2047237
03/12/2012,75,75.4,71.2,72.55,1425956
30/11/2012,75.2,76,74.7,74.85,3951104
29/11/2012,76.4,77.05,74.7,75,5751185
27/11/2012,77.1,77.8,74.2,76.25,7772053
26/11/2012,74,76.8,74,75.4,8635249
23/11/2012,76.9,77.3,74.65,74.95,7344208
22/11/2012,77.9,79.1,76.55,76.9,12963222
21/11/2012,74.9,78.45,74.1,77.3,22939641
20/11/2012,74.5,76.9,71.7,74.8,30422119
19/11/2012,82.1,84.5,75.15,75.45,23487762
16/11/2012,88,89.2,82.7,83.5,27832819
15/11/2012,84.35,88,81.25,86.05,59131728
13/11/2012,74.4,84.65,72,83.1,44480407
12/11/2012,64.7,74.95,64.35,71.55,37934685
09/11/2012,62.2,64.95,62.2,64.1,11803493
08/11/2012,58.4,63.7,58.1,62.45,19994984
07/11/2012,55.9,59.7,55.7,59.25,10940488
06/11/2012,55.2,55.8,54.8,55.65,1587023
05/11/2012,54,55.7,54,55,2059094
02/11/2012,54.3,54.9,53.8,54,1151817
01/11/2012,54.2,55.2,54.05,54.15,1409766
31/10/2012,54,54.85,53.25,54.15,1464293
30/10/2012,54.85,55,53.05,54.05,2354491
29/10/2012,55.25,55.8,54.4,54.85,1228231
26/10/2012,56.25,56.75,54.6,55,2011344
25/10/2012,56.1,56.85,56,56.25,2698472
23/10/2012,54.5,56.85,54.1,55.75,6535347
22/10/2012,54.15,54.6,53.4,54.05,1973908
19/10/2012,55.1,55.6,54,54.15,3713916
18/10/2012,54.7,55.75,54.25,54.95,6160371
17/10/2012,53.25,54.85,52.5,54.4,5350124
16/10/2012,52.5,54.2,52.05,53.1,6799789
15/10/2012,52.1,52.4,51.75,52.25,1169049
12/10/2012,51.4,52.75,51.4,51.8,1544724
11/10/2012,52,52,51.1,51.75,987272
10/10/2012,52.5,53.1,51.4,51.55,2658209
09/10/2012,51.5,53.6,51.1,52.25,5180880
08/10/2012,51.8,52.85,50.75,51.1,2035457
05/10/2012,49.5,52.15,49.5,50.65,3566110
04/10/2012,49,49.35,46.55,48.95,621398
03/10/2012,48.5,49.2,48.15,48.35,282412
01/10/2012,48.6,49,48.25,48.6,362746
28/09/2012,49,49.35,48,48.3,463775
27/09/2012,49.4,49.8,48.45,48.55,486327
26/09/2012,48.75,50.45,48.75,49.15,1397184
25/09/2012,48.5,49.95,48.5,49.25,1258508
24/09/2012,46.9,50.25,45.55,48.2,2002311
21/09/2012,47.8,48.4,46.2,46.9,946974
20/09/2012,46.95,47.2,46.1,47,429314
18/09/2012,46.75,47.95,46.2,47.5,749546
17/09/2012,46.5,47,45.45,46.75,713588
14/09/2012,46.5,46.8,46.15,46.25,441889
13/09/2012,45.95,46.55,45.8,46.25,601703
12/09/2012,45.45,46.2,45.05,45.8,443755
11/09/2012,45,45.75,44.85,45.3,213213
10/09/2012,44.9,45.55,44.35,45.4,354705
07/09/2012,44.6,45.1,44.15,44.85,456143
06/09/2012,44,44.7,43.3,44.35,280053
05/09/2012,43.05,44.35,42.95,44,475783
04/09/2012,43.05,43.55,42.6,43.3,253033
03/09/2012,42.5,43.1,42.2,42.95,325583
31/08/2012,42.6,42.7,42.3,42.35,204479
30/08/2012,42.3,42.8,42.15,42.55,222796
29/08/2012,42.6,42.9,42.3,42.6,250430
28/08/2012,43.5,43.55,42.1,42.3,427249
27/08/2012,44.1,44.35,43.25,43.4,292892
24/08/2012,44.5,44.5,44.05,44.1,213548
23/08/2012,44.5,44.7,44.35,44.5,193960
22/08/2012,44.4,44.85,44.25,44.4,156677
21/08/2012,44.5,45,44.25,44.45,194830
17/08/2012,44.75,45.4,44.4,44.45,315819
16/08/2012,44.3,45,44.2,44.65,206791
14/08/2012,44.3,44.85,44.25,44.55,162940
13/08/2012,44.55,44.8,44.2,44.35,211481
10/08/2012,44.7,45,44.5,44.75,168091
09/08/2012,45.15,45.35,44.4,44.65,272130
08/08/2012,45.25,45.7,45,45.1,2271025
07/08/2012,45.05,45.5,45,45.15,197954
06/08/2012,45.3,45.6,44.85,45.05,235524
03/08/2012,45.6,45.6,44.65,45,273480
02/08/2012,45.65,46.3,45,45.65,341077
01/08/2012,44.45,45.8,44.3,45.5,337442
31/07/2012,44.75,44.85,44.05,44.55,300658
30/07/2012,44.25,44.9,44.1,44.75,289223
27/07/2012,45.5,45.5,43.55,43.95,298051
26/07/2012,45,45.2,44.25,44.55,1334278
25/07/2012,45.1,45.15,44.6,45,268687
24/07/2012,45.9,46.1,44.7,45.05,339127
23/07/2012,45.75,45.9,45.1,45.45,365103
20/07/2012,45,49,45,46,768086
19/07/2012,46.3,47.6,46.2,46.4,2335423
18/07/2012,44.25,49,44.25,46.1,392886
17/07/2012,45.05,46.2,45.05,45.65,297197
16/07/2012,45.6,46,45.25,45.5,361748
13/07/2012,45.95,46.4,45.1,45.65,341844
12/07/2012,46.25,46.45,45.8,45.95,284528
11/07/2012,46.9,47.25,46.2,46.5,503100
10/07/2012,46.25,46.75,46.1,46.25,302050
09/07/2012,46,47.25,45.65,46.05,613584
06/07/2012,46.8,46.9,45.75,46.2,466691
05/07/2012,46.1,47.2,45.6,46.8,1241129
04/07/2012,44.4,46.25,44.1,46.05,1143115
03/07/2012,44.1,44.85,44.1,44.3,295139
02/07/2012,44.2,44.5,43.9,44.05,284575
29/06/2012,43.65,44.5,43.4,44.05,682875
28/06/2012,43.05,43.65,43.05,43.55,396384
27/06/2012,43.9,43.95,42.9,43,397711
26/06/2012,43.5,43.85,43.1,43.3,471822
25/06/2012,42.5,44.15,42.5,43.5,1055858
22/06/2012,42,42.5,41.95,42.15,293507
21/06/2012,40.6,42.5,40.6,42.3,198336
20/06/2012,41.7,42.4,41.5,41.9,257967
19/06/2012,42.05,42.35,40.45,42.05,189421
18/06/2012,42.15,43.4,42.15,42.3,221162
15/06/2012,42.45,42.95,42.4,42.55,228125
14/06/2012,43.3,43.3,42.3,42.45,211079
13/06/2012,43.25,43.9,43.2,43.3,330356
12/06/2012,42.7,43.3,42.7,43.15,222011
11/06/2012,43.35,43.85,43.15,43.3,355506
08/06/2012,43,43.5,42.75,43.25,304968
07/06/2012,44,44.85,43.4,43.5,1005296
06/06/2012,42.25,43.1,42.05,42.95,541829
05/06/2012,42.1,42.7,41.75,41.85,149550
04/06/2012,41.15,42.65,40.8,42.35,389400
01/06/2012,41.4,41.9,41.15,41.65,282554
31/05/2012,41.6,42.2,41.05,41.4,257682
30/05/2012,42.25,42.25,41.5,41.55,277792
29/05/2012,42.15,42.7,42.05,42.5,286748
28/05/2012,42.4,42.8,41.85,42,385883
25/05/2012,41.85,42.7,41.8,42.4,292040
24/05/2012,41.8,42.4,41.15,41.9,290396
23/05/2012,41.8,41.8,41.3,41.5,188918
22/05/2012,41.6,43.1,41.6,41.8,314400
21/05/2012,41.9,42.85,41.3,42.5,253122
18/05/2012,41.2,41.9,41.05,41.7,309927
17/05/2012,41.5,41.8,41.25,41.65,372371
16/05/2012,40.9,41.6,40.4,41.1,628263
15/05/2012,41.3,41.55,40.7,41.05,528771
14/05/2012,41.95,41.95,40.85,40.95,618138
11/05/2012,42.05,42.5,40.8,41.45,1122655
10/05/2012,42.25,43.2,42.2,42.3,357101
09/05/2012,42.5,42.9,42.1,42.25,440793
08/05/2012,43.7,43.7,42.45,42.55,585995
07/05/2012,42.5,43.7,42,43.45,654697
04/05/2012,43.5,43.5,42.75,42.9,767348
03/05/2012,43.8,43.95,43.4,43.5,586708
02/05/2012,43.85,44.35,43.65,43.8,524297
30/04/2012,44.9,45.2,43.75,43.85,1405200
27/04/2012,45.4,45.75,43.8,43.9,1961493
26/04/2012,44,46.2,43.9,44.75,4860322
25/04/2012,44.6,44.6,43.45,43.75,757344
24/04/2012,45.35,45.35,44,44.15,647772
23/04/2012,45,45.6,44.25,44.35,1027978
20/04/2012,44.6,45.45,44.25,44.8,1152546
19/04/2012,44.6,44.9,44.15,44.55,971514
18/04/2012,44.35,46.5,43.5,44.05,4743445
17/04/2012,44,44.5,43.1,43.3,2294404
16/04/2012,44.55,45,43.95,44.05,1383797
13/04/2012,46.1,46.2,44.55,44.7,1116293
12/04/2012,45.45,46.7,45.45,45.7,661124
11/04/2012,46.1,46.35,45.3,45.45,829168
10/04/2012,47.3,47.4,46,46.15,903098
09/04/2012,47,47.35,46.8,47,359747
04/04/2012,47.05,47.5,46.8,47.05,1014637
03/04/2012,47.9,48.3,46.95,47.05,1759218
02/04/2012,48.5,48.7,47.2,47.4,1164643
30/03/2012,48.5,48.9,47.6,47.85,1212002
29/03/2012,48.7,49.4,48.05,48.25,867628
28/03/2012,50.95,51.95,48.5,48.95,2581211
27/03/2012,48.1,50.8,47.45,50,944976
26/03/2012,47.8,48.4,47.35,48,456176
23/03/2012,47.8,48.2,47.4,47.8,222494
22/03/2012,48.3,48.8,47.4,47.55,317764
21/03/2012,47.75,48.5,47.55,48.3,231396
20/03/2012,47.85,48.65,47.35,47.75,334214
19/03/2012,48.6,48.7,47.6,47.85,281311
16/03/2012,49.15,50.35,48.3,48.6,774953
15/03/2012,50.95,50.95,48.9,49.15,660238
14/03/2012,50.85,51.35,50.2,50.85,1250609
13/03/2012,49.9,50.8,49.35,50.45,1248827
12/03/2012,48.5,49.85,48.5,49.15,1070575
09/03/2012,47.25,48.75,47.25,47.55,450775
07/03/2012,47.2,47.5,46.7,47,302081
06/03/2012,47.85,48.5,47.05,47.15,321690
05/03/2012,47.6,48.05,47.5,47.65,278589
02/03/2012,48.5,48.65,47.8,47.95,208079
01/03/2012,48.5,48.8,48,48.15,484620
29/02/2012,48.75,49.8,48.3,48.75,1057896
28/02/2012,47.1,48.45,47.1,48.15,379808
27/02/2012,48.25,48.45,47,47.1,452026
24/02/2012,49,49.3,48.1,48.25,401797
23/02/2012,49.45,49.95,48.1,48.45,771997
22/02/2012,53,53,49,49.45,1288338
21/02/2012,52.6,53.4,51.6,52.55,2601285
17/02/2012,51,54.55,50.55,52.5,6902636
16/02/2012,49.75,50.9,49.35,50.55,1789723
15/02/2012,48.25,50.25,48.25,49.35,1875417
14/02/2012,48.5,48.85,48,48.2,275158
13/02/2012,48.45,48.8,48.05,48.45,226798
10/02/2012,48.5,49.15,48,48.45,392396
09/02/2012,47.8,49.75,47.45,48.55,934707
08/02/2012,47.85,48.3,47.55,47.75,238728
07/02/2012,48.6,49,47.5,47.85,374466
06/02/2012,48.2,49.2,48.2,48.45,681144
03/02/2012,48.95,49.1,48.3,48.5,381960
02/02/2012,49.35,49.7,48.4,48.7,492332
01/02/2012,49.35,49.8,48.4,49.1,606421
31/01/2012,49.15,49.5,48.65,49.05,366269
30/01/2012,48.5,49.9,47.8,48.95,1313848
27/01/2012,48,50.85,47.6,48.7,2370531
25/01/2012,48.15,48.85,48,48.45,594284
24/01/2012,47.15,48,47.05,47.8,533275
23/01/2012,46.9,47.4,46.35,46.95,275445
20/01/2012,46.65,47,46,46.35,184716
19/01/2012,46.4,47.1,46.4,46.55,143177
18/01/2012,47.45,47.8,46.25,46.35,253985
17/01/2012,47.75,48.2,47,47.35,368175
16/01/2012,47.8,47.85,46.65,46.85,200486
13/01/2012,47,48.25,47,48,647078
12/01/2012,46.2,47.5,46.2,47.05,496784
11/01/2012,45.45,47.6,44.8,47.05,823933
10/01/2012,44.5,45.85,44.4,45.2,635401
09/01/2012,44,44.7,43.5,44.4,150198
06/01/2012,43.5,43.85,43.05,43.45,109783
05/01/2012,44,44,43,43.55,134402
04/01/2012,43.8,43.8,43.3,43.4,195198
03/01/2012,43.35,43.9,43.1,43.7,217573
02/01/2012,43,43.45,42.85,42.95,121400
30/12/2011,43.1,43.5,42.75,42.85,196784
29/12/2011,43.5,43.6,43,43.15,100478
28/12/2011,43.65,44,43.2,43.6,128220
27/12/2011,43.95,44.3,43.5,43.65,167046
26/12/2011,43.4,44.1,43.4,43.6,150344
23/12/2011,43.2,43.7,43.05,43.4,205281
22/12/2011,42.7,43.3,42.5,43.05,197154
21/12/2011,43,43.5,42.15,42.75,354177
20/12/2011,43.05,43.85,42.1,42.5,299070
19/12/2011,44,44,42.2,42.95,404738
16/12/2011,44.7,45.35,43.9,44.05,311380
15/12/2011,45,45.15,44.1,44.6,222807
14/12/2011,42.45,45.35,42.45,45.15,220079
13/12/2011,44.7,45.55,44.35,45.1,264654
12/12/2011,46,46,44.6,44.75,231374
09/12/2011,45.4,46,45,45.55,220128
08/12/2011,46.1,46.35,45.15,45.75,248212
07/12/2011,46.5,46.9,45.7,46.25,249015
05/12/2011,46.4,46.7,46.05,46.1,223676
02/12/2011,46.35,46.5,45.7,46.35,320868
01/12/2011,46.15,46.9,46,46.2,426595
30/11/2011,45.85,45.85,45.1,45.35,192211
29/11/2011,46.05,46.55,45.7,45.9,274261
28/11/2011,45.55,46.45,45.55,46.25,300681
25/11/2011,45,45.95,44.6,45.45,390898
24/11/2011,44,45.55,44,45.15,485611
23/11/2011,45.35,45.35,44,44.15,1034599
22/11/2011,45.25,45.85,44.8,45.35,532353
21/11/2011,46.4,46.6,44.65,44.8,1240873
18/11/2011,47.4,47.4,45.7,46.05,1271943
17/11/2011,48,48.5,47.35,47.45,377344
16/11/2011,47.1,48.45,47,48.2,557451
15/11/2011,49.2,49.2,46.75,46.95,1429142
14/11/2011,50,50,48.75,48.9,306415
11/11/2011,50,50,49.1,49.15,788760
09/11/2011,51.3,51.5,50.1,50.15,535201
08/11/2011,51.8,51.8,51.1,51.2,360389
04/11/2011,52.2,52.5,51.65,51.75,736305
03/11/2011,52.2,52.4,51.25,52.2,2122740
02/11/2011,50.7,52.5,50,51.75,4431921
01/11/2011,51.1,51.25,50.5,50.75,276862
31/10/2011,52,52.1,51.1,51.2,373628
28/10/2011,52,52.4,51.4,51.85,902363
25/10/2011,50.5,51.3,49.3,50.3,554002
24/10/2011,52.15,52.4,50.1,50.3,516658
21/10/2011,51.5,52.5,51.4,51.75,1816525
20/10/2011,51.9,51.9,51.05,51.5,831887
19/10/2011,51.6,52.3,51.6,51.95,1354263
18/10/2011,51,51.9,50.65,51.5,1482558
17/10/2011,50.65,52.1,50,51.4,1813344
14/10/2011,50.6,50.8,50.2,50.65,587892
13/10/2011,50.9,50.9,50.4,50.6,710772
12/10/2011,50.5,50.75,49.9,50.45,718660
11/10/2011,50,50.9,50,50.4,1173838
10/10/2011,49,49.9,49,49.8,974262
07/10/2011,48.2,49.9,47.65,48.9,1410397
05/10/2011,47.5,47.85,47,47.05,389282
04/10/2011,47.4,48,46.9,47.3,620098
03/10/2011,47.55,48,47.2,47.55,504729
30/09/2011,48.3,48.9,48,48.15,504352
29/09/2011,48.7,49.1,48.1,48.3,667839
28/09/2011,49.3,49.45,48.8,49.05,620212
27/09/2011,48.4,49.25,48.15,49.05,1077459
26/09/2011,48.5,49.05,47.2,47.7,1091743
23/09/2011,48.75,49.15,47.75,48.55,1426707
22/09/2011,50,50.3,49,49.1,1156544
21/09/2011,50,51,49.9,50.55,1324373
20/09/2011,50,50.35,49.55,49.95,742380
19/09/2011,49.55,50.4,49.55,49.95,698587
16/09/2011,50.35,50.65,49.9,50.05,985457
15/09/2011,50.6,51.1,50.1,50.25,956407
14/09/2011,50.8,50.8,50.1,50.2,737756
13/09/2011,51.4,51.55,50.1,50.2,1345797
12/09/2011,50.95,51.65,49.7,50.8,2943855
09/09/2011,51.9,52.2,50.8,50.95,1657760
08/09/2011,52.05,52.2,51.55,51.8,2291566
07/09/2011,52,52.7,51.35,52.1,5477769
06/09/2011,51.15,52.25,50.6,51.8,5941534
05/09/2011,50,52,49.55,51.5,5493057
02/09/2011,50.05,51.3,48.6,50.55,3811454
30/08/2011,52.5,52.8,49.25,49.8,10696584
29/08/2011,47,53.05,46.75,50.8,6213609
26/08/2011,47.7,47.9,45.8,46.15,1769056
25/08/2011,47.7,48.2,47,47.45,1740800
24/08/2011,46.4,48.2,46,47.25,3142285
23/08/2011,45.05,46.95,44.65,46.45,4208711
22/08/2011,45,45.4,44.4,44.7,3144678
19/08/2011,46.05,46.05,44.65,44.9,4196723
18/08/2011,48.15,48.5,46.15,46.3,4346287
17/08/2011,49.65,49.8,48,48.15,4804559
16/08/2011,50.9,51.3,49,49.3,12435359
12/08/2011,53.85,53.85,49.3,50.05,98188151
