Date,NBCC-EQ O,NBCC-EQ H,NBCC-EQ L,NBCC-EQ C,NBCC-EQ V
29/03/2019,65.6,66.6,65.45,66.3,14264183
28/03/2019,65.45,65.45,64.1,64.95,16915341
27/03/2019,65,65.2,63.4,63.65,6917567
26/03/2019,64.2,65.45,64.05,64.4,8425679
25/03/2019,63.5,65.7,63.05,63.75,11861421
22/03/2019,65,66.45,64.2,64.55,11018472
20/03/2019,67.75,67.75,64.1,65,17014161
19/03/2019,67.75,68.3,66.15,67.6,14150180
18/03/2019,66.85,68.2,66,67.05,19349102
15/03/2019,65.1,66.75,63.7,65.75,38080990
14/03/2019,60,65.15,59.5,64.65,27052542
13/03/2019,61.4,61.6,59,60.05,9942278
12/03/2019,59.9,62.9,59.5,61.05,22093531
11/03/2019,57.4,59.35,57.2,58.8,7152306
08/03/2019,58.5,58.7,56.45,57.05,9198745
07/03/2019,59.8,60,57.9,58.95,7068460
06/03/2019,58,61.9,57.8,59.7,15409526
05/03/2019,55.35,57.9,55.15,57.5,8884905
01/03/2019,53.2,55.4,53.05,55.05,7270430
28/02/2019,53.05,53.3,52.3,52.85,14521371
27/02/2019,52.85,54.35,52.55,52.9,8314492
26/02/2019,52,53,51.15,52.65,7759779
25/02/2019,53.55,53.8,52.9,53.3,11009074
22/02/2019,51.65,53.45,51.1,53.1,6864238
21/02/2019,51.5,51.9,50.75,51.6,4754407
20/02/2019,51.4,51.6,50.25,51.35,5985253
19/02/2019,50.65,51.3,50.2,50.65,4730158
18/02/2019,50.1,50.75,49.6,50.3,6282692
15/02/2019,49.45,51.15,48.7,50.05,15161940
14/02/2019,49.95,50.5,47.2,48.95,28465834
13/02/2019,54.2,54.85,51.05,51.5,7620968
12/02/2019,53.1,54.35,52.85,53.9,3557221
11/02/2019,54.9,55.1,52.8,53.35,4533423
08/02/2019,54.35,55.5,53.9,54.6,3329387
07/02/2019,53.8,55.4,53.3,54.65,5333806
06/02/2019,53.5,54.3,52.35,53.7,6277964
05/02/2019,56,56.3,52.75,53.4,7107581
04/02/2019,57.6,57.6,55.5,56.2,4551452
01/02/2019,59,60,56.7,57.85,5957647
31/01/2019,60.3,60.4,58.4,58.7,8887982
30/01/2019,58.55,60.2,57.75,60.05,8464543
29/01/2019,55.5,58.5,55.5,58.2,6188753
28/01/2019,56.85,57.2,55.5,55.9,4519089
25/01/2019,56.4,57.85,55.8,56.5,6110147
24/01/2019,57,57.5,55.75,56.15,4945606
23/01/2019,57.5,58.1,56.8,57,3291718
22/01/2019,56.45,58.2,56.3,57.65,5539222
21/01/2019,57.9,58.55,56.7,56.85,4245245
18/01/2019,59.3,59.3,57.8,57.95,5472823
17/01/2019,60.2,60.2,58.2,58.95,5038644
16/01/2019,60.3,61.1,59.45,59.65,6378176
15/01/2019,59.9,60.55,58.9,59.8,6239369
14/01/2019,61,61.2,59.3,59.7,5328251
11/01/2019,61.5,62.2,60.7,61,6936758
10/01/2019,61.45,62.15,60.9,61.25,5474309
09/01/2019,62.7,62.75,60.75,61.6,9228819
08/01/2019,62.6,63.2,61.75,62.45,25911949
07/01/2019,59.25,61.7,59.2,61.05,15013715
04/01/2019,59.2,59.9,58.1,58.9,17192774
03/01/2019,58,59.15,57.8,58.2,11043147
02/01/2019,57.3,58.9,56.8,58,8692267
01/01/2019,58.1,58.1,56.8,57.5,4673000
31/12/2018,57.05,58.95,57.05,57.75,10837209
28/12/2018,55,57.95,54.35,56.7,23026823
27/12/2018,55.45,55.9,53.65,53.9,21527626
26/12/2018,53.55,55.2,52.35,54.6,13141359
24/12/2018,55.95,56.35,53.95,54.15,8813229
21/12/2018,58.7,58.75,55.7,55.9,8337395
20/12/2018,58,59,57.3,58.3,11478441
19/12/2018,53.8,59.45,53.65,58.75,34964182
18/12/2018,52.9,53.8,52.5,53.4,4996702
17/12/2018,53.2,53.65,52.65,53,4569452
14/12/2018,53.75,54.05,52.1,52.7,6572041
13/12/2018,52.7,53.85,52.55,53.65,8551737
12/12/2018,51,52.9,50.1,52.05,11861914
11/12/2018,48,50.35,47.65,49.9,9595805
10/12/2018,50.9,51,48.5,48.75,13664103
07/12/2018,53.15,53.55,51.55,51.8,7135742
06/12/2018,54.95,55.25,52.8,53.05,5690985
05/12/2018,55.25,56.8,53.95,54.8,6594480
04/12/2018,53.7,57.05,53.6,55.75,11840592
03/12/2018,53.75,54.3,53,53.7,6220059
30/11/2018,55.3,55.65,52.5,52.9,11434173
29/11/2018,55.85,55.9,54.2,54.9,7606784
28/11/2018,56.65,56.95,55.3,55.65,5444380
27/11/2018,56.55,57.55,56.05,56.8,3431811
26/11/2018,58,58.4,56,56.55,3615928
22/11/2018,58.5,58.9,57.5,57.65,3468792
21/11/2018,59.4,59.9,58.4,58.7,3521046
20/11/2018,59,60.35,58.75,59.3,3866293
19/11/2018,60,61,59.3,59.65,4524929
16/11/2018,60.9,60.95,57.85,59.5,13149404
15/11/2018,64.6,65.1,60.05,60.5,13795089
14/11/2018,66.2,66.9,64.75,65.55,4971895
13/11/2018,66.4,67,63.65,65.55,7168584
12/11/2018,66,68.85,65.8,66.4,10876964
09/11/2018,64.3,65.9,63.8,65.65,7316457
07/11/2018,63.1,64.5,63,64.1,2697400
06/11/2018,63.1,63.7,61.45,62.2,5081903
05/11/2018,59,63.45,58.55,62.55,11970224
02/11/2018,60,61.15,58.6,58.85,9426264
01/11/2018,56.15,59.2,56.1,58.45,9858161
31/10/2018,54,55.55,53.15,55.25,4747136
30/10/2018,53,54.5,52.7,53.4,4861063
29/10/2018,52.15,53.2,51.25,52.75,4028937
26/10/2018,54.35,54.35,50.8,51.75,10032158
25/10/2018,52.5,56.7,52.2,54.85,19977642
24/10/2018,53.5,53.85,52.3,53.25,3522692
23/10/2018,52.7,53.65,52.1,52.85,4123603
22/10/2018,53.45,54.4,52.4,53.3,5441068
19/10/2018,56.1,57.25,52.2,53,12781096
17/10/2018,58.4,59.3,55.55,56.3,10579394
16/10/2018,54.7,56.7,54.3,56.4,8671263
15/10/2018,53.75,54.8,53.45,54.25,6222971
12/10/2018,53.1,55,53.05,53.4,6773089
11/10/2018,53.25,53.75,51.5,52.5,7464519
10/10/2018,53.5,56,53.2,54.95,11513898
09/10/2018,55.85,55.85,52.1,52.7,9214550
08/10/2018,53.5,55.15,52.5,54.3,5648712
05/10/2018,57,57.2,52.9,53.5,9022150
04/10/2018,57.4,58.45,55.65,56.75,6058909
03/10/2018,59.2,60.1,57.2,57.6,5650894
01/10/2018,58.5,59,55.35,58.7,5192241
28/09/2018,62.1,62.5,57.6,58.5,5750998
27/09/2018,64.55,65,61.5,61.65,4401988
26/09/2018,64,64.8,63.4,64.1,2216198
25/09/2018,62.45,66.35,61.4,63.85,8191220
24/09/2018,64.95,64.95,61.75,62.7,3496332
21/09/2018,66,66.25,60.2,64.9,5765959
19/09/2018,67.4,67.9,64.4,64.8,5174193
18/09/2018,68.9,68.9,66.5,67,2714095
17/09/2018,68.1,68.95,67,68.45,2190748
14/09/2018,67.95,70.4,67.8,68.3,5148975
12/09/2018,67.7,67.7,65.2,66.85,3306416
11/09/2018,69.2,69.75,66.7,67.25,3020968
10/09/2018,71,71.1,68.7,68.95,2654195
07/09/2018,67.8,72.25,66.75,71.05,9965059
06/09/2018,67.9,68.85,66.9,67.8,2681661
05/09/2018,69,69,66.25,67.95,5140947
04/09/2018,73,73.2,68.8,69.2,6367736
03/09/2018,72.1,74.4,71.9,72.9,3743712
31/08/2018,72,72.65,71.25,72.05,2694224
30/08/2018,72.5,73.25,71.8,72.25,3168426
29/08/2018,72.6,73.9,72.35,72.6,2295732
28/08/2018,73.5,73.7,71.65,72.45,2923796
27/08/2018,73,73.8,71.85,73.25,3206024
24/08/2018,71.65,74.15,71,72.6,5470482
23/08/2018,73.95,74,70.85,71.45,5438212
21/08/2018,73.8,74.95,73.65,74.25,2379440
20/08/2018,73.95,74.4,73.35,73.75,2672791
17/08/2018,76.1,76.5,73,74.3,9347500
16/08/2018,71.9,75.8,71.5,75.3,7257071
14/08/2018,71,72.6,70.95,72.35,3482127
13/08/2018,74.2,74.5,71.05,71.45,8422508
10/08/2018,77.4,77.65,74.95,75.65,3497045
09/08/2018,75,77.7,74.8,77.35,4033939
08/08/2018,76.7,76.9,74.2,74.65,6342127
07/08/2018,78.95,79,76.1,76.8,4742724
06/08/2018,77.5,79.6,77.1,78.3,7614744
03/08/2018,75.95,78.3,75.5,76.65,13444082
02/08/2018,70.8,75.2,69.95,74.8,9320278
01/08/2018,71,71.75,70.1,70.8,3506501
31/07/2018,71.55,71.55,69.25,70.55,3689767
30/07/2018,71,72.4,70.6,71.3,6070868
27/07/2018,67,71.1,66.55,70.2,6957766
26/07/2018,67.15,68.5,66.55,67.35,4507842
25/07/2018,68.45,69.4,66.7,67.25,3662423
24/07/2018,65,69,64.9,68.05,6398974
23/07/2018,63.3,65.35,62.55,64.95,4604165
20/07/2018,63.25,63.9,62.4,63.45,4371493
19/07/2018,62,65.5,61.2,63.15,10587947
18/07/2018,63.85,63.85,60.6,61.8,4051702
17/07/2018,61.7,63.6,60.95,62.95,8818592
16/07/2018,65.4,65.4,61.2,61.5,5268202
13/07/2018,67.7,67.95,65.25,65.45,3902348
12/07/2018,69.1,70.1,66.9,67.55,4021581
11/07/2018,70.05,71.15,68.2,68.6,6588032
10/07/2018,70.1,71.2,69.75,70.15,3840160
09/07/2018,68.6,71.25,68.5,69.6,9652943
06/07/2018,68.2,69.95,67.35,67.85,8252277
05/07/2018,67.8,69.45,67.55,68.85,8296683
04/07/2018,71.05,71.85,67.3,67.7,9237695
03/07/2018,72,73.45,70.75,71.3,5191117
02/07/2018,76,76.1,72.25,73,5116181
29/06/2018,73.15,75.3,73.05,74.95,5134921
28/06/2018,72.8,74.1,70,72.35,7125440
27/06/2018,80.5,80.5,71.95,73.35,11376776
26/06/2018,81.5,82,78.65,79.9,4557126
25/06/2018,83,83.15,81.1,81.8,2117641
22/06/2018,82.8,83.1,81.55,82.9,2477922
21/06/2018,84,84,82.45,82.8,2036897
20/06/2018,84.55,84.95,82.75,83.4,2924624
19/06/2018,86.35,86.35,84,84.5,3483012
18/06/2018,86.5,87.2,85.65,86.25,3940671
15/06/2018,85.2,86.35,84.65,84.9,3247510
14/06/2018,86.8,86.8,84.55,85.3,4889181
13/06/2018,90.7,90.8,87.25,87.5,3474943
12/06/2018,87.5,90.3,87.1,89.9,3477486
11/06/2018,87.95,88.85,87.15,87.7,1901510
08/06/2018,86.6,88.15,86,87.25,2443931
07/06/2018,87.5,89.45,85.7,86.85,6045014
06/06/2018,84.95,87.35,84.5,86.75,2389793
05/06/2018,86.35,86.5,83.55,85.3,4083573
04/06/2018,90.4,90.4,85.4,86.4,5249786
01/06/2018,92.8,93.3,88.2,89.8,4129638
31/05/2018,95,95,91.05,92.1,8016263
30/05/2018,94.7,95.65,94,94.25,1247080
29/05/2018,95.65,96.5,93.85,94.9,1655605
28/05/2018,97.7,98.5,94,95.65,5414463
25/05/2018,95.4,98.6,95,97.8,5836209
24/05/2018,92.4,95.5,92.4,94.45,1430985
23/05/2018,92.75,95,91.7,91.95,1934184
22/05/2018,92.55,94.2,91,92.75,2046928
21/05/2018,95.45,95.45,92.3,93.05,2845603
18/05/2018,98,98.65,95,95.45,1682210
17/05/2018,98,99.2,97.65,97.95,1399607
16/05/2018,97,99.2,96.75,97.9,1407532
15/05/2018,98.3,102.2,97.1,98.1,3113636
14/05/2018,99.7,99.7,96.7,98.3,1767975
11/05/2018,101.4,102.15,98.5,99.7,2207213
10/05/2018,103.45,104.1,100.9,101.4,1143851
09/05/2018,101.55,104.4,101.55,103.45,935353
08/05/2018,103.25,105.15,103.25,104.5,1821327
07/05/2018,103.8,105.2,102.8,103.6,1556676
04/05/2018,103.7,104.95,103,103.85,1245213
03/05/2018,105.6,105.7,102.8,103.75,1545453
02/05/2018,105.35,108.5,104.3,105.65,4101941
30/04/2018,105.2,106.25,103.75,104.9,1992083
27/04/2018,104.7,105.85,103.55,104.85,1582963
26/04/2018,106.8,107.8,103.55,104.65,2448428
25/04/2018,103.5,109.2,102.9,106.4,5930273
24/04/2018,103.38,104.6,103.03,103.4,1860142
23/04/2018,104.05,104.2,102.7,103.05,2287504
20/04/2018,105.25,105.78,103.4,104.43,2209884
19/04/2018,105.5,106.38,105.25,105.8,1348986
18/04/2018,107.63,107.98,105.05,105.5,2928840
17/04/2018,105.65,108.15,105.5,107.08,4503372
16/04/2018,104.83,105.85,103.68,105.68,1584534
13/04/2018,106,106.48,104.8,105.23,3108574
12/04/2018,105.48,105.88,104.5,105.08,1495404
11/04/2018,106,106.4,104.35,105.8,1785506
10/04/2018,106.7,106.9,105.03,106.25,4271718
09/04/2018,104.2,105.4,103.75,105.1,3556478
06/04/2018,103.43,104.88,102.63,103.75,2457972
05/04/2018,103.48,104.1,103.13,103.73,2832250
04/04/2018,105.5,105.8,101.05,101.5,5531122
03/04/2018,104.2,107,103,105.1,18058588
02/04/2018,97.55,100.5,96.38,99.5,3610052
28/03/2018,96,96.83,95,95.2,4458376
27/03/2018,96.2,97.5,96.13,97.2,3045728
26/03/2018,95.5,96.5,94.2,95.25,5514300
23/03/2018,96.95,97.33,93.35,95.65,6937398
22/03/2018,98.38,99.4,97,98.35,3657072
21/03/2018,97.75,99.58,97.4,98.08,4973408
20/03/2018,98.93,99.63,96.8,97.13,3913440
19/03/2018,102.35,102.78,98.93,99.75,5366352
16/03/2018,98.98,101.8,98.05,100.18,8262888
15/03/2018,100.55,100.55,98.58,99.08,3525828
14/03/2018,98.7,102.93,98.65,100.6,10785342
13/03/2018,93.28,98.95,92.78,98.08,7329166
12/03/2018,91.95,92.68,90.68,92.33,2993060
09/03/2018,93.73,93.73,90.7,91.1,4475102
08/03/2018,95.03,95.13,92,92.95,3250122
07/03/2018,94.23,95.48,92.28,93.75,3411482
06/03/2018,97,97.25,94,94.58,2270320
05/03/2018,98,98.03,95,95.88,3211428
01/03/2018,97.98,99.3,97.6,97.98,2477982
28/02/2018,99.28,99.28,97.5,98.2,2790960
27/02/2018,101.5,101.5,98.75,99.38,2694258
26/02/2018,101.98,101.98,99.78,100.75,3107350
23/02/2018,97.2,101.5,97,100.9,6502196
22/02/2018,98,98.9,95.85,96.38,5159768
21/02/2018,99.48,99.48,98.25,98.83,1957288
20/02/2018,99.5,99.75,97.35,98.4,2826978
19/02/2018,102,102.48,97.2,99.5,3564500
16/02/2018,104.75,104.75,101.15,101.95,2709276
15/02/2018,104.75,106.7,103.3,104.05,3027524
14/02/2018,110,110.5,104.15,104.75,4240408
12/02/2018,107.4,108.75,105.75,108.03,2858546
09/02/2018,102,106.75,100.63,105.4,3430638
08/02/2018,102.95,105.25,102,104.18,3139318
07/02/2018,104.75,104.75,101.4,101.98,3693818
06/02/2018,98.98,101.93,93.3,100.43,10481690
05/02/2018,107.8,107.88,100.38,102.95,9531516
02/02/2018,114.23,114.33,108.4,109.48,4043032
01/02/2018,114.25,117.85,113,114.43,8565430
31/01/2018,111.25,114.8,111.05,112.98,6256710
30/01/2018,115,115.45,111.1,112.4,5776642
29/01/2018,117.85,118.2,115,115.25,2859582
25/01/2018,118.5,120.23,117,117.48,4200606
24/01/2018,120,121.2,118.6,118.98,2200736
23/01/2018,121.9,121.95,120.05,120.9,1640854
22/01/2018,119.65,121.88,118.6,121.15,2054616
19/01/2018,118.5,120.8,117,120.15,1571186
18/01/2018,123,123,117.98,118.88,2430356
17/01/2018,121,122.95,116,122.38,2975830
16/01/2018,124.35,124.73,121.3,121.75,2331050
15/01/2018,125.3,125.53,124.08,124.38,1416920
12/01/2018,124.78,126.48,123.63,124.83,3002804
11/01/2018,124.8,126.18,123.65,124.28,2480386
10/01/2018,125.35,126.38,124.2,125,2091230
09/01/2018,126.93,127.13,125.05,125.43,2558164
08/01/2018,127.93,128.6,126.5,126.75,5526544
05/01/2018,125.45,126.33,125,125.3,2808668
04/01/2018,123.23,125.25,122.7,124.58,3948882
03/01/2018,121.85,123.1,121.35,121.73,1932546
02/01/2018,123.65,124.08,121.25,121.78,2485898
01/01/2018,123.65,124.73,122.6,123.5,1721724
29/12/2017,124.65,125.7,122.78,123.45,4533398
28/12/2017,125.5,126,123.15,123.7,4236512
27/12/2017,126.75,127.25,124.25,124.78,2933948
26/12/2017,125.78,128.58,122.28,125.83,4944902
22/12/2017,126.75,128.25,126.4,127,2203242
21/12/2017,126.88,127.4,125.6,126.1,2508826
20/12/2017,126.5,129.15,126.25,126.65,5051142
19/12/2017,125,126.95,125,126.1,2422498
18/12/2017,124.98,126.98,117.5,124.73,3007988
15/12/2017,124.38,125.8,124.03,125.23,2157384
14/12/2017,123.55,124.1,120.58,122.73,2533566
13/12/2017,125.9,126.38,122.53,123.03,2441566
12/12/2017,126.75,127.98,125.15,125.58,3446360
11/12/2017,130.23,132.35,126.53,127.1,7208142
08/12/2017,128.23,133,127.8,129.73,7465818
07/12/2017,127.38,129.45,126.75,127.28,3730880
06/12/2017,128,129.83,126.5,126.98,1877162
05/12/2017,127.68,130.68,126.28,128.33,3666782
04/12/2017,130.78,131.48,127.05,127.98,3153478
01/12/2017,132.35,133.93,129.4,130.25,2773644
30/11/2017,132,133.33,130.8,131.43,5549672
29/11/2017,131.9,135.8,131.18,132.18,7041196
28/11/2017,132.05,133.6,130.95,131.28,4770382
27/11/2017,131.9,133.73,131.5,131.95,3290190
24/11/2017,133.5,134.25,131.4,132.48,2506502
23/11/2017,134.9,134.9,132.55,133.03,2426240
22/11/2017,136.25,137.1,133.38,134.05,3365640
21/11/2017,134.25,137.78,134.08,135.45,5383710
20/11/2017,134.73,137,132.2,132.55,3486108
17/11/2017,135.1,137.4,133.88,134.55,2713044
16/11/2017,133.55,134.58,130.5,133.03,4826352
15/11/2017,135.98,138.93,126.23,132.5,7904848
14/11/2017,134.95,140.25,134.13,135.13,6848548
13/11/2017,137,138.63,134,134.43,2913974
10/11/2017,137.5,141.1,136.5,137.3,2840178
09/11/2017,139.9,141.68,136.48,138.43,5014846
08/11/2017,144.23,145.65,137.08,139.05,7250448
07/11/2017,134.5,145.58,134.5,142.8,28765236
06/11/2017,130.25,133.55,130.25,131.98,2135052
03/11/2017,131.25,132.68,131.03,131.4,1442670
02/11/2017,132.5,134.1,130.95,131.28,2930380
01/11/2017,131,133.35,130.1,131.43,2832560
31/10/2017,133.9,134.93,129.5,130.05,4394354
30/10/2017,128.4,134,128.4,132.88,3481034
27/10/2017,128.9,131.65,126.78,127.73,4919308
26/10/2017,129.5,130,126.5,128.15,8729964
25/10/2017,131.9,136,120.75,123.23,12316440
24/10/2017,127.73,132.68,126.38,130.05,6597812
23/10/2017,127.95,129,126.53,127.05,2208706
19/10/2017,126.28,128.15,125.5,126.8,2033806
18/10/2017,125.85,127.13,125.13,125.65,3658816
17/10/2017,119.8,126.35,119.8,125.13,8982946
16/10/2017,122.5,123.2,118.58,119.78,3313936
13/10/2017,122,124.55,120.98,121.68,9669332
12/10/2017,111.63,121.68,111.63,120.98,16583676
11/10/2017,110.73,113.2,110,110.63,2908054
10/10/2017,110.35,110.85,109.6,110.03,1651348
09/10/2017,108.05,110.68,107.75,109.08,1805772
06/10/2017,107.7,108.35,107.53,108.05,756118
05/10/2017,106.95,108,106.88,107.48,1226170
04/10/2017,107.45,108.33,106.28,106.68,1228276
03/10/2017,108,108.4,106.3,106.68,1510300
29/09/2017,105.23,107.7,105.03,106.3,1217556
28/09/2017,104,106.48,103.75,105.3,3083412
27/09/2017,107.3,107.3,103.1,103.75,1554220
26/09/2017,105.98,107.45,104.45,106.2,1564888
25/09/2017,108.2,108.48,104,105.68,2161352
22/09/2017,111.65,111.7,107.85,108.2,2878686
21/09/2017,111.7,114.25,111.08,112.03,10769660
20/09/2017,107.53,110.5,106.95,110.08,5777070
19/09/2017,107.23,109.5,106.28,107.5,3044216
18/09/2017,106.7,107.75,106.53,106.78,1081458
15/09/2017,106.23,107.2,105.53,106.18,1156400
14/09/2017,105.95,108.43,104.65,106.58,3520870
13/09/2017,107.05,107.75,104.53,105.08,1281658
12/09/2017,105,108.83,104.55,106.75,4894534
11/09/2017,105,105.45,104.03,104.23,836040
08/09/2017,105.98,106,104.2,104.4,966164
07/09/2017,106.2,106.93,104.55,105.15,2113392
06/09/2017,103.73,105.23,103.28,104.2,1515764
05/09/2017,104.2,105.38,103.83,104.5,1067180
04/09/2017,104.85,105.85,103.03,103.4,1623232
01/09/2017,102.7,104.98,102.6,104.33,1835758
31/08/2017,103.25,103.73,102.03,102.28,1113514
30/08/2017,102.9,104,102.58,103.2,829330
29/08/2017,103.5,103.5,101.7,102.2,1016432
28/08/2017,103.5,103.93,103.13,103.45,619334
24/08/2017,103.25,104.08,102.28,102.9,1360072
23/08/2017,102.3,102.88,101.28,102.55,1039848
22/08/2017,103.2,103.95,101.28,101.73,1170828
21/08/2017,104.55,105.83,102.53,102.88,1726890
18/08/2017,102.6,105.1,102.4,104.15,2136394
17/08/2017,104.33,105.25,103.18,103.65,1255050
16/08/2017,104.85,106.25,103.3,104.2,3537684
14/08/2017,101.4,105.6,101.33,103.28,3490342
11/08/2017,96.55,101.85,94.05,99.83,5426710
10/08/2017,103,103.73,96.05,97.53,3014258
09/08/2017,105.58,105.73,103.5,103.93,1312884
08/08/2017,106.85,107.25,105.5,106.25,1712602
07/08/2017,107.78,108.88,106,106.85,1418440
04/08/2017,108.4,108.65,106.95,108.35,1965690
03/08/2017,107.75,109.8,107.1,108.55,4580778
02/08/2017,105.98,107.95,105.13,107.5,3328782
01/08/2017,104.88,106.7,104.88,105.95,1795092
31/07/2017,105.6,106.05,104.4,104.75,1589168
28/07/2017,103.9,106.33,103.4,105.73,2489632
27/07/2017,105.25,107.08,103.23,104.25,2795692
26/07/2017,104.53,106.08,104,105.35,1383904
25/07/2017,107.55,107.75,103.7,104.58,2923832
24/07/2017,108.13,108.73,106.75,107.55,1597590
21/07/2017,108.95,109.3,106.95,107.8,2988124
20/07/2017,105.85,108.45,104.53,107.93,4586052
19/07/2017,105,105.9,104.58,105.4,859900
18/07/2017,105.15,106.2,104.58,104.8,1196944
17/07/2017,106.75,106.75,105.08,105.65,1169146
14/07/2017,106.23,106.4,104.6,105.15,1767904
13/07/2017,106.43,106.9,105.53,106.23,1929386
12/07/2017,105,106.48,104.13,105.73,3056048
11/07/2017,103.2,106.18,103.03,104.48,5138540
10/07/2017,104,104,102,102.63,263220
07/07/2017,102.78,103.5,102,102.38,1360494
06/07/2017,103.5,104,102.75,103.08,1049726
05/07/2017,102.5,103.88,101.88,103.05,1529132
04/07/2017,103.5,104.6,102.05,102.55,1540472
03/07/2017,102.1,104.73,101.65,103.78,3393856
30/06/2017,101.75,102,100.25,101.25,2325920
29/06/2017,102.18,103.5,101.88,102.15,2055488
28/06/2017,100.7,102.4,100.25,101.75,2101116
27/06/2017,104.98,105,100.75,101.08,3703578
23/06/2017,104,105.5,100.75,104.45,6024980
22/06/2017,105.3,106.75,102.28,103.45,4638868
21/06/2017,103.95,105.75,103.53,104.9,4653698
20/06/2017,105.23,105.3,103.08,103.48,8701886
19/06/2017,101.5,103.35,99.85,102.73,3953458
16/06/2017,98.88,102.25,98.25,100.35,9060782
15/06/2017,98.6,99.3,98.5,98.85,1234848
14/06/2017,99.38,99.75,98.33,99.38,1334228
13/06/2017,99.38,100.2,99.1,99.43,1170182
12/06/2017,98.25,100.35,98.05,99.3,1128202
09/06/2017,99.05,100.4,98.05,99.28,1272460
08/06/2017,101.5,101.5,99.03,99.2,1276258
07/06/2017,101.25,101.73,99.93,100.45,1434306
06/06/2017,103.25,104.28,100.63,101.13,6397412
05/06/2017,97.5,101.9,97.5,100.58,4437872
02/06/2017,97.63,99.25,97.15,97.83,2239190
01/06/2017,96.5,97.45,95.25,96.73,950200
31/05/2017,97.95,98.7,96.35,97.48,934246
30/05/2017,96.6,98.35,94.83,98.05,2722806
29/05/2017,99,99.75,96.75,97.45,4524748
26/05/2017,94.5,98.1,94.23,97.35,3929130
25/05/2017,91,94.35,90.88,93.48,2318908
24/05/2017,90.9,92.5,89.35,90.33,2239022
23/05/2017,93.6,94.13,89.1,90.48,2406156
22/05/2017,97.6,98,94.05,94.6,1935038
19/05/2017,98,98.88,96.25,96.78,1171436
18/05/2017,98.5,99.63,96.75,97.1,1573484
17/05/2017,99.3,101.48,98.5,100.18,3838546
16/05/2017,99,99.98,98.1,99.13,1247864
15/05/2017,97.25,99.33,97.25,98.8,1028906
12/05/2017,98,98.35,96.3,97.13,938434
11/05/2017,99.48,99.88,97.5,98.05,1243614
10/05/2017,99.53,100.65,98.75,99.05,2241174
09/05/2017,99.75,100.4,98.73,99.03,1375460
08/05/2017,99.15,100.13,99,99.7,1864730
05/05/2017,99.68,100.98,98.25,98.58,2505240
04/05/2017,100.65,101.18,99,99.55,1589602
03/05/2017,97.78,101.93,97.68,100.18,5588070
02/05/2017,100.5,100.8,97.1,98.1,2525964
28/04/2017,101,103,99.5,99.88,9883620
27/04/2017,97.7,100.85,97.7,99.9,6012528
26/04/2017,97,98,95.38,97.2,4301188
25/04/2017,98,98.35,96,96.3,1487774
24/04/2017,96,97.8,94.83,97.58,3393522
21/04/2017,96.85,98.5,95.5,96,3773268
20/04/2017,93.13,96,93.05,95.75,6438734
19/04/2017,91.85,92.25,90.5,91,1840952
18/04/2017,91.45,92.3,90.05,90.55,3071208
17/04/2017,89.03,91,87.93,90.53,1782712
13/04/2017,89.75,90.83,88.33,89.33,1351494
12/04/2017,91,92.13,87.55,89.08,2393704
11/04/2017,90.48,90.95,89.55,90.7,2102910
10/04/2017,89.5,90.7,89.28,90.13,3065602
07/04/2017,86.43,89.6,85.93,88.55,5157342
06/04/2017,86,87,85.5,86.53,1984256
05/04/2017,87,87.2,85.65,85.95,2147546
03/04/2017,86.25,87,86.08,86.65,1498644
31/03/2017,86.75,86.98,85.5,86.03,2017440
30/03/2017,86,87.68,85.83,86.45,4421284
29/03/2017,86.6,86.93,85.05,85.78,2529412
28/03/2017,87.33,87.8,86.05,86.23,1422356
27/03/2017,87.5,87.98,86.5,87.35,1351690
24/03/2017,87.85,89,87.3,87.55,1763620
23/03/2017,87.33,88.23,87.33,87.48,1042896
22/03/2017,87.5,88.68,86.78,87.23,1678498
21/03/2017,88.15,89.2,87.08,88.4,1782260
20/03/2017,89.8,89.83,87.68,88,1791674
17/03/2017,90.95,90.95,87.75,89.55,10165818
16/03/2017,91,91,89.75,90.05,3477778
15/03/2017,89.55,90.7,88.18,90.03,4663406
14/03/2017,87.55,89.7,86.75,89.23,6704488
10/03/2017,84.35,86.13,83.5,85.45,3357418
09/03/2017,82.4,84.78,80.28,84.35,2065238
08/03/2017,83.3,83.65,82.25,82.48,2029466
07/03/2017,85.45,85.45,83.25,83.5,2397724
06/03/2017,84.53,84.53,83.45,83.65,1731986
03/03/2017,82.95,84.5,82.3,84.1,2220512
02/03/2017,82.6,85.1,82.5,82.95,3256328
01/03/2017,84.88,84.9,82,82.55,2651068
28/02/2017,84.2,85.98,82.8,84.43,2362050
27/02/2017,85.95,86.2,83.5,84.03,2482066
23/02/2017,87.45,87.45,85.6,85.83,1986800
22/02/2017,88.4,88.48,86.6,87.35,2892480
21/02/2017,88.98,89.2,87.5,88.03,2264230
20/02/2017,87.95,90.88,87.55,88.53,4243288
17/02/2017,96.85,96.85,77.85,87.55,12329040
16/02/2017,95.64,99,95.5,96.42,9674656
15/02/2017,95.04,96.52,94.84,95.4,5129814
14/02/2017,94.67,95.97,93.8,95.62,4637826
13/02/2017,94.27,95.27,93.5,94.09,7718418
10/02/2017,93.67,94.34,93.4,93.77,2157540
09/02/2017,94.17,94.34,92.8,93.65,2265630
08/02/2017,93.14,94.27,92.02,93.89,2313526
07/02/2017,93.32,94,92.12,92.75,2405820
06/02/2017,92.37,93.67,91.95,92.85,3006414
03/02/2017,92.1,92.67,90.52,91.9,2720520
02/02/2017,92,92.25,91.5,91.74,2168272
01/02/2017,90.9,92,90.35,91.59,5234268
31/01/2017,89,91.25,88.67,90.25,3799666
30/01/2017,89.7,89.7,88.67,88.95,1432594
27/01/2017,89.44,90.24,89.04,89.7,3071374
25/01/2017,89.32,89.52,88.35,89.04,1771684
24/01/2017,88.1,90,88,88.99,3375522
23/01/2017,86.2,87.6,86,87.27,2471422
20/01/2017,90.34,90.49,85.6,86.07,6799188
19/01/2017,92.17,92.52,89.9,90.37,3519300
18/01/2017,93.77,94.29,91.67,91.87,4198396
17/01/2017,92.07,95.34,92.07,93.1,9170470
16/01/2017,91.87,93.99,91.37,91.79,4702210
13/01/2017,90.99,92.4,90.35,91.57,2950194
12/01/2017,91.64,91.64,89.49,90.72,4248952
11/01/2017,90.19,91.67,89.04,91.12,6868746
10/01/2017,86.4,90,85.59,89.39,9408286
09/01/2017,83.94,87,83.05,85.92,5158552
06/01/2017,83.32,84.77,83.22,83.65,2417802
05/01/2017,82.84,84,80.14,83.2,5573718
04/01/2017,85.49,85.97,81.7,82.37,9914782
03/01/2017,85.94,86.59,84,84.82,6187930
02/01/2017,80.35,84.92,80.35,84.49,10800348
30/12/2016,79.42,81.44,79.05,79.65,6493582
29/12/2016,76.84,79,76.67,78.67,5030068
28/12/2016,76,78.3,75.37,76.39,4627270
27/12/2016,73.24,75.84,72.69,75,3885708
26/12/2016,74.34,76.47,71.54,73.27,6192954
23/12/2016,73.84,75.3,73.84,74.42,829368
22/12/2016,75.34,75.49,74,74.32,948990
21/12/2016,76.67,76.67,75.34,75.55,866412
20/12/2016,75.27,76.89,74.82,76.24,2660452
19/12/2016,75.54,75.84,74.35,74.62,1756732
16/12/2016,74.07,76,74.07,74.9,2779900
15/12/2016,74.19,75.42,74,74.44,1335538
14/12/2016,75.9,76.3,75,75.2,824946
13/12/2016,76.5,76.92,75.7,75.84,1094416
12/12/2016,77.79,78.72,76.27,76.59,1507884
09/12/2016,78.67,78.7,77.37,77.8,1149484
08/12/2016,77.8,78.84,77.69,78.37,1752252
07/12/2016,78.27,78.67,76.54,77.49,3558150
06/12/2016,75.84,79.32,75.1,77.99,5960578
05/12/2016,74.47,76,73.42,75.5,2027466
02/12/2016,75.29,75.65,73.19,74.09,1548366
01/12/2016,76.37,77.39,75.5,75.75,2218594
30/11/2016,75.99,76.52,75.52,76.04,1905898
29/11/2016,76.34,76.34,75.05,75.65,2179068
28/11/2016,75.67,77.09,75.37,75.67,2161230
25/11/2016,75.79,76.59,75.17,75.45,1795656
24/11/2016,75.84,77.5,74.67,75.14,4833436
23/11/2016,71.57,76.65,71,76.22,5424526
22/11/2016,71.07,71.49,69.17,70.6,4287052
21/11/2016,73.42,73.97,69.37,70.02,3767164
18/11/2016,73,74.2,72.57,73.29,1778742
17/11/2016,72.97,74.17,71.67,72.24,1414998
16/11/2016,74.8,75.8,72.6,73.35,2279554
15/11/2016,76,76.3,73.52,74.17,1860786
11/11/2016,76.27,77.52,75.4,75.65,2158174
10/11/2016,76.25,78.34,75.69,77.45,3672768
09/11/2016,69.34,76.64,66.35,73.8,6043054
08/11/2016,79.17,79.17,77.69,78.17,1309722
07/11/2016,76.89,80.24,76.89,78.14,3585108
04/11/2016,78.49,78.79,75.67,76.12,2109514
03/11/2016,79.97,79.97,78,78.4,2251714
02/11/2016,79.97,80.3,79.09,79.85,2055724
01/11/2016,81.6,81.67,80,80.24,2680602
30/10/2016,80.39,80.64,80.02,80.47,1170280
28/10/2016,80,80.57,79.67,79.97,1986532
27/10/2016,79.37,80.34,78.95,79.74,2659960
26/10/2016,80.67,81.3,79.09,79.29,4442806
25/10/2016,79,81.14,79,80.62,9629440
24/10/2016,79,79.92,78.75,78.94,17794978
21/10/2016,80.95,82.34,80.09,80.4,16306600
20/10/2016,82.92,84.64,81.7,83.65,12862258
19/10/2016,84.49,85.3,84.17,84.44,1172616
18/10/2016,84.14,85,83.69,84.22,1599894
17/10/2016,84.84,86.17,83.07,83.4,1812618
14/10/2016,86.62,87.5,85.25,85.55,1525746
13/10/2016,86.94,89.3,84.4,85.85,5378446
10/10/2016,88.15,88.74,86.74,87.29,1141332
07/10/2016,90.94,91,87.67,88.04,2500026
06/10/2016,93.87,94.6,90.5,90.9,5194666
05/10/2016,93.64,99.8,93.07,93.62,13782814
04/10/2016,86.97,94.65,86.17,92.65,10714302
03/10/2016,85,86.67,84,86.37,1638990
30/09/2016,83,84.84,82.37,83.92,809508
29/09/2016,86.04,87.47,82,83.57,2825070
28/09/2016,84.5,86.42,84.07,86.05,1947046
27/09/2016,84.42,84.8,83.17,84.35,992806
26/09/2016,84.65,85.24,83.67,84.25,1065964
23/09/2016,84.5,84.9,83.45,84.59,1058434
22/09/2016,85.34,85.64,83.85,84.24,1329358
21/09/2016,86.34,86.65,84.24,84.64,3019444
20/09/2016,85.44,85.92,83.87,84.37,2077972
19/09/2016,83.34,84.34,80.84,84,2131594
16/09/2016,84.69,85.14,82.65,83,1435966
15/09/2016,84.87,85.15,83.4,84.55,3757626
14/09/2016,82.32,83.85,82.3,82.89,1878568
12/09/2016,82.34,84.17,81.27,81.67,1690600
09/09/2016,86,86.92,83.54,84.07,3295768
08/09/2016,84,85.84,84,85.27,3397614
07/09/2016,84.17,84.65,83.25,83.99,3940792
06/09/2016,82.6,83.14,82.17,82.52,1809996
02/09/2016,81,83.32,80.39,81.54,5640054
01/09/2016,80.49,81.54,80.04,80.59,1156128
31/08/2016,80.04,81.9,79.19,80.42,2702416
30/08/2016,78.4,80.17,78.4,79.89,1011718
29/08/2016,80,80.05,78.55,78.92,978910
26/08/2016,80.3,80.82,79.67,80,803182
25/08/2016,80.3,81.17,78.59,80.05,1136166
24/08/2016,80.89,81.5,79.54,80.09,1887546
23/08/2016,80.99,81.39,79.34,80.22,1225020
22/08/2016,81.29,82.79,80.5,80.95,2468380
19/08/2016,80.34,82.27,79.5,80.7,2478712
18/08/2016,77.34,82,77.34,80.65,3983098
17/08/2016,77.9,78.12,76.7,77.02,768484
16/08/2016,77.2,79.14,76.9,77.45,1142194
12/08/2016,77.85,78.67,76.69,76.89,1209922
11/08/2016,79.3,80.67,77.09,77.65,2080056
10/08/2016,80.64,80.82,78.04,79.04,1257802
09/08/2016,81,82.14,80.17,80.4,1046614
08/08/2016,81.8,82.17,80.7,80.99,903774
05/08/2016,81.17,82.19,80.82,81.55,1359708
04/08/2016,82.2,82.67,80.04,80.55,2145336
03/08/2016,81.54,82,79.07,79.57,1278754
02/08/2016,81.37,83.25,81.17,81.67,1755192
01/08/2016,82.97,82.97,80.7,81.4,1162300
29/07/2016,82,83.1,81.34,82.4,1605906
28/07/2016,82.34,82.94,81.29,81.59,1831654
27/07/2016,82.2,83.65,82,82.3,1724380
26/07/2016,82.67,84.2,81.7,81.95,2259562
25/07/2016,83.6,84.47,82.17,83.19,2355868
22/07/2016,82.67,84.4,81.74,83.65,3154972
21/07/2016,81,84.47,80.4,83.04,7407798
20/07/2016,82.54,82.59,80.04,80.59,2462358
19/07/2016,81.24,82.6,79.54,82.17,5060158
18/07/2016,82.12,82.84,80.25,80.79,3375886
15/07/2016,82.27,83.64,80.84,81.8,8579778
14/07/2016,76.7,81.17,76.7,80.37,18521890
13/07/2016,86.34,88.94,75.25,76.59,31216180
12/07/2016,76.65,87.84,76.65,85.97,31591888
11/07/2016,74.34,77.49,73.34,76.54,10170322
08/07/2016,72,74.64,70.67,73.3,11332504
07/07/2016,66.14,74.24,66.12,71.85,18982266
05/07/2016,65,65.9,64.52,64.94,1788558
04/07/2016,64.34,65.62,64.07,64.47,1949728
01/07/2016,63.67,65.24,63.65,64.25,1556578
30/06/2016,64.14,64.37,63,63.54,719298
29/06/2016,64.52,64.82,62.82,63.75,1906534
28/06/2016,62.67,64.49,62.67,64.17,1820074
27/06/2016,61.47,63,61.39,62.5,822886
24/06/2016,59,62.32,58.67,61.95,1337814
23/06/2016,62.4,62.8,61.67,62.39,642780
22/06/2016,63,63.97,61.67,62.24,3109906
21/06/2016,62.05,62.32,61.09,61.79,990352
20/06/2016,61.25,62.99,60.97,62.04,1198216
17/06/2016,62.3,62.32,61,61.7,1098450
16/06/2016,61,62.44,60.34,61.84,1482660
15/06/2016,62,62.04,61,61.29,1545348
14/06/2016,62.47,62.92,61,61.47,1232532
13/06/2016,62.49,63,61.5,62.42,748434
10/06/2016,63.22,63.67,62.47,62.74,708810
09/06/2016,63.34,63.6,62.34,62.99,996552
08/06/2016,63.72,65,62.4,62.99,1621020
07/06/2016,64.57,64.57,63.54,64.2,879156
06/06/2016,65.05,65.05,62.34,63.8,1676502
03/06/2016,66.15,66.15,65,65.4,930390
02/06/2016,65.12,66.67,64.92,65.77,2197572
01/06/2016,63.47,65.75,63.2,64.69,5037736
31/05/2016,63.53,63.7,62.67,63.2,1149480
30/05/2016,63.74,64.14,63,63.3,1200810
27/05/2016,63.07,64.6,62.94,63.46,2127376
26/05/2016,63.53,63.8,62.68,62.88,1507516
25/05/2016,63.2,63.67,62.91,63.27,884056
24/05/2016,63.92,63.96,62.01,62.61,1022776
23/05/2016,64.9,65.13,63.54,63.87,922216
20/05/2016,65.27,65.47,64.27,64.51,900886
19/05/2016,65.77,65.8,64.94,65.17,992910
18/05/2016,65.4,66.25,65.34,65.58,1636186
17/05/2016,65.79,66.44,65.04,65.37,2934240
16/05/2016,66.03,66.87,64.48,65.21,5849850
13/05/2016,65.14,65.93,64.24,65.5,1797976
12/05/2016,65.2,65.94,64.81,65.23,1423576
11/05/2016,63.99,65.6,63.62,65,2010376
10/05/2016,64.43,65.2,64.07,64.95,3313636
09/05/2016,63.47,64.16,63.47,63.89,2131560
06/05/2016,64.94,65.19,62.84,63.28,3106246
05/05/2016,65.94,66.39,65.1,65.26,1674900
04/05/2016,67.22,67.4,65.53,65.96,2676496
03/05/2016,66.26,68.47,66.02,67.22,4915200
02/05/2016,66.47,66.92,65.36,65.76,1682896
29/04/2016,66.6,67.34,65.96,66.62,1296690
28/04/2016,67.14,67.47,66.32,66.45,1249470
27/04/2016,68.12,68.24,67.07,67.25,1314720
26/04/2016,66.67,68.13,66.67,67.73,2321610
25/04/2016,67.07,68.52,66.35,66.86,3659160
22/04/2016,66.72,67.57,66.08,66.91,1386240
21/04/2016,67.2,67.6,66.3,66.82,1674286
20/04/2016,67.6,67.87,66.23,66.61,2210850
18/04/2016,65.98,67.67,64.87,67.42,4191466
13/04/2016,66.28,67.67,65.54,65.86,3757200
12/04/2016,65.43,66.64,65.2,65.72,3449086
11/04/2016,63.46,66.08,63.01,64.97,6906630
08/04/2016,63.18,64.26,63.14,63.5,2959530
07/04/2016,63.4,63.4,62.67,62.83,706636
06/04/2016,63.26,63.54,62.74,63.3,926476
05/04/2016,63.2,64.43,62.67,62.9,2120296
04/04/2016,63.53,64.14,62.87,63.65,1665496
01/04/2016,63.13,63.84,63,63.2,1172626
31/03/2016,63.08,63.76,62.17,62.87,2025900
30/03/2016,63.65,64.33,63,63.5,1977736
29/03/2016,62.65,64.63,62.36,63.5,4953946
28/03/2016,62.87,63.59,62,62.35,1476960
23/03/2016,62.93,63.6,62.41,62.68,1893270
22/03/2016,63.66,63.66,62.4,62.92,2524590
21/03/2016,63.07,64.14,62.73,63.43,2378340
18/03/2016,63,64.17,62.36,63.48,2608006
17/03/2016,64.46,64.65,62.8,63.04,3191146
16/03/2016,61.5,64.47,60.94,63.87,8071080
15/03/2016,62.19,62.2,61.04,61.2,1043236
14/03/2016,62.8,62.87,61.59,61.88,2361376
11/03/2016,62.28,62.87,61.77,62.24,3495136
10/03/2016,62.33,62.54,61.06,61.64,1993456
09/03/2016,61,62.76,60.2,62.1,4735036
08/03/2016,60.8,61.9,59.67,60.95,3200430
04/03/2016,61.8,62,60.35,60.73,2784480
03/03/2016,61.86,63.27,61.47,61.67,3797596
02/03/2016,59.93,60.99,59.93,60.72,2520646
01/03/2016,57.98,59.85,57.98,59.31,2403976
29/02/2016,58.07,59.87,57.34,57.6,4135996
26/02/2016,58.26,58.56,57.48,57.99,1218766
25/02/2016,58.33,58.6,57.35,57.63,1150666
24/02/2016,58,59.67,57.87,58.13,2387176
23/02/2016,60.24,60.43,58.4,58.67,2433360
22/02/2016,57.76,60.46,57.47,59.87,4670730
19/02/2016,57.15,57.68,56.41,57.39,877110
18/02/2016,57.92,58.14,56.08,57.17,1477966
17/02/2016,57.03,57.62,55.34,57.12,1429470
16/02/2016,58.2,58.59,56.67,56.96,1397926
15/02/2016,56.8,58.27,56.74,57.78,1429020
12/02/2016,56.14,56.89,54.15,55.87,2595300
11/02/2016,59.07,59.86,55.34,55.91,3861406
10/02/2016,62.15,63.11,56.82,59.33,7463610
09/02/2016,62.34,63.24,61.94,62.15,1110316
08/02/2016,63.12,64.54,62.37,63.44,1494810
05/02/2016,63.58,63.58,62.01,62.95,2025990
04/02/2016,62.07,63.27,61.44,63.01,2082526
03/02/2016,62.82,62.94,61.14,61.35,1877520
02/02/2016,64.07,65.52,63.01,63.42,2852026
01/02/2016,64.71,64.97,63.57,64.09,1611286
29/01/2016,65.46,65.46,64,64.2,1658326
28/01/2016,64.2,65.92,63.02,65.17,2343616
27/01/2016,63.87,65.73,63.5,64.2,4083270
25/01/2016,61.66,62.54,61.27,62.18,1160806
22/01/2016,60.27,61.67,60,61.07,1787476
21/01/2016,59.14,60.24,58.8,59.42,1559506
20/01/2016,60,60.18,57.74,58.62,1578736
19/01/2016,60.96,61.87,60.17,61.06,1394850
18/01/2016,62.59,62.59,60.14,60.46,1847266
15/01/2016,65.33,65.6,62.29,62.87,1445686
14/01/2016,63.67,66.83,62.37,64.95,3260956
13/01/2016,67.27,67.27,62.37,65.1,3531330
12/01/2016,66.2,67.52,65.94,66.7,3165390
11/01/2016,66.31,66.8,65.14,66.02,1788496
08/01/2016,66.69,67.26,66.2,66.48,2087956
07/01/2016,67.59,68.59,65.71,66.1,7095526
06/01/2016,66.12,67.78,65.54,67.3,4905360
05/01/2016,66.46,66.62,65.42,65.72,1968316
04/01/2016,66.8,67.26,65.67,65.94,2241586
01/01/2016,66.34,67.87,65.47,66.95,2961270
31/12/2015,65.84,66.44,65.8,65.98,3332100
30/12/2015,66.26,66.7,65.42,65.68,2180520
29/12/2015,67.34,67.92,65.82,66.15,3889336
28/12/2015,66.67,67.2,66.17,66.45,1571610
24/12/2015,66.8,66.98,65.7,66.12,1291110
23/12/2015,67.42,67.73,66.37,66.57,2130136
22/12/2015,68.34,69.09,66.81,67.09,6529890
21/12/2015,66.34,66.94,65.7,66,1428810
18/12/2015,66.27,67.24,65.94,66.28,1911570
17/12/2015,66.03,66.73,65.5,66.6,2333386
16/12/2015,66.59,67.45,65.2,65.45,4829910
15/12/2015,64.74,66.53,64.74,66.24,5659860
14/12/2015,62.87,64.12,62.27,63.87,2170770
11/12/2015,63.53,64.07,62.74,63.2,2776426
10/12/2015,62,63.47,60.8,63.03,4619686
09/12/2015,63.34,64.14,61.08,61.4,2135026
08/12/2015,64.67,65.3,62.8,63.14,1724940
07/12/2015,65.07,66.47,64.67,64.89,1789530
04/12/2015,65.33,66.09,64.2,64.55,1366726
03/12/2015,66.92,66.92,65.41,65.62,1723800
02/12/2015,66.9,67.37,66.01,66.55,2444506
01/12/2015,67.34,67.79,66.14,66.63,2197786
30/11/2015,66.47,67.4,66.34,67.16,6037606
27/11/2015,67.09,67.12,65.74,66.45,3257460
26/11/2015,66.96,68.2,66.34,66.76,9725536
24/11/2015,62.4,67.65,62.27,66.29,16336666
23/11/2015,62.87,63.54,62,62.67,1796310
20/11/2015,62.07,63.6,61.41,62.35,3924060
19/11/2015,61.1,62.47,60.44,61.98,3489600
18/11/2015,60.34,62.52,60.21,60.55,4128106
17/11/2015,61,61.2,60.21,60.44,1237260
16/11/2015,59.47,61.4,58.94,60.58,2071380
13/11/2015,60,60,59.34,59.49,881086
11/11/2015,60.14,61.2,60.14,60.59,597330
10/11/2015,59.92,61,59.35,59.67,3328156
09/11/2015,60.11,60.5,59,59.63,3154140
06/11/2015,62.01,62.61,61.14,61.48,1278376
05/11/2015,62.77,62.99,61.8,62.01,1415386
04/11/2015,63.51,64.4,62.68,62.99,2600656
03/11/2015,63.67,63.67,62.77,62.95,1269256
02/11/2015,62.34,63.64,61.54,63.22,2632800
30/10/2015,62.67,63.27,61.54,62.15,1486440
29/10/2015,63.67,63.67,62.38,62.56,1602180
28/10/2015,63.3,64.42,63.05,63.76,3383446
27/10/2015,63.8,64.07,62.48,62.8,2400330
26/10/2015,65,65.14,63.46,63.82,2209020
23/10/2015,66.18,66.4,64.67,64.8,2042626
21/10/2015,66.7,67.24,65.24,65.61,2556256
20/10/2015,68.09,68.33,66.2,66.7,2688466
19/10/2015,68.46,68.75,67.76,68.04,2137486
16/10/2015,67.93,68.92,67.34,67.8,3170566
15/10/2015,68,68.57,67.34,67.55,1915980
14/10/2015,67.66,68.67,67.14,67.64,2736496
13/10/2015,67.49,68.04,66.92,67.52,2604916
12/10/2015,68.07,68.94,66.67,67.29,4495650
09/10/2015,65.6,68.54,65.42,67.55,12360780
08/10/2015,65.04,66,64.74,65.38,2171236
07/10/2015,65.54,65.92,64.92,65.14,2625916
06/10/2015,65.47,66.2,64.93,65.53,4091100
05/10/2015,64.4,66.26,64.12,64.92,6244906
01/10/2015,64.47,64.92,63.49,63.78,3429766
30/09/2015,64.4,64.87,63.54,63.97,2865690
29/09/2015,62.14,65.5,61.54,63.84,9832636
28/09/2015,62.67,63.49,62.41,62.93,3086416
24/09/2015,61.94,63.41,61.74,62.47,2948386
23/09/2015,60.67,62.34,60.55,61.99,2690520
22/09/2015,63.01,63.74,61.02,61.59,4402170
21/09/2015,62.06,63,61.74,62.69,3325906
18/09/2015,62.87,63.27,61.67,61.97,5616600
16/09/2015,62.18,63.13,60.58,61.01,5109810
15/09/2015,63.11,63.44,61.41,61.58,2707740
14/09/2015,62.96,63.57,62.44,62.81,2640570
11/09/2015,63.4,64.26,62.28,62.65,4212810
10/09/2015,62.8,63.55,61.67,62.71,4487310
09/09/2015,64.45,64.81,63.54,63.95,3878506
08/09/2015,63.87,64.33,60.44,63.04,7381396
07/09/2015,64.67,65.78,62.54,62.92,4263436
04/09/2015,66.21,67.19,63.81,64.54,6589980
03/09/2015,65.38,67.62,65.12,66.12,9358126
02/09/2015,64.28,65.99,63.78,64.63,6119970
01/09/2015,64.66,66.31,62.78,63.79,4427326
31/08/2015,65.64,66.38,64.39,65.16,3430710
28/08/2015,66.44,67.92,65.35,65.64,6967756
27/08/2015,64.32,69.26,64.07,65.11,14969730
26/08/2015,61.33,63.52,59.44,62.56,5779936
25/08/2015,61.47,62.67,54.09,61.26,10627980
24/08/2015,60.71,64.25,59.33,60.19,7861830
21/08/2015,67.8,67.8,65.54,66.66,5009986
20/08/2015,68.44,69.87,67.74,68.74,5706256
19/08/2015,69.31,69.8,67.93,68.65,3610906
18/08/2015,68.66,70.34,68.2,69.17,4940040
17/08/2015,68.79,70.37,67.34,68.18,6068776
14/08/2015,69.34,69.87,67.27,68.53,9890190
13/08/2015,71.6,72.87,65.68,66.49,12072796
12/08/2015,73.13,73.27,70.22,70.99,5266350
11/08/2015,76.6,77.87,73.22,73.53,6551746
10/08/2015,75.87,79.2,75.37,76.05,10709340
07/08/2015,76.13,77.41,74.8,75.56,8033446
06/08/2015,79.87,80.96,75.49,75.97,17787286
05/08/2015,70.73,79.92,70.21,79.33,39992416
04/08/2015,70.82,71.27,69.51,70.52,5616810
03/08/2015,68.8,71.8,68.27,70.75,10864876
31/07/2015,67.73,69.14,67.08,68.55,6772216
30/07/2015,68.05,68.8,66.81,67.4,4368826
29/07/2015,67.52,68,67.04,67.45,2796420
28/07/2015,68.4,68.81,66.6,67.29,4227886
27/07/2015,69.27,69.34,67.34,67.73,4974990
24/07/2015,71.64,72.67,69.34,69.99,13457850
23/07/2015,67,71.66,67,70.55,19887090
22/07/2015,66.8,67.51,66.08,66.93,4940566
21/07/2015,68.65,70.1,66.2,66.89,12895186
20/07/2015,68,68.8,67.07,68.35,8668066
17/07/2015,67.07,67.94,66.24,67.35,13089316
16/07/2015,65.01,67.34,64.4,66.5,16031686
15/07/2015,65.8,65.86,64.74,64.98,3850966
14/07/2015,65.92,66.57,65.21,65.53,7562160
13/07/2015,65,65.94,63.47,65.4,7314346
10/07/2015,65.38,65.46,63.78,64.43,4551736
09/07/2015,64.67,65.81,64.16,64.66,6816000
08/07/2015,65.58,66.67,64.01,64.46,10225080
07/07/2015,65.86,67.18,65.48,65.95,11626140
06/07/2015,64.36,66.3,63.11,65.48,14194020
03/07/2015,65.8,67.05,64.3,64.72,10729710
02/07/2015,66.37,68.33,64.67,65.34,30855450
01/07/2015,60.25,66.3,60.08,65.9,44963506
30/06/2015,60.5,61.79,60,60.33,9469320
29/06/2015,58.8,60.99,58.45,59.97,17638440
26/06/2015,59.43,62.3,59.34,61.81,43290960
25/06/2015,54.15,59.67,54.15,58.82,65494290
24/06/2015,53.44,54.66,52.84,53.67,8689636
23/06/2015,52.33,53.83,51.84,53.26,10937716
22/06/2015,52.23,52.81,51.94,52.16,3870646
19/06/2015,52.12,52.92,51.61,51.93,3596326
18/06/2015,51.7,52.6,51.27,51.87,3880980
17/06/2015,51.61,52.6,50.75,51.38,4857720
16/06/2015,51.04,51.6,50.54,51.37,5371170
15/06/2015,50.74,51.2,50.08,50.43,3226846
12/06/2015,49.54,50.54,49,50.23,3838470
11/06/2015,50.2,50.97,49.22,49.49,7810440
10/06/2015,47.55,49.98,47.36,49.32,9426300
09/06/2015,47.52,47.87,47.04,47.22,3084330
08/06/2015,48.12,48.76,47.41,47.59,2832240
05/06/2015,48.06,50.14,47.81,48.04,6620520
04/06/2015,48.2,49.07,47.79,48.21,3468060
03/06/2015,50.44,50.47,47.34,47.81,5667480
02/06/2015,51.98,51.98,50.14,50.48,2890066
01/06/2015,51.4,52.87,51.14,51.67,5734890
29/05/2015,52.2,52.33,51.2,51.42,3317476
28/05/2015,51.4,52.92,51.22,52,5166286
27/05/2015,52,52.52,51,51.17,3848866
26/05/2015,53.93,54.34,52.74,52.9,3629236
25/05/2015,53.91,54.9,53.41,53.94,7124296
22/05/2015,54.47,55.17,50.89,53.8,20220390
21/05/2015,54.94,55.09,53.47,54.07,3428580
20/05/2015,54.56,55.67,54.47,54.65,6764206
19/05/2015,53.14,55.32,53.01,54.1,13700386
18/05/2015,51.87,53.33,51.61,52.54,4451670
15/05/2015,52.07,52.59,51.4,51.55,3200580
14/05/2015,50.92,52.12,50.34,51.29,3787800
13/05/2015,50.67,51.79,50.4,51.19,4110600
12/05/2015,51.85,51.85,49.83,50.15,3252180
11/05/2015,50.85,52.8,50.8,51.73,5904256
08/05/2015,48.93,51.78,48.77,50.47,12087376
07/05/2015,50.14,50.14,47.67,48.04,4736236
06/05/2015,52.44,52.44,49.87,50.17,4002466
05/05/2015,53.27,53.4,52.05,52.67,3643366
04/05/2015,52.42,54,52.34,53.22,3905866
30/04/2015,52.33,52.81,51.34,52.25,5115840
29/04/2015,50.87,53.74,50.29,53.16,8740756
28/04/2015,48.5,51.6,46.67,50.93,9245836
27/04/2015,52.72,52.72,48.07,48.41,6881730
24/04/2015,56.91,56.92,51.68,52.28,6285136
23/04/2015,57.66,58.32,56.48,56.64,2552716
22/04/2015,57.66,58.32,55.76,57.25,4066800
21/04/2015,58.32,60.07,57,57.41,6028306
20/04/2015,59.8,59.94,57.87,58.07,3126706
17/04/2015,60.52,60.7,59.09,59.65,3529830
16/04/2015,61.33,62.2,58.84,60.36,8275036
15/04/2015,64,64.67,61,61.34,10412250
13/04/2015,65.77,67.27,61.73,64.41,14533800
10/04/2015,65.67,66.93,65.29,65.91,3604126
09/04/2015,66.87,67.17,65.34,65.71,3662686
08/04/2015,65.73,67.93,65.09,66.58,9974850
07/04/2015,65.83,66.8,64.75,65.66,7428000
06/04/2015,65.58,66,64.11,65.54,6467820
01/04/2015,63.41,65.71,62.8,65.12,7177260
31/03/2015,64.34,65.34,63.01,63.8,6723796
30/03/2015,61.4,64.27,61.4,63.84,6966346
27/03/2015,61.67,63.24,59.41,60.86,6587430
26/03/2015,60.2,62.53,56.67,61.44,9405316
25/03/2015,63.57,64.08,60.74,61.12,5461786
24/03/2015,64.07,64.77,62.36,63.46,4600050
23/03/2015,64.46,65.5,63,63.92,3907096
20/03/2015,66.67,67.07,63.2,64.07,6184126
19/03/2015,67.78,70.19,65.15,66.58,10711486
18/03/2015,68.47,68.52,66.82,67.21,3413160
17/03/2015,67.56,68.92,66.82,68.18,6335790
16/03/2015,67.47,67.84,66,67.09,5372580
13/03/2015,67.14,69.87,66.07,67.32,14392770
12/03/2015,66.27,67.87,66.14,66.85,6354750
11/03/2015,67.93,68.3,65.54,66.05,7392856
10/03/2015,68.74,70.51,64.49,67.36,13877100
09/03/2015,70.34,70.96,67.2,68.12,10751266
05/03/2015,68.14,71.88,67.57,70.73,22250310
04/03/2015,63.81,72.5,63.22,67.77,66911730
03/03/2015,62.67,64.26,61.89,63.05,26498146
02/03/2015,58.12,62.57,56.77,62.19,27464566
27/02/2015,56.94,57.47,56.18,56.9,4728436
26/02/2015,56.34,58.07,55.8,56.53,11479650
25/02/2015,56.31,56.94,55.67,56.3,7139176
24/02/2015,55.78,57.5,55.67,55.96,13175430
23/02/2015,53.8,56.53,53.49,55.67,20526210
20/02/2015,54.4,54.91,53,53.57,11033970
19/02/2015,50.66,55.19,50.54,54.23,33498780
18/02/2015,48.78,51.32,48.6,50.22,13271130
16/02/2015,48.8,49.86,48.07,48.39,6630750
13/02/2015,49.34,50.32,48.49,48.87,7208430
12/02/2015,49.84,49.94,48.38,49.11,5842740
11/02/2015,49.56,50.8,49.1,49.43,9717300
10/02/2015,47.01,50.82,46.62,48.44,16470166
09/02/2015,53.34,53.34,45.54,47.29,10168500
06/02/2015,55.74,56.05,53.41,53.8,4059856
05/02/2015,57,57.96,55.62,55.93,2764696
04/02/2015,58.73,58.74,56.77,57.12,3521776
03/02/2015,59.6,59.9,58.18,58.55,5641500
02/02/2015,58.16,60.6,57.8,59.49,11660160
30/01/2015,58.24,59.06,57.46,58.69,11350020
29/01/2015,57.84,58.6,56.4,57.93,15646770
28/01/2015,54.14,58.27,53.67,57.72,21615976
27/01/2015,55.03,55.03,54,54.18,2437066
23/01/2015,56,56,54.43,54.7,3245206
22/01/2015,55.28,56.21,55.09,55.46,6854280
21/01/2015,55.33,55.8,54.8,55.11,3799036
20/01/2015,54.9,56,54.54,54.98,7482316
19/01/2015,55.22,55.53,54.34,54.76,3510316
16/01/2015,54.66,56.11,54,55.2,7031700
15/01/2015,55,55.19,54.34,54.64,4254766
14/01/2015,55,55.02,53.78,54.28,3594526
13/01/2015,55.21,56.2,54.34,54.84,6756346
12/01/2015,55.43,55.43,54.35,54.87,4048500
09/01/2015,55.67,56.5,54.82,55.28,10970896
08/01/2015,53.51,54.77,53.21,53.68,10414680
07/01/2015,52.66,53.44,51.87,52.6,5130946
06/01/2015,54.54,54.54,52.15,52.47,5851846
05/01/2015,55.66,56.12,54.74,55.18,5579910
02/01/2015,55,56.17,54.76,55.16,9588510
01/01/2015,54.68,55.4,53.89,54.79,6289920
31/12/2014,54.27,55.43,53.92,54.53,9495954
30/12/2014,52.54,55.07,52.41,54,20135868
29/12/2014,52.27,52.79,51.69,51.99,4156016
26/12/2014,51.96,52.76,51.6,51.82,3910198
24/12/2014,52.07,53.27,51.41,51.74,4996242
23/12/2014,53.14,53.44,51.67,52.36,4083702
22/12/2014,53.09,53.86,52.49,53.06,4083582
19/12/2014,53.74,55.46,53.14,53.37,10427394
18/12/2014,52.34,53.65,52.34,53.14,6662680
17/12/2014,51.47,52.54,49,51.28,10972958
16/12/2014,52.75,54.34,50.77,51.32,10015644
15/12/2014,54,56.32,52.84,53.28,11551538
12/12/2014,57.87,58.14,54.01,54.47,7213030
11/12/2014,58.47,58.67,57.34,57.56,6542650
10/12/2014,57.11,58.87,57.1,58.35,11289864
09/12/2014,57.07,59.18,55.89,56.82,10620518
08/12/2014,58.65,58.83,56.4,57.17,8295864
05/12/2014,59.12,61.52,58.23,58.61,27487366
04/12/2014,56.4,59.92,56.38,58.64,36177940
03/12/2014,53.8,56,53.35,55.51,17811996
02/12/2014,51.52,54.26,50.4,53.35,14919802
01/12/2014,52.67,52.9,50.97,51.43,5198502
28/11/2014,53.53,54.07,52,52.66,7480090
27/11/2014,52.85,54.32,52.78,53.12,15814776
26/11/2014,48.67,52.74,48.66,52.44,18506510
25/11/2014,50.34,51.12,46.98,49,13314968
24/11/2014,51.78,51.93,50.01,50.45,4725356
21/11/2014,51.34,52.86,51.26,51.53,6728516
20/11/2014,52,52.37,50.89,51.34,5201202
19/11/2014,52.94,53.94,51.74,52.09,6656410
18/11/2014,52.34,54.17,52.3,52.98,8778834
17/11/2014,51.12,53,51.07,52.08,6697780
14/11/2014,53.37,54.54,51.34,51.64,21098344
13/11/2014,55.53,56.59,53.89,54.58,9565494
12/11/2014,56.57,56.6,54.94,55.47,5886086
11/11/2014,55.47,56.92,55.36,56.19,8370444
10/11/2014,56.47,56.98,54.86,55.26,7230790
07/11/2014,59.3,59.34,55.75,56.29,10481304
05/11/2014,58.85,60.56,58.14,58.97,18891470
03/11/2014,56.65,59.47,55,58.4,28644824
31/10/2014,52.1,56.57,51.8,56.22,40415138
30/10/2014,49.92,52.4,49.67,51.61,26956366
29/10/2014,49.74,50.46,49.42,49.69,5645726
28/10/2014,49.22,50.5,49.22,49.57,8194794
27/10/2014,50.13,50.94,48.94,49.48,11987918
23/10/2014,50.57,50.67,49.72,49.87,2487162
22/10/2014,50.07,50.66,49.67,50.29,9204130
21/10/2014,50.36,50.94,48.8,49.56,12315278
20/10/2014,49.67,51.65,49.67,50.06,16527906
17/10/2014,46.27,49.66,45.68,48.84,32805312
16/10/2014,48.47,49.14,45.51,45.95,14359206
14/10/2014,45.34,49.52,44.34,49.07,42064658
13/10/2014,43.6,45.47,42.82,45.02,13651852
10/10/2014,45.3,45.3,43.73,44.08,11341254
09/10/2014,44,46.09,43.77,45.74,21989554
08/10/2014,42.67,44.43,42.56,43.58,15667852
07/10/2014,44.66,44.86,42.12,42.43,8090964
01/10/2014,46.13,46.57,44.2,44.51,10772618
30/09/2014,47.26,48.14,45.41,45.9,13339178
29/09/2014,47.34,48.43,46.5,47.33,16046090
26/09/2014,45.6,47.87,42.74,47.15,31401854
25/09/2014,48.94,49.12,45.12,45.8,16990040
24/09/2014,49.8,50.97,46.47,48.48,38420454
23/09/2014,47.67,51.23,47.67,49.21,68874594
22/09/2014,44,48.27,43.41,47.08,48228590
19/09/2014,45.93,47.27,43.89,44.49,42008288
18/09/2014,41.1,46.83,40.64,45.96,103786312
17/09/2014,35.12,41.23,34.55,40.45,60282104
16/09/2014,36.28,37,33.75,34.36,9238644
15/09/2014,35.7,36.54,34.66,35.92,6947290
12/09/2014,36.15,36.4,35.4,35.71,7477466
11/09/2014,34.83,36.14,34.67,35.9,11611958
10/09/2014,33.67,35.93,33.15,34.54,17229396
09/09/2014,34.38,34.5,33.01,33.72,6356366
08/09/2014,32.94,34.74,32.7,34.24,28085670
05/09/2014,31.24,33.2,30.16,32.54,20279314
04/09/2014,31.38,31.88,30.91,31.18,12261068
03/09/2014,29.27,31.32,29.01,31.1,21678408
02/09/2014,29.13,29.71,28.8,29.09,3754902
01/09/2014,28.16,29.17,28.16,29.01,2830588
28/08/2014,28.82,29.47,27.69,28.16,5128016
27/08/2014,28.45,29.26,28.34,28.73,3871258
26/08/2014,28.65,29.18,27.74,28.35,6126580
25/08/2014,29.72,29.77,28.34,28.52,2991568
22/08/2014,30.2,30.34,29.35,29.62,2900952
21/08/2014,30.41,31.04,29.87,30.02,4101972
20/08/2014,30.77,31.22,30.28,30.58,4081676
19/08/2014,30.74,31.15,30.37,30.68,4557072
18/08/2014,29.92,30.59,29.47,30.37,5548046
14/08/2014,27.6,30.27,27.6,29.79,11283548
13/08/2014,29.66,29.77,26.4,27.6,14200416
12/08/2014,30.67,30.99,29.02,29.64,14684212
11/08/2014,30.79,30.97,30.34,30.45,2507742
08/08/2014,30.4,30.74,29.74,30.29,4487846
07/08/2014,31.27,31.93,30.44,30.65,5526056
06/08/2014,30.6,32.32,30.6,31.35,13484798
05/08/2014,30.34,31.27,30.21,30.87,5335136
04/08/2014,30.34,30.94,29.87,30.21,3569352
01/08/2014,30.42,31.34,30.27,30.41,5297396
31/07/2014,31.34,32.18,30.82,30.99,9489894
30/07/2014,30.98,31.8,30.54,31.38,8387980
28/07/2014,29.54,31.85,29.54,30.99,11835174
25/07/2014,31.4,31.47,29.65,30.33,7054046
24/07/2014,28.99,31.53,28.4,31.26,18423140
23/07/2014,30.6,30.72,28.28,28.99,7061276
22/07/2014,31.14,31.47,29.84,30.41,7508800
21/07/2014,30.67,31.72,30.67,30.83,10337678
18/07/2014,30.3,30.99,29.85,30.36,8221810
17/07/2014,29.45,30.93,28.67,30.43,14972332
16/07/2014,28.6,29.49,28.51,29.21,11263268
15/07/2014,27.22,28.47,27.22,28.23,10081614
14/07/2014,26.64,27.66,26,26.94,8833990
11/07/2014,28.13,29,26.12,26.38,15328072
10/07/2014,26.67,29.6,26.47,27.81,24347926
09/07/2014,28.14,29.2,24.77,26.39,31942918
08/07/2014,31.07,32.46,27.18,28.35,28732184
07/07/2014,26.33,31.32,26.33,30.86,42714022
04/07/2014,26.27,26.98,25.92,26.28,7568936
03/07/2014,25.78,26.77,25.08,26.21,12447818
02/07/2014,25,26.2,24.07,25.59,14224462
01/07/2014,23.45,25.27,23.22,24.73,22769538
30/06/2014,21.02,23.1,21.02,23.08,16970886
27/06/2014,21.14,21.3,20.84,21,1611044
26/06/2014,21.2,21.52,20.92,21.07,2391238
25/06/2014,21.34,21.75,21.09,21.36,6208600
24/06/2014,20.16,22.14,20.16,21.18,18857944
23/06/2014,20.46,20.65,20,20.28,1182944
20/06/2014,20.36,20.73,20.2,20.26,1136714
19/06/2014,20.93,21.34,20.4,20.55,2503978
18/06/2014,21.12,21.76,20.54,20.75,8446150
17/06/2014,19.7,21.26,19.7,20.97,7863536
16/06/2014,19.97,20.27,19.59,19.9,1507394
13/06/2014,20.13,20.57,19.25,19.97,3457378
12/06/2014,20.14,20.66,19.69,19.94,2455528
11/06/2014,20.94,21.33,20,20.24,3073272
10/06/2014,20.61,21.43,20.2,20.92,5085672
09/06/2014,21.12,21.34,20.43,20.58,3332968
06/06/2014,21.2,21.57,20.72,20.8,4492992
05/06/2014,21.34,21.85,20.83,21.2,9256570
04/06/2014,20.27,21.67,20.27,21.21,7596926
03/06/2014,20.2,20.73,20.11,20.23,2475298
02/06/2014,20.34,20.4,19.4,19.93,3065952
30/05/2014,20.75,21.12,19.81,20.07,2286942
29/05/2014,20.46,21.16,20.36,20.54,3353818
28/05/2014,21.4,21.4,20.07,20.45,5513412
27/05/2014,19.78,21.18,19.35,21.07,11819378
26/05/2014,21.1,21.6,18.49,19.26,7458010
23/05/2014,19.6,20.99,18.34,20.42,7004800
22/05/2014,19.4,19.74,19.14,19.32,2309548
21/05/2014,19.27,20,18.67,19.15,3715692
20/05/2014,20.23,20.46,19.14,19.25,4323882
19/05/2014,17.87,20.2,17.87,19.8,11573184
16/05/2014,16.66,17.71,16.53,17.37,7442096
15/05/2014,16.78,17.02,15.85,16.05,3159312
14/05/2014,16.83,17.13,16.45,16.68,2667102
13/05/2014,16.52,17.34,16.34,16.8,8261304
12/05/2014,15.37,17.32,15.18,16.42,16240086
09/05/2014,15.35,15.62,15.02,15.37,4058112
08/05/2014,14.76,15.46,14.61,15.32,5016266
07/05/2014,15.2,15.58,14.54,14.66,6503590
06/05/2014,13.92,15.14,13.82,14.98,10955828
05/05/2014,14.07,14.46,13.71,13.82,2556942
02/05/2014,14.2,14.76,13.89,14.03,4322142
30/04/2014,14.56,15.17,13.44,14.03,16396400
29/04/2014,14,15.39,13.99,14.56,33602548
28/04/2014,11.37,13.56,11.37,13.56,26416036
25/04/2014,11.74,11.8,11.22,11.3,1058984
23/04/2014,12.04,12.14,11.67,11.74,713218
22/04/2014,11.83,12.24,11.8,11.98,1226758
21/04/2014,11.8,12.14,11.69,11.83,781634
17/04/2014,11.68,12,11.6,11.78,900088
16/04/2014,11.94,12.08,11.47,11.68,1106504
15/04/2014,12.25,12.27,11.81,11.94,916198
11/04/2014,12.2,12.72,12,12.17,2797408
10/04/2014,12.44,12.47,12.2,12.32,1517714
09/04/2014,12.43,12.57,12.23,12.36,3385152
07/04/2014,11.83,12.3,11.83,12.24,3687178
04/04/2014,11.4,11.87,11.29,11.78,2842528
03/04/2014,11.27,11.96,10.91,11.31,6212966
02/04/2014,10.51,11.42,10.5,11.33,4937636
01/04/2014,10.51,10.74,10.44,10.57,901124
31/03/2014,10.6,10.63,10.44,10.5,563834
28/03/2014,10.67,10.72,10.41,10.52,984718
27/03/2014,10.45,10.78,10.45,10.65,1305494
26/03/2014,10.35,10.7,10.35,10.45,1113748
25/03/2014,10.47,10.72,10.29,10.37,1038808
24/03/2014,10.67,10.79,10.42,10.46,1247384
21/03/2014,10.77,10.94,10.44,10.5,1117918
20/03/2014,10.54,10.94,10.54,10.71,2035212
19/03/2014,10.6,10.98,10.49,10.61,3009808
18/03/2014,10.27,10.71,10.2,10.56,3936102
14/03/2014,9.71,10.18,9.71,10.09,1374284
13/03/2014,10.1,10.6,9.84,9.99,12395198
12/03/2014,9.99,10.53,9.81,10.02,5549276
11/03/2014,9.41,10.17,9.4,9.96,5162246
10/03/2014,9.54,9.54,9.33,9.4,676108
07/03/2014,9.57,9.61,9.36,9.51,2024338
06/03/2014,9.11,9.66,9.04,9.52,2870458
05/03/2014,9.18,9.3,8.98,9.03,2110438
04/03/2014,9.08,9.29,8.95,9.07,648778
03/03/2014,9.04,9.36,9.04,9.09,280094
28/02/2014,9.54,9.54,9.11,9.18,623024
26/02/2014,9.22,9.67,9.12,9.51,843838
25/02/2014,9.39,9.41,9.17,9.21,440354
24/02/2014,9.27,9.45,9.27,9.33,398084
21/02/2014,9.33,9.4,9.22,9.27,318104
20/02/2014,9.44,9.44,9.23,9.28,396748
19/02/2014,9.36,9.64,9.35,9.51,989578
18/02/2014,9.09,9.38,9.08,9.33,347098
17/02/2014,9.09,9.26,9.04,9.09,214438
14/02/2014,9.23,9.3,9.1,9.18,368968
13/02/2014,9.24,9.43,9.03,9.13,596624
12/02/2014,9.6,9.64,9.31,9.4,616274
11/02/2014,9.8,9.83,9.39,9.46,403994
10/02/2014,9.8,9.9,9.64,9.75,148378
07/02/2014,9.67,9.8,9.61,9.77,280694
06/02/2014,9.7,9.87,9.5,9.59,207028
05/02/2014,9.71,10.02,9.64,9.67,319454
04/02/2014,9.8,9.8,9.5,9.73,174868
03/02/2014,9.85,10.08,9.67,9.73,194654
31/01/2014,10.07,10.13,9.76,9.79,257744
30/01/2014,9.94,10.16,9.72,10.08,8119404
29/01/2014,9.86,10.07,9.77,10.02,1335928
28/01/2014,9.34,9.72,9.17,9.68,605054
27/01/2014,9.17,9.47,9.14,9.28,1044328
24/01/2014,9.6,9.64,9.36,9.38,300974
23/01/2014,9.47,9.92,9.41,9.67,1320088
22/01/2014,9.57,9.71,9.43,9.55,519224
21/01/2014,9.82,9.97,9.56,9.61,888224
20/01/2014,9.7,9.84,9.6,9.8,276284
17/01/2014,10.14,10.3,9.6,9.65,1395748
16/01/2014,9.87,10.24,9.87,10.2,1579168
15/01/2014,10.41,10.41,9.94,9.98,1296104
14/01/2014,9.97,10.56,9.84,10.44,1662734
13/01/2014,9.85,10.17,9.63,10.06,1425584
10/01/2014,10.14,10.23,9.71,9.77,1038614
09/01/2014,10.49,10.52,9.88,10.02,1010024
08/01/2014,10.8,10.8,10.4,10.47,1104508
07/01/2014,10.85,11.06,10.62,10.69,1118624
06/01/2014,10.76,11,10.73,10.83,2319298
03/01/2014,10.34,11.1,10.34,10.63,2877058
02/01/2014,10.4,11.65,10.35,10.57,8139714
01/01/2014,10.17,10.51,10.05,10.39,877934
31/12/2013,10.08,10.33,10.07,10.12,244454
30/12/2013,10.2,10.33,10.07,10.11,518174
27/12/2013,10.18,10.54,10.04,10.35,769274
26/12/2013,10.07,10.32,10.02,10.14,581294
24/12/2013,10.39,10.58,9.6,10.09,1989794
23/12/2013,9.67,10.63,9.6,10.36,4465256
20/12/2013,9.17,9.8,9.05,9.63,686804
19/12/2013,9,9.35,9,9.23,642238
18/12/2013,9.11,9.24,8.97,9.1,309268
17/12/2013,9.14,9.34,8.94,9.01,313694
16/12/2013,9.3,9.52,9.06,9.16,275008
13/12/2013,9.47,9.58,9.2,9.27,322124
12/12/2013,9.34,9.63,9.34,9.5,212354
11/12/2013,9.54,9.81,9.49,9.53,266848
10/12/2013,9.67,9.84,9.49,9.53,412078
09/12/2013,10,10.33,9.61,9.81,484858
06/12/2013,9.75,10.05,9.71,9.9,699764
05/12/2013,9.6,10.07,9.6,9.84,2514328
04/12/2013,9.34,9.67,9.34,9.42,821398
03/12/2013,9.27,9.57,9.21,9.5,1274654
02/12/2013,9,9.4,9,9.25,1735154
29/11/2013,9.05,9.07,8.84,9.02,426554
28/11/2013,8.83,9.19,8.76,8.98,576748
27/11/2013,9,9.06,8.64,8.72,171524
26/11/2013,8.64,9.13,8.61,8.93,1067144
25/11/2013,8.59,8.74,8.49,8.62,440128
22/11/2013,8.74,8.87,8.44,8.52,454498
21/11/2013,8.99,8.99,8.55,8.61,545548
20/11/2013,8.67,9.4,8.64,8.99,2637688
19/11/2013,8.44,8.8,8.32,8.77,855748
18/11/2013,8.52,8.52,8.3,8.4,155068
14/11/2013,8.39,8.6,8.29,8.33,260954
13/11/2013,8.27,8.5,8.26,8.32,228748
12/11/2013,8.35,8.57,8.21,8.28,213974
11/11/2013,8.47,8.57,8.34,8.36,204074
08/11/2013,8.7,8.87,8.38,8.45,667604
07/11/2013,9.14,9.17,8.57,8.62,964648
06/11/2013,9.07,9.14,8.84,8.96,838904
05/11/2013,8.94,9.24,8.75,9.01,1404418
01/11/2013,8.74,8.94,8.55,8.69,864898
31/10/2013,8.47,8.92,8.44,8.8,1494478
30/10/2013,8.21,8.76,8.1,8.47,1858948
29/10/2013,8.24,8.3,8.04,8.2,764368
28/10/2013,8.43,8.49,8.25,8.3,369748
25/10/2013,8.44,8.56,8.29,8.35,435718
24/10/2013,8.3,8.64,8.27,8.45,1393784
23/10/2013,8.48,8.72,8.2,8.29,1205998
22/10/2013,7.9,9.08,7.84,8.4,7330540
21/10/2013,7.41,8,7.36,7.65,3753748
18/10/2013,7.36,7.49,7.31,7.34,1504694
17/10/2013,7.34,7.43,7.25,7.28,415904
15/10/2013,7.57,7.6,7.28,7.32,243118
14/10/2013,7.46,7.58,7.45,7.49,1084334
11/10/2013,7.53,7.54,7.41,7.45,1024738
10/10/2013,7.45,7.5,7.39,7.43,688484
09/10/2013,7.46,7.47,7.37,7.4,336868
08/10/2013,7.39,7.59,7.34,7.42,850394
07/10/2013,7.27,7.52,7.1,7.31,628978
04/10/2013,7.4,7.5,7.24,7.27,586184
03/10/2013,7.3,7.52,7.23,7.35,1140358
01/10/2013,7.41,7.54,7.34,7.35,494248
30/09/2013,7.49,7.6,7.47,7.53,190394
27/09/2013,7.61,7.73,7.47,7.49,608188
26/09/2013,7.71,7.87,7.54,7.65,161144
25/09/2013,7.47,7.75,7.47,7.71,128128
24/09/2013,7.47,7.68,7.42,7.55,415994
23/09/2013,7.87,7.94,7.59,7.63,284938
20/09/2013,8.18,8.25,7.81,7.84,266878
19/09/2013,8.12,8.4,8.02,8.1,654194
18/09/2013,7.97,8.06,7.84,7.99,94664
17/09/2013,8.12,8.25,7.79,7.87,275308
16/09/2013,8.35,8.43,8,8.1,141868
13/09/2013,8.1,8.42,8.01,8.32,396268
12/09/2013,8.07,8.63,8.02,8.08,312778
11/09/2013,7.81,8.26,7.78,8.15,507868
10/09/2013,7.87,8.04,7.74,7.95,466724
06/09/2013,7.67,7.94,7.58,7.83,447104
05/09/2013,7.54,7.83,7.54,7.65,410804
04/09/2013,7.45,7.6,7.3,7.49,212818
03/09/2013,7.56,7.64,7.37,7.42,241304
02/09/2013,7.65,7.77,7.59,7.7,212008
30/08/2013,7.72,7.84,7.49,7.6,593698
29/08/2013,7.56,7.88,7.48,7.68,292558
28/08/2013,7.5,7.62,7.14,7.43,748648
27/08/2013,7.87,7.9,7.43,7.5,259678
26/08/2013,7.98,8.14,7.8,7.91,285118
23/08/2013,7.72,7.94,7.54,7.87,344308
22/08/2013,7.47,7.79,7.33,7.68,378088
21/08/2013,7.54,8.07,7.41,7.54,726598
20/08/2013,7.2,7.67,7.03,7.64,293084
19/08/2013,7.07,7.47,6.7,7.38,446954
16/08/2013,7.87,7.87,7.24,7.31,289364
14/08/2013,8.38,8.38,7.75,7.94,425414
13/08/2013,7.78,8.46,7.69,8.36,521354
12/08/2013,7.47,7.98,7.47,7.69,439574
08/08/2013,7.3,7.7,7.27,7.51,165028
07/08/2013,7.4,7.6,7.12,7.24,950384
06/08/2013,7.42,7.74,6.67,7.36,1131254
05/08/2013,6.74,7.47,6.71,7.42,1053164
02/08/2013,7.13,7.2,6.39,6.74,683384
01/08/2013,7.6,7.6,6.78,7.09,430034
31/07/2013,7.34,7.6,7,7.43,453044
30/07/2013,8.12,8.18,7.26,7.39,1467598
29/07/2013,8.6,8.6,8.11,8.15,408088
26/07/2013,8.6,8.76,8.5,8.66,556228
25/07/2013,8.76,8.76,8.57,8.68,177674
24/07/2013,8.87,8.89,8.45,8.74,267044
23/07/2013,8.85,9,8.81,8.95,251684
22/07/2013,8.77,8.86,8.77,8.82,105298
19/07/2013,8.81,9,8.81,8.83,131938
18/07/2013,8.91,9.14,8.84,8.88,331678
17/07/2013,8.96,8.98,8.84,8.86,121874
16/07/2013,8.94,8.97,8.82,8.89,182998
15/07/2013,8.71,9.12,8.71,9.06,267628
12/07/2013,8.91,8.95,8.84,8.86,203458
11/07/2013,8.82,9.06,8.8,8.87,448094
10/07/2013,9,9.1,8.78,8.85,266594
09/07/2013,9.1,9.23,8.97,9.07,380954
08/07/2013,8.81,9.12,8.74,9,5483126
05/07/2013,8.94,9.1,8.89,8.91,237224
04/07/2013,8.98,9.1,8.76,8.88,1297078
03/07/2013,8.94,9.06,8.8,8.93,353774
02/07/2013,9.12,9.25,8.95,8.97,1326208
01/07/2013,8.96,9.52,8.96,9.07,2163072
28/06/2013,9.04,9.11,8.99,9.05,220634
27/06/2013,8.8,9,8.8,8.94,231434
26/06/2013,9.12,9.13,8.74,8.86,219058
25/06/2013,8.94,9.1,8.87,9.06,733258
24/06/2013,9.04,9.07,8.84,9.01,3221008
21/06/2013,8.84,9.17,8.84,9.09,1195348
20/06/2013,9.1,9.1,8.84,8.91,355198
19/06/2013,9.21,9.45,9.15,9.19,454934
18/06/2013,9.34,9.45,9.22,9.25,440728
17/06/2013,9.17,9.38,9.04,9.31,378988
14/06/2013,9.41,9.52,9.09,9.18,577634
13/06/2013,9.53,9.69,9.14,9.2,807374
12/06/2013,9.8,9.97,9.4,9.54,1041944
11/06/2013,9.74,9.99,9.41,9.73,801674
10/06/2013,9.47,10.43,9.47,9.86,4210182
07/06/2013,9.12,9.93,8.97,9.54,1949158
06/06/2013,8.99,9.12,8.9,9.02,95098
05/06/2013,8.94,9.07,8.89,8.99,101338
04/06/2013,9.04,9.27,8.88,8.91,192674
03/06/2013,9,9.06,8.75,9,241394
31/05/2013,8.98,9.19,8.87,8.99,827038
30/05/2013,9.07,9.07,8.9,8.99,109544
29/05/2013,9.02,9.1,8.94,9.05,215338
28/05/2013,9.24,9.45,8.89,9.08,1594364
27/05/2013,8.56,9.16,8.23,9.04,709334
24/05/2013,8.83,8.99,8.4,8.47,720254
23/05/2013,9,9.09,8.68,8.76,385108
22/05/2013,9.38,9.46,9.04,9.09,373798
21/05/2013,9.59,9.74,9.27,9.28,492134
20/05/2013,9.45,9.87,9.34,9.58,1246888
17/05/2013,9.5,9.57,9.38,9.43,192898
16/05/2013,9.51,9.73,9.4,9.44,442514
15/05/2013,9.32,9.57,9.32,9.49,433648
14/05/2013,9.47,9.53,9.12,9.25,541724
13/05/2013,9.41,9.7,9.34,9.43,605218
10/05/2013,9.65,9.74,9.42,9.54,299084
09/05/2013,9.74,9.92,9.51,9.62,379138
08/05/2013,9.61,10,9.37,9.92,1553834
07/05/2013,9.52,9.62,9.37,9.55,456658
06/05/2013,9.54,9.66,9.4,9.51,553978
03/05/2013,9.3,9.67,9.3,9.56,896758
02/05/2013,9.46,9.49,9.31,9.35,530504
30/04/2013,9.7,9.77,9.36,9.5,7196470
29/04/2013,9.13,9.57,8.55,9.52,2009488
26/04/2013,9.22,9.57,8.98,9.08,455818
25/04/2013,9.26,9.34,9.1,9.22,637304
23/04/2013,9.29,9.5,9.09,9.19,464908
22/04/2013,9.08,9.4,9.08,9.32,517228
18/04/2013,9.26,9.3,9.01,9.17,153494
17/04/2013,9.17,9.4,9.06,9.29,676438
16/04/2013,8.78,9.34,8.63,9.23,3076018
15/04/2013,8.27,8.85,8.27,8.76,2720142
12/04/2013,8.74,8.74,8.58,8.67,420628
11/04/2013,8.69,8.86,8.67,8.72,272698
10/04/2013,8.34,8.74,8.34,8.62,521354
09/04/2013,8.77,8.93,8.21,8.35,616124
08/04/2013,8.6,8.78,8.59,8.69,216718
05/04/2013,8.66,9.1,8.55,8.65,420584
04/04/2013,8.92,9.03,8.64,8.73,443234
03/04/2013,9.13,9.75,8.85,8.95,1907774
02/04/2013,8.39,9.34,8.35,9.24,1402408
01/04/2013,8.18,8.53,8.16,8.35,1628668
28/03/2013,8.13,8.24,8,8.12,1107328
26/03/2013,7.9,8.27,7.8,8.2,1819678
25/03/2013,7.67,8.12,7.65,7.97,2611242
22/03/2013,7.67,7.8,6.78,7.6,2542438
21/03/2013,8.18,8.18,7.54,7.69,1377944
20/03/2013,8.43,8.54,7.99,8.14,2424972
19/03/2013,8.89,9.1,8.28,8.43,1056434
18/03/2013,9.16,9.16,8.78,8.87,479024
15/03/2013,9.24,9.4,9.2,9.23,697948
14/03/2013,9.17,9.33,9.03,9.24,926308
13/03/2013,9.41,9.43,9.19,9.2,898034
12/03/2013,9.43,9.63,9.3,9.41,1253158
11/03/2013,9.53,9.53,9.3,9.39,701114
08/03/2013,9.53,9.65,9.34,9.52,783074
07/03/2013,9.24,9.6,9.2,9.52,1149178
06/03/2013,9,9.4,8.96,9.36,3133078
05/03/2013,8.88,9.14,8.88,8.95,995294
04/03/2013,8.87,9,8.69,8.92,1052338
01/03/2013,8.72,9.04,8.68,8.95,2263528
28/02/2013,9.32,9.42,8.49,8.67,1519858
27/02/2013,9.11,9.44,8.81,9.25,786118
26/02/2013,9.4,9.4,8.89,9,1057154
25/02/2013,9.56,9.73,9.16,9.47,759494
22/02/2013,9.53,9.67,9.44,9.5,368444
21/02/2013,9.73,9.77,9.4,9.53,756358
20/02/2013,9.85,10.16,9.77,9.83,1365344
19/02/2013,9.32,9.93,9.23,9.81,2257332
18/02/2013,9.09,9.54,9,9.29,1077208
15/02/2013,9.38,9.39,9.01,9.08,1056148
14/02/2013,9.45,9.6,9.2,9.37,1694608
13/02/2013,9.38,9.79,9.22,9.47,3022272
12/02/2013,9.78,9.93,9.18,9.3,1856608
11/02/2013,9.74,10,9.54,9.71,886784
08/02/2013,10.53,10.58,9.53,9.79,2055072
07/02/2013,10.56,10.83,10.31,10.45,1541218
06/02/2013,10.43,10.8,10.36,10.56,1221088
05/02/2013,10.33,10.64,10.11,10.39,1216678
04/02/2013,10.8,10.9,10.34,10.44,983534
01/02/2013,10.99,11.12,10.74,10.78,576298
31/01/2013,11.4,11.4,10.9,10.97,464398
30/01/2013,10.9,11.17,10.9,10.98,1181458
29/01/2013,11.33,11.35,10.84,10.87,2329692
28/01/2013,11.41,11.47,11.14,11.31,876778
25/01/2013,10.92,11.6,10.84,11.38,2013118
24/01/2013,11.4,11.44,10.74,10.88,1421638
23/01/2013,11.65,11.82,11.07,11.43,1208398
22/01/2013,11.82,11.87,11.4,11.57,1324198
21/01/2013,11.92,12.16,11.76,11.81,1656868
18/01/2013,11.85,12.13,11.74,11.8,1786154
17/01/2013,11.62,11.95,11.62,11.81,2409732
16/01/2013,12.07,12.2,11.5,11.59,1698464
15/01/2013,12.2,12.36,12.02,12.07,2802478
14/01/2013,12.2,12.39,11.8,12.19,1949308
11/01/2013,12.53,12.73,12.04,12.16,2143722
10/01/2013,12.51,12.86,12.21,12.63,3604978
09/01/2013,12.77,12.97,12.37,12.42,3057328
08/01/2013,12.39,12.94,12.15,12.84,5282726
07/01/2013,12.07,12.64,11.94,12.39,2724852
04/01/2013,12,12.56,11.87,12.37,6145736
03/01/2013,12.05,12.18,11.79,12.01,4714676
02/01/2013,11.6,12.14,11.54,12.05,8267170
01/01/2013,11.17,11.85,11.11,11.57,6802180
31/12/2012,11.03,11.23,10.96,11.16,1367608
28/12/2012,10.97,11.17,10.88,11,1459768
27/12/2012,10.79,11.24,10.74,10.92,5187462
26/12/2012,10.87,10.92,10.71,10.74,1252214
24/12/2012,10.7,10.96,10.62,10.84,1375244
21/12/2012,10.92,11.2,10.51,10.64,3350728
20/12/2012,11.12,11.15,10.85,10.95,1722808
19/12/2012,11.17,11.36,9.98,11.12,2185258
18/12/2012,11.04,11.38,11.04,11.21,3152338
17/12/2012,11.19,11.45,11.11,11.15,2818648
14/12/2012,11.21,11.4,11.02,11.16,2683138
13/12/2012,11.48,11.67,11.02,11.16,7739756
12/12/2012,11.06,11.6,10.84,11.42,10389474
11/12/2012,11.4,11.52,10.84,11.01,4669136
10/12/2012,11.22,11.51,10.81,11.3,9117820
07/12/2012,10.06,11.26,10.05,10.85,26490106
06/12/2012,10.13,10.19,9.97,10.01,1666888
05/12/2012,10.14,10.36,10.02,10.07,2934252
04/12/2012,10.3,10.34,10.02,10.12,1269778
03/12/2012,10.24,10.41,10.21,10.26,2913942
30/11/2012,10.38,10.42,10.08,10.13,2542302
29/11/2012,10.26,10.43,10.21,10.32,3243508
27/11/2012,10.19,10.46,10.13,10.22,3103078
26/11/2012,9.94,10.3,9.82,10.12,3868888
23/11/2012,9.98,10.18,9.84,9.96,3223722
22/11/2012,10,10.12,9.8,9.93,1919204
21/11/2012,9.92,10.22,9.78,9.96,3307992
20/11/2012,10.2,10.36,9.69,9.85,3428022
19/11/2012,10.32,10.46,10.02,10.14,2930622
16/11/2012,10.32,10.9,10.18,10.27,9333954
15/11/2012,10.34,10.6,10,10.26,6039866
13/11/2012,10.15,10.54,10.15,10.37,6473440
12/11/2012,9.58,10.18,9.58,10.12,7120496
09/11/2012,9.79,9.86,9.42,9.53,2414442
08/11/2012,9.76,9.99,9.62,9.76,3914788
07/11/2012,10,10.47,9.67,9.87,21754158
06/11/2012,9.74,10.11,9.67,9.98,7141240
05/11/2012,9.59,9.82,9.52,9.73,3599082
02/11/2012,9.07,9.75,9.04,9.49,9770080
01/11/2012,9.01,9.1,8.84,8.99,1716478
31/10/2012,8.45,9.07,8.45,8.98,4047012
30/10/2012,8.87,8.87,8.42,8.47,1623014
29/10/2012,8.77,8.93,8.57,8.79,1732918
26/10/2012,8.83,8.98,8.6,8.75,2512618
25/10/2012,9.07,9.18,8.57,8.78,3583812
23/10/2012,9.19,9.37,8.99,9.07,2133792
22/10/2012,9.05,9.36,8.95,9.18,3013258
19/10/2012,9.57,9.77,8.94,9,4885752
18/10/2012,9.1,9.64,8.84,9.57,5166596
17/10/2012,9.41,9.47,8.96,9.03,4509882
16/10/2012,9.54,10.17,9.31,9.37,13656832
15/10/2012,9.37,9.57,9.21,9.53,6913360
12/10/2012,9.21,9.6,9.02,9.31,9234640
11/10/2012,8.73,9.3,8.73,9.21,10772438
10/10/2012,8.34,9.03,8.3,8.7,16136630
09/10/2012,8.16,8.53,8.14,8.39,4468542
08/10/2012,8.25,8.47,8.01,8.08,2233258
05/10/2012,8.45,8.52,7.84,8.15,5946012
04/10/2012,7.97,8.6,7.88,8.39,16028946
03/10/2012,7.4,8.16,7.4,7.83,19216130
01/10/2012,7,7.34,6.86,7.25,4300842
28/09/2012,7.07,7.12,6.6,6.92,846328
27/09/2012,7,7,6.87,6.95,288088
26/09/2012,6.74,7.3,6.7,6.93,1606858
25/09/2012,6.8,6.82,6.67,6.8,316498
24/09/2012,6.74,6.87,6.67,6.81,617158
21/09/2012,6.67,6.77,6.67,6.67,735104
20/09/2012,6.67,6.74,6.6,6.69,269324
18/09/2012,6.68,6.77,6.54,6.72,321088
17/09/2012,6.54,6.74,6.42,6.68,321178
14/09/2012,6.54,6.67,6.38,6.43,331468
13/09/2012,6.66,6.88,6.48,6.53,765358
12/09/2012,6.21,6.71,6.21,6.61,338188
11/09/2012,6.21,6.3,6.17,6.29,29744
10/09/2012,6.21,6.32,6.17,6.26,83864
07/09/2012,6.23,6.45,6.18,6.27,762974
06/09/2012,6.12,6.22,6.12,6.17,973724
05/09/2012,6.26,6.26,6.12,6.2,325948
04/09/2012,6.13,6.25,6.09,6.2,119474
03/09/2012,6.14,6.22,6.14,6.17,619948
31/08/2012,6.2,6.2,6.07,6.08,72568
30/08/2012,6.34,6.34,6,6.17,182938
29/08/2012,6.34,6.37,6.24,6.34,1820864
28/08/2012,6.34,6.42,6.29,6.36,152128
27/08/2012,6.35,6.47,6.2,6.37,122578
24/08/2012,6.44,6.46,6.34,6.38,217874
23/08/2012,6.45,6.46,6.35,6.42,98504
22/08/2012,6.4,6.44,6.34,6.4,156374
21/08/2012,6.37,6.4,6.25,6.36,124634
17/08/2012,6.36,6.4,6.26,6.32,54614
16/08/2012,6.37,6.45,6.25,6.28,130258
14/08/2012,6.27,6.4,6.27,6.31,145514
13/08/2012,6.45,6.67,6.34,6.41,857158
10/08/2012,6.43,6.66,6.42,6.62,196318
09/08/2012,6.4,6.57,6.37,6.49,123838
08/08/2012,6.56,6.68,6.48,6.53,449908
07/08/2012,6.45,6.54,6.45,6.49,159778
06/08/2012,6.4,6.47,6.37,6.41,229304
03/08/2012,6.37,6.47,6.24,6.41,484978
02/08/2012,6.34,6.43,6.34,6.4,34664
01/08/2012,6.35,6.46,6.34,6.4,346784
31/07/2012,6.31,6.47,6.21,6.38,71038
30/07/2012,6.34,6.51,6.34,6.42,487334
27/07/2012,6.46,6.48,6.2,6.23,234058
26/07/2012,6.56,6.56,6.22,6.33,191894
25/07/2012,6.74,6.9,6.34,6.51,342974
24/07/2012,6.6,6.7,6.56,6.6,193468
23/07/2012,6.67,6.72,6.54,6.67,217844
20/07/2012,6.7,6.83,6.68,6.71,177584
19/07/2012,6.74,6.92,6.58,6.79,882344
18/07/2012,6.83,6.83,6.57,6.65,676108
17/07/2012,7,7.07,6.67,6.72,960704
16/07/2012,6.8,7.06,6.8,6.94,2096218
13/07/2012,6.79,6.85,6.74,6.78,755788
12/07/2012,6.76,6.94,6.74,6.77,1394474
11/07/2012,6.86,7.2,6.71,6.77,13249432
10/07/2012,6.84,6.94,6.68,6.71,565798
09/07/2012,6.64,6.84,6.64,6.77,5795696
06/07/2012,6.72,6.74,6.48,6.67,678644
05/07/2012,6.34,6.87,6.34,6.67,2912788
04/07/2012,6.34,6.44,6.24,6.39,299428
03/07/2012,6.26,6.37,6.15,6.32,456284
02/07/2012,6.33,6.33,6.22,6.22,151558
29/06/2012,6.28,6.39,6.23,6.27,285764
28/06/2012,6.18,6.32,6.18,6.27,341698
27/06/2012,6.3,6.33,6.14,6.2,255164
26/06/2012,6.24,6.34,6.17,6.24,173384
25/06/2012,6.15,6.5,6.15,6.22,620848
22/06/2012,5.92,6.25,5.87,6.14,600464
21/06/2012,5.87,6,5.8,5.95,482384
20/06/2012,5.66,5.84,5.66,5.76,386804
19/06/2012,5.77,5.77,5.55,5.66,97424
18/06/2012,5.74,5.86,5.64,5.67,97708
15/06/2012,5.67,5.77,5.64,5.68,137788
14/06/2012,5.72,5.77,5.6,5.66,781844
13/06/2012,5.74,5.81,5.7,5.79,2511252
12/06/2012,5.73,5.8,5.6,5.67,785908
11/06/2012,5.61,5.79,5.61,5.73,2491108
08/06/2012,5.68,5.78,5.54,5.66,424634
07/06/2012,5.74,5.82,5.65,5.75,625168
06/06/2012,5.61,5.8,5.6,5.72,443158
05/06/2012,5.68,5.83,5.61,5.65,179324
04/06/2012,5.7,5.9,5.67,5.77,107458
01/06/2012,5.75,5.9,5.74,5.79,195418
31/05/2012,5.87,5.9,5.77,5.88,148498
30/05/2012,5.66,6.05,5.66,5.87,592634
29/05/2012,5.5,5.61,5.47,5.57,160558
28/05/2012,5.47,5.47,5.4,5.43,408148
25/05/2012,5.47,5.48,5.39,5.39,160754
24/05/2012,5.47,5.52,5.27,5.5,122084
23/05/2012,5.38,5.44,5.37,5.4,35354
22/05/2012,5.4,5.52,5.37,5.4,161054
21/05/2012,5.4,5.45,5.34,5.41,1697024
18/05/2012,5.37,5.42,5.2,5.36,185954
17/05/2012,5.72,5.73,4.87,5.36,427648
16/05/2012,5.8,5.8,5.46,5.51,235004
15/05/2012,5.67,5.77,5.61,5.71,174778
14/05/2012,5.8,5.86,5.68,5.7,95144
11/05/2012,5.87,5.98,5.72,5.77,235888
10/05/2012,6.13,6.13,5.85,5.9,112874
09/05/2012,6.1,6.2,5.95,6,97184
08/05/2012,6,6.2,5.94,6.16,467788
07/05/2012,6,6.04,5.84,6.01,343138
04/05/2012,6.14,6.17,5.94,6.01,264988
03/05/2012,6.42,6.42,6.17,6.18,125414
02/05/2012,6.53,6.53,6.25,6.32,222794
30/04/2012,6.29,6.47,6.29,6.41,158488
27/04/2012,6.6,6.6,6.34,6.38,479924
26/04/2012,6.79,6.86,6.47,6.54,807224
25/04/2012,6.45,6.74,6.45,6.7,1061638
24/04/2012,6.47,6.64,6.35,6.62,582808
23/04/2012,6.6,6.6,6.31,6.43,234074
20/04/2012,6.9,6.9,6.47,6.55,687868
19/04/2012,6.48,6.7,6.38,6.7,2093068
18/04/2012,5.9,6.38,5.9,6.38,1059674
17/04/2012,6.2,6.2,6,6.08,1214338
16/04/2012,6.33,6.33,6.15,6.18,1000078
13/04/2012,6.46,6.46,6.17,6.33,1993288
12/04/2012,6.74,6.74,6.4,6.47,14110852
