Date,OBEROIRLTY-EQ O,OBEROIRLTY-EQ H,OBEROIRLTY-EQ L,OBEROIRLTY-EQ C,OBEROIRLTY-EQ V
29/03/2019,534.65,535.1,518.3,528.3,400943
28/03/2019,524.05,541.95,521.6,532,512934
27/03/2019,524.9,527,515.3,523.35,569757
26/03/2019,514.9,524,514.4,521,420654
25/03/2019,513.5,525,504.05,512.55,2375072
22/03/2019,498,523.6,498,516.65,2120562
20/03/2019,497.9,504.9,492.3,496.85,298907
19/03/2019,505.2,511.95,491.55,495.3,828410
18/03/2019,489,502.9,488.25,499.9,1166941
15/03/2019,481.95,491.1,480.95,487.5,307080
14/03/2019,485.8,486.6,476.4,478.35,337753
13/03/2019,486.4,492,480.2,481.35,1269466
12/03/2019,482.7,494.8,480,483.7,524145
11/03/2019,482.6,486.7,475.25,477.55,276901
08/03/2019,477.4,486.45,470.3,480.6,471370
07/03/2019,482.2,484.8,475.05,477,168153
06/03/2019,487.05,493.75,480,481.15,363816
05/03/2019,487.5,495,483,485.9,466480
01/03/2019,498.2,501.25,484,486.35,354204
28/02/2019,500.75,507.8,492.6,495.35,280970
27/02/2019,492.25,509.45,487,497.65,528175
26/02/2019,482,495,468.05,493.15,687506
25/02/2019,520.05,525,481,488.15,1699463
22/02/2019,489,510,489,503.1,1439111
21/02/2019,483,489.95,477.95,486.7,2074915
20/02/2019,488,492.95,472.55,481,538920
19/02/2019,496.1,509,480,484.75,1327632
18/02/2019,469.95,496.7,469,488.75,813729
15/02/2019,458.95,474,456.1,467.95,216540
14/02/2019,457,461.95,450.05,457.85,118138
13/02/2019,448.8,459.7,448.8,454.8,361083
12/02/2019,444.65,455.8,443,445.3,529202
11/02/2019,442,448.7,439.95,441.8,62339
08/02/2019,452.8,464,436.25,444.6,758807
07/02/2019,452.2,460.1,449.8,451.5,152581
06/02/2019,451,463.7,448,449.5,357971
05/02/2019,454,457.1,445.55,448.25,69161
04/02/2019,458,465.55,451.05,454.3,234707
01/02/2019,450.5,474.95,443.95,454.2,666607
31/01/2019,437.5,448,434.5,444.65,211627
30/01/2019,445.95,445.95,432.05,433.3,198099
29/01/2019,447,450,442.6,444.45,83575
28/01/2019,459.95,462.8,446.25,448.1,131400
25/01/2019,474,477,451.85,457.3,638118
24/01/2019,445.5,478.35,445.5,471.7,1096773
23/01/2019,448.75,448.75,436.25,440.2,393172
22/01/2019,442,449.8,441.1,447.75,374527
21/01/2019,449.95,450,440.05,445.1,221923
18/01/2019,463.9,463.95,446.05,449.85,619559
17/01/2019,453.9,462.8,452.15,460.25,620582
16/01/2019,454,460.9,450.6,453.75,216001
15/01/2019,445.7,464,445.45,452.3,540050
14/01/2019,451.85,452,438.4,443.9,149033
11/01/2019,460.35,461.4,450.05,452.4,99363
10/01/2019,459.4,467.85,453.2,460.05,309824
09/01/2019,454.95,459.7,448,457.65,160252
08/01/2019,461.25,469.4,448.6,451.85,317297
07/01/2019,466.15,478,455.15,457.55,542900
04/01/2019,451,465,447.25,463.35,343653
03/01/2019,450.2,454.9,445.3,448.6,127886
02/01/2019,453,466,441,447.45,389093
01/01/2019,444.9,457.9,442.25,454.7,312694
31/12/2018,455.3,461.95,438.4,440.85,256403
28/12/2018,457,461.45,449.75,451.3,119046
27/12/2018,448,459.4,446.1,450.85,164909
26/12/2018,447.1,454.4,436.25,446.8,71505
24/12/2018,452.05,456.8,437.5,452.3,165248
21/12/2018,474.4,474.4,451,452.35,215192
20/12/2018,484.45,484.95,472.25,475.6,73442
19/12/2018,484.95,486.45,476,480.65,114216
18/12/2018,479,492,476.15,483.45,812837
17/12/2018,479.7,483.95,470.6,476.85,213555
14/12/2018,478,486.5,471.3,476.75,152261
13/12/2018,467.05,481,467.05,474.3,348684
12/12/2018,452,471,451.9,467.05,431883
11/12/2018,455.05,459.95,443.6,448.15,293914
10/12/2018,472.5,476.45,460,462.35,409417
07/12/2018,480,487,471.1,477.45,792832
06/12/2018,465.8,479.3,445.55,475.55,397293
05/12/2018,478.9,478.9,462.05,466.85,282800
04/12/2018,471.8,486.15,455,479.7,337775
03/12/2018,449.9,477.9,449.9,472,1250723
30/11/2018,428.2,459.8,428.2,446.3,943123
29/11/2018,412.35,435,412.35,430.15,1255825
28/11/2018,425,426.75,412.1,414.75,439309
27/11/2018,425.05,435,421.85,425.95,553794
26/11/2018,427.65,431.95,423.65,427.6,159651
22/11/2018,427.95,428.9,421.6,425.05,87800
21/11/2018,423.6,430.15,415.55,425.4,445063
20/11/2018,424,427,414.95,421.6,137844
19/11/2018,415,437.4,415,422.1,359294
16/11/2018,408,419.4,406,412.8,363034
15/11/2018,398.4,412,388.45,405.8,363262
14/11/2018,405.8,406.65,390.1,395.95,725346
13/11/2018,410.95,414.95,400.5,403.2,243153
12/11/2018,418.75,419.55,405.05,409.35,477360
09/11/2018,442.5,451.95,415,418.75,598831
07/11/2018,442.9,443,438,440.15,36152
06/11/2018,439.5,443.45,433.4,439.6,392795
05/11/2018,426,438.3,425.25,434.5,182158
02/11/2018,432,434.95,425,427.35,235993
01/11/2018,424.85,439.4,423.5,429.35,344204
31/10/2018,427.5,433,418.6,423.35,245033
30/10/2018,424.2,440,423,424.9,316858
29/10/2018,420.3,428.5,418.3,423.6,166303
26/10/2018,423.45,429.95,410.05,422.85,166448
25/10/2018,425,431,415.4,420.05,394838
24/10/2018,395.2,439.95,395.2,432.5,1126182
23/10/2018,381.4,408.8,375.05,394.55,689609
22/10/2018,373.3,384.5,373.3,380.25,527126
19/10/2018,376.95,378.3,366.1,373.25,140688
17/10/2018,378.7,382,373.25,375.15,1322576
16/10/2018,381.5,387.6,373.1,375.3,349684
15/10/2018,385,388.6,378,380.45,314778
12/10/2018,375.35,389.7,370.45,385.35,444732
11/10/2018,362.2,372.95,357,369.85,127079
10/10/2018,372.2,384.75,371,375.05,444400
09/10/2018,375.6,388.5,362.45,375.7,435713
08/10/2018,390,390,361.55,377.95,2039774
05/10/2018,391,397.45,351.35,390,1357452
04/10/2018,390.2,400,385.25,395.35,476921
03/10/2018,403,408.1,389.05,399.95,1856871
01/10/2018,401,413.55,396.1,403.8,1252856
28/09/2018,415.55,418.3,398.4,405.6,547020
27/09/2018,419.95,424.95,412.6,416.95,337223
26/09/2018,409,424.8,401.85,416.8,297992
25/09/2018,406.45,424.8,397.45,406,808757
24/09/2018,427.55,429.4,395.1,406.45,817859
21/09/2018,454.95,459.95,424,431.85,604687
19/09/2018,464.95,464.95,450.05,452.95,193719
18/09/2018,469,475.45,457,460.95,209119
17/09/2018,469.95,474,462,470.1,177154
14/09/2018,448.5,473.5,448.5,469.45,568859
12/09/2018,452.4,455,442.85,449.15,104832
11/09/2018,454.95,458.55,450.8,455.15,256998
10/09/2018,454,458,448.7,452.25,276636
07/09/2018,445,454,445,452.2,77584
06/09/2018,447.05,454,444.1,447.3,107453
05/09/2018,447.8,447.8,433.3,442.55,551457
04/09/2018,455.7,462.05,444,452.6,442748
03/09/2018,439.5,463,432.1,455.65,605164
31/08/2018,453.2,459,435.5,440.85,838029
30/08/2018,458.1,459.8,452.5,453.05,240103
29/08/2018,460,466.5,455,456.65,175189
28/08/2018,466.55,470.2,454,460.45,538681
27/08/2018,470,474.95,466.15,468.95,140321
24/08/2018,467,474.5,467,468.85,146764
23/08/2018,478.75,478.75,466.05,469.7,189464
21/08/2018,476.7,489,472.25,475.2,177958
20/08/2018,477,482.8,471.1,479.65,312183
17/08/2018,474.3,478.8,469.2,474.85,113875
16/08/2018,475.05,479.95,467,469.75,133124
14/08/2018,482,486.9,472.1,478.9,169381
13/08/2018,480.85,493,475.15,481.7,220209
10/08/2018,479.4,487,476,483.95,545258
09/08/2018,479.5,483.45,471.55,476.6,196839
08/08/2018,473.5,483,472.55,479.25,164292
07/08/2018,482.8,483.8,473,475.95,107088
06/08/2018,486,489.95,478.2,481.15,70893
03/08/2018,482.5,486.65,482.05,484.55,101650
02/08/2018,488,491,479.05,481.55,75419
01/08/2018,495,497.05,481.55,488.15,363389
31/07/2018,509.5,514.95,487.8,496.1,1049197
30/07/2018,484,497.3,481.5,490.8,286110
27/07/2018,482.35,486.4,476.25,480.35,255701
26/07/2018,465.9,480.7,465.2,479.5,196849
25/07/2018,474,477.85,460.5,463.4,249270
24/07/2018,482.75,483.5,472.5,476.15,123801
23/07/2018,488,488.95,476.9,482.75,376169
20/07/2018,467.65,488.1,465.05,486.8,762846
19/07/2018,460.2,470.9,450.5,465.35,252160
18/07/2018,467.65,467.65,453.6,457.4,147214
17/07/2018,460.4,478,456.5,464.2,324327
16/07/2018,478.7,478.8,456.1,461.45,221349
13/07/2018,476.5,485,473.2,476.7,355227
12/07/2018,494.95,494.95,472.55,476,192811
11/07/2018,488.7,494.9,486.25,489.1,190414
10/07/2018,475.1,493,475.1,489.55,423612
09/07/2018,461,474.5,461,473.25,364250
06/07/2018,460.95,469.9,452.25,460,531853
05/07/2018,468.1,484.75,453,457.55,497062
04/07/2018,476.95,476.95,466.15,471.85,157423
03/07/2018,470.7,480,466,476.5,291741
02/07/2018,477.05,484.5,468.05,475.75,741589
29/06/2018,463,481.8,461.1,477.35,506445
28/06/2018,461.95,466.8,452,459.5,310030
27/06/2018,464,472.5,455,462.95,518006
26/06/2018,480.1,483.4,462.2,465.6,432114
25/06/2018,501,502,472.55,483,377617
22/06/2018,504.3,505.45,495,499.85,422634
21/06/2018,501.55,505.6,498.25,501.2,353000
20/06/2018,513,513,501.05,503.7,180812
19/06/2018,510,511.85,499.35,505,360855
18/06/2018,504.5,512.5,500.5,510.2,208683
15/06/2018,507.5,509.5,496.65,505.1,181766
14/06/2018,527,527,506.1,508.65,581951
13/06/2018,511.7,535.5,511.7,527.4,460088
12/06/2018,510,513.1,508.05,511.65,89830
11/06/2018,515.8,518.85,506.1,510.55,100249
08/06/2018,510.1,519.95,510.1,514.1,49833
07/06/2018,510,524.7,510,515.1,280118
06/06/2018,495,512.5,490.05,509.15,209097
05/06/2018,508.8,518,495.75,501.55,271349
04/06/2018,512.15,514.4,505,508.35,148635
01/06/2018,503.55,514.7,503,509.6,223358
31/05/2018,512,515.95,505.35,506.95,125955
30/05/2018,506.05,519.5,502.55,511.35,203407
29/05/2018,511,515,505.05,511.85,100323
28/05/2018,507.4,520,504,511.75,245925
25/05/2018,502.4,505,491,502.4,338072
24/05/2018,504.95,505,488.05,498.55,244579
23/05/2018,512,512,495,499.7,315337
22/05/2018,516.2,522,501.2,512,270519
21/05/2018,521.6,548.3,510.1,516.2,325398
18/05/2018,526.9,534.4,512,524.7,241254
17/05/2018,534.85,538.9,524.95,526.9,81132
16/05/2018,535.4,549.9,525.25,530.85,168758
15/05/2018,555,575,526.55,531.4,290912
14/05/2018,529.9,567.5,525.75,555.85,719479
11/05/2018,536.8,536.8,526,529.4,96393
10/05/2018,536.95,542.4,526,534.55,618803
09/05/2018,516.4,543.6,513.1,537.65,693898
08/05/2018,520.8,522.8,511.55,516.65,356431
07/05/2018,517.05,527.5,515.1,518.25,331001
04/05/2018,519.5,529.5,509,514.5,371217
03/05/2018,543.7,545.6,514.5,520.3,271526
02/05/2018,552.7,561,534.4,541.5,964679
30/04/2018,550.45,572.6,543.95,549.5,689827
27/04/2018,552,560.7,540.3,546.3,245555
26/04/2018,573.5,579.55,543,550.75,657378
25/04/2018,569,592.8,557,569.2,1048556
24/04/2018,594.15,610,560.5,567.05,1780471
23/04/2018,525.9,592,525.9,577.15,2314914
20/04/2018,516,529.3,512,521.25,542235
19/04/2018,514,524.4,514,516.9,633525
18/04/2018,516,521.9,508.5,513,213189
17/04/2018,516,526,507.05,513.05,286622
16/04/2018,505,516,505,514,132924
13/04/2018,507,515,502.2,508.15,171852
12/04/2018,519.3,519.3,502.1,503.65,237525
11/04/2018,530.1,532.75,513,516.8,281732
10/04/2018,509.1,538.8,505,532.75,1032415
09/04/2018,512,514,500.55,502.6,121553
06/04/2018,502.4,510,500.1,505.4,237099
05/04/2018,504.45,512,496,498.9,200163
04/04/2018,520,520,490.35,496.05,316409
03/04/2018,501.7,516,500,510.9,259910
02/04/2018,512.55,516.7,495.1,501.3,466974
28/03/2018,487.9,515,482.6,510.25,773932
27/03/2018,481,495,481,489.15,182726
26/03/2018,471.4,484.65,470.35,476.9,427146
23/03/2018,478,481,467,468.65,398449
22/03/2018,496.6,510.5,485,487.55,486178
21/03/2018,488,517.9,485,502.5,1140729
20/03/2018,494.65,494.65,478.1,482.6,343408
19/03/2018,512,515,490.2,495.5,212187
16/03/2018,543,544.3,506,511.2,305728
15/03/2018,547.35,560.2,536,541.7,394117
14/03/2018,555,558.8,540,543.65,283542
13/03/2018,535,561.4,532,556.95,1111325
12/03/2018,529.55,540,521.55,532,489962
09/03/2018,502,531.7,492.3,524.8,1001890
08/03/2018,484.15,507.9,477,497.6,405919
07/03/2018,478,489.85,474,478.8,358697
06/03/2018,498.35,512.5,471.2,481.35,1146787
05/03/2018,511.05,513.9,490.5,492,446854
01/03/2018,520.05,535,504.6,510.05,655534
28/02/2018,521.9,544.4,505.15,519.15,1140455
27/02/2018,543.65,549,525,528.7,980423
26/02/2018,481.5,574.4,481.5,559.3,2295099
23/02/2018,481.5,486.8,477.75,480.95,61549
22/02/2018,465.3,487,461.5,480.5,308939
21/02/2018,479.5,479.5,464.2,466.65,69996
20/02/2018,477,480.5,469,472.45,38972
19/02/2018,482,486.85,469.75,476.1,62789
16/02/2018,483.95,489,477,479,70056
15/02/2018,473.45,494.4,473.35,480.3,266197
14/02/2018,466.75,478.85,465,471.85,154300
12/02/2018,458,471.7,457.6,463.25,266764
09/02/2018,465,480,453.2,454.45,767406
08/02/2018,471.25,497.95,471.25,476.15,223401
07/02/2018,464.95,476,464.85,471.15,71254
06/02/2018,451,464.9,443.6,459.15,212602
05/02/2018,481,488,455.1,468.95,661475
02/02/2018,517,517,481.05,490.25,410403
01/02/2018,534.5,534.5,504.05,521.7,248924
31/01/2018,540.95,540.95,522.65,528.8,834203
30/01/2018,530.1,544,521,526.05,343218
29/01/2018,532,534,518.1,530.1,201090
25/01/2018,545.9,545.9,520.55,528.15,255961
24/01/2018,514.9,556.95,508.55,544.25,657731
23/01/2018,510,520.1,505.7,510.85,94611
22/01/2018,510.85,510.85,502.05,507.5,102546
19/01/2018,501,511.9,497.1,507,86215
18/01/2018,517,525,496.6,503.25,202714
17/01/2018,517,526.4,507,515,375437
16/01/2018,525.1,534,501,520.55,305786
15/01/2018,536.6,538.3,522.25,525.5,200194
12/01/2018,559,562.35,528.15,532.7,481689
11/01/2018,531.9,561.95,524,555.25,673424
10/01/2018,510,536.9,508.2,528,625141
09/01/2018,494.85,514.8,493,506.7,489975
08/01/2018,491.25,502,490.1,493.45,424011
05/01/2018,491,497.25,487.5,489.7,552213
04/01/2018,480,491.9,479.5,487.45,468362
03/01/2018,482,484,475.5,479.6,243441
02/01/2018,481.95,483,476,480.4,130654
01/01/2018,484,492.5,475.05,480.2,224567
29/12/2017,473,483.6,470.5,481.2,320138
28/12/2017,470,478,470,472.2,69052
27/12/2017,477,477,470.2,471.95,91566
26/12/2017,475.5,478.3,470.15,473.6,82547
22/12/2017,476.8,480.5,468,471.75,95011
21/12/2017,481.9,483,475,476.15,90605
20/12/2017,481,482.25,477,480.15,143754
19/12/2017,475.6,483.7,470.1,477.85,440973
18/12/2017,474,474.8,445.55,469.7,232972
15/12/2017,474.75,477.9,472,475.05,395232
14/12/2017,470,482,466.05,470.5,826826
13/12/2017,452.95,453.85,444,451.65,214524
12/12/2017,456.8,458.85,448.75,451.05,136255
11/12/2017,463.2,463.2,453.05,455.3,100879
08/12/2017,469.95,472.9,456.65,459.7,231921
07/12/2017,465.05,474.95,463.35,466.8,135359
06/12/2017,466,474.4,462.6,467.65,131100
05/12/2017,468.15,473.9,463.45,467,98741
04/12/2017,480,482.8,465,469.75,100935
01/12/2017,488.1,492,471.2,474.8,162480
30/11/2017,491.95,492.95,477.2,487.2,290819
29/11/2017,487.9,504.9,485.35,491.95,834372
28/11/2017,485.9,492.75,475,489.9,356838
27/11/2017,493,493,481,482.25,229088
24/11/2017,510,512.95,488.7,492.3,278541
23/11/2017,508.6,528.95,497,513,275048
22/11/2017,498,514,496.6,508.6,499291
21/11/2017,485,496.7,482.55,492.7,164842
20/11/2017,470,491,468.4,480,226257
17/11/2017,479,479,461.7,468.5,313620
16/11/2017,470,473.45,455.7,468.9,244774
15/11/2017,458.95,477,457.3,467.65,249135
14/11/2017,462.1,464.4,452,456,50240
13/11/2017,480.9,480.9,459.1,461.95,81174
10/11/2017,492.95,496.9,475,477.25,338505
09/11/2017,494.4,494.4,486,489.3,88578
08/11/2017,494.8,497.95,485.35,489.6,162445
07/11/2017,499.2,502.95,485,491.7,243144
06/11/2017,498.2,503.15,489,494.7,349440
03/11/2017,497.25,506,490.1,494.45,422745
02/11/2017,490.1,504,488.05,493.5,358204
01/11/2017,480,508.95,470,486.2,768039
31/10/2017,458.3,481.55,455.2,474.75,852513
30/10/2017,455.9,461.9,452.6,458.3,78250
27/10/2017,459.6,464,450.15,451.75,71895
26/10/2017,457,466,451.05,456.25,106457
25/10/2017,466,475,455,458.65,99671
24/10/2017,470.75,470.75,461.1,465.9,203456
23/10/2017,475.4,475.4,461.25,466.45,491468
19/10/2017,467.8,472.8,461.3,465.7,38268
18/10/2017,470,470,456.5,464.75,335441
17/10/2017,473,487.65,455.9,468.8,823593
16/10/2017,449,483.75,442.25,478.3,1498504
13/10/2017,418.3,471.8,415.25,445.7,2451199
12/10/2017,405.95,422.8,405.05,419.55,769899
11/10/2017,420.4,428.65,401,403.75,2029133
10/10/2017,430.5,432.15,416.2,419.15,360395
09/10/2017,421.7,435.5,417.8,427.55,298817
06/10/2017,420,426.35,420,424.75,185846
05/10/2017,419,429,412.2,419.6,195739
04/10/2017,422.95,426.95,417.65,422.3,902535
03/10/2017,427,428.05,412,419.25,163184
29/09/2017,414.4,428,412.2,423.8,220369
28/09/2017,416,422.9,407,410.5,31213
27/09/2017,420,423.45,411.35,414.75,57676
26/09/2017,423,424,416.15,420.45,90015
25/09/2017,421.8,439.9,413.4,420.25,712156
22/09/2017,414,422.25,403.3,408.2,126140
21/09/2017,428.2,428.2,410.85,417.15,112768
20/09/2017,426.8,432,421.1,424.2,603769
19/09/2017,424.5,429.15,415.1,423.45,229883
18/09/2017,402.95,429.9,397.45,420.15,490170
15/09/2017,387.5,399,387.5,396.55,251154
14/09/2017,402.2,408,387,388.65,116160
13/09/2017,416,422.4,397.25,399.1,96960
12/09/2017,413.05,433.3,413.05,415.55,185506
11/09/2017,419.95,427.5,410.4,412.9,59269
08/09/2017,430,435.85,415.15,417.85,66981
07/09/2017,424.9,437.8,421.25,430.95,221924
06/09/2017,415.55,429.75,410,420,167691
05/09/2017,400,426.6,394.7,421.75,747727
04/09/2017,390,398.65,387.6,394,126211
01/09/2017,381.9,393,379.05,390,114882
31/08/2017,378.65,384,372.1,381,87087
30/08/2017,374.1,380.95,367.1,375,81691
29/08/2017,370.15,376,363.95,371.85,112362
28/08/2017,369.95,377.3,368.95,376.1,63318
24/08/2017,376,382.9,361.55,366.1,131448
23/08/2017,377.2,380.9,373.5,377.55,25528
22/08/2017,369,381,367.05,374.85,153289
21/08/2017,372,374.55,367,369.1,60508
18/08/2017,367.85,371.7,367.25,369.9,35690
17/08/2017,375.8,378,367.5,369.1,40562
16/08/2017,378,378,367.2,370.05,272734
14/08/2017,378,378,366.7,372.95,145940
11/08/2017,365.75,374.3,348,367.35,57135
10/08/2017,370,381,351.3,362.55,231440
09/08/2017,374,384,367.9,372.65,130336
08/08/2017,385.95,387.9,373.2,376.25,104564
07/08/2017,393,406,383.5,385.75,1851741
04/08/2017,390,401.9,387.5,397.35,203985
03/08/2017,382.8,388.95,378.5,386.6,102810
02/08/2017,387,388.75,376.55,379.95,101079
01/08/2017,386.8,393.35,382.4,386.9,183765
31/07/2017,384,390,376.4,386.35,188916
28/07/2017,389.7,401.3,385.6,391.7,871643
27/07/2017,377.5,391,375.5,388.45,115799
26/07/2017,380,389,374.35,376.9,130477
25/07/2017,381,384.95,377.8,379.95,253667
24/07/2017,384.35,385.05,378.2,381.35,93394
21/07/2017,382,386,376.05,380.2,30849
20/07/2017,381.45,389,375.55,383.95,91128
19/07/2017,378,383.95,373.5,381.25,64623
18/07/2017,370,385,367.7,376.05,94710
17/07/2017,370.3,375.8,366.3,369.95,83962
14/07/2017,379.1,383,373,376.1,41274
13/07/2017,382.6,385,377,378.75,71052
12/07/2017,388.9,388.9,378.35,381.45,189036
11/07/2017,387.35,388.85,380.9,384.8,269540
10/07/2017,400,400,370.9,387.55,20856
07/07/2017,367,384.45,365.05,382.35,173763
06/07/2017,365,370,361.95,364.4,65604
05/07/2017,363.8,369.55,358.6,362.2,119682
04/07/2017,370,374,362.35,368.5,130690
03/07/2017,362.4,370.8,360.05,368,91616
30/06/2017,338,361.4,338,357.7,501364
29/06/2017,342,347.4,338,344.5,126598
28/06/2017,345,354.45,335.3,344.7,956919
27/06/2017,363.05,363.05,338.65,344.95,522525
23/06/2017,373.1,375.8,353.1,360.15,292521
22/06/2017,370.4,377,369.35,373.95,136585
21/06/2017,375.8,375.9,366.3,368.85,87642
20/06/2017,380,380,371.1,374.3,71448
19/06/2017,377.4,380,374,377.15,71495
16/06/2017,380.7,381.2,376.8,377.4,311104
15/06/2017,377.35,382.6,376.05,377.3,63995
14/06/2017,385,386.9,375.5,377.35,171037
13/06/2017,387.5,387.5,381.05,382.7,46960
12/06/2017,389,392.7,382.1,383.6,157398
09/06/2017,381.9,394.8,381.55,392.3,326865
08/06/2017,383,383,378,379.8,475940
07/06/2017,383.25,388.5,378,379.65,210780
06/06/2017,388.9,391,380,380.9,80921
05/06/2017,398.9,405,383.5,386.9,199451
02/06/2017,378.1,404.75,378.1,398.3,290569
01/06/2017,373.5,382.5,373.5,376.9,41059
31/05/2017,374,385.6,371.75,377.3,347598
30/05/2017,388.25,388.25,363.3,370.85,499182
29/05/2017,380,387.6,379.95,385.75,84907
26/05/2017,390,390,379,382.5,146854
25/05/2017,385,394,373.2,388.8,445780
24/05/2017,370,380.75,368.4,374.5,170563
23/05/2017,389,389.1,369.05,374.45,183069
22/05/2017,390,400,382.6,385.9,163605
19/05/2017,387.05,396,381,392.05,127350
18/05/2017,396.7,397.55,387,388.75,74648
17/05/2017,404,404,394,397.45,89088
16/05/2017,404.8,404.8,398.5,400.95,57176
15/05/2017,396.05,408,396.05,402.25,723270
12/05/2017,412.55,413.25,394.15,395.65,101998
11/05/2017,413,414.9,407.05,410.15,115100
10/05/2017,403.1,413.9,402,411.65,300686
09/05/2017,397,404.9,395.4,400.4,262438
08/05/2017,409.9,409.9,394.6,396.3,388586
05/05/2017,415,416,399.7,404.45,802029
04/05/2017,399,401.9,391.3,396.45,250506
03/05/2017,394.5,406.8,389,396.35,571831
02/05/2017,401.25,411.75,388,392.75,576717
28/04/2017,402,403.95,390.25,397.5,330186
27/04/2017,394.05,402,382.2,398.05,1670367
26/04/2017,396,405.9,391,394.4,308566
25/04/2017,407.45,407.45,388,397.5,342518
24/04/2017,396,407.5,392,404.35,664212
21/04/2017,402,402,386.9,393.95,409940
20/04/2017,382.7,413.95,381.65,397.95,1807254
19/04/2017,374,384.8,374,382.7,1441581
18/04/2017,371.3,383.2,371.3,374.75,1383064
17/04/2017,369,376.45,367.6,371.35,180440
13/04/2017,378.25,380,361.95,367.8,307632
12/04/2017,384.6,384.6,376.75,380.05,253015
11/04/2017,383,385,378.05,381.5,403953
10/04/2017,384,384,375,380.95,232164
07/04/2017,388,388.8,375.4,379.55,119853
06/04/2017,379,387.4,377.05,384,507241
05/04/2017,370,384,370,377.35,916104
03/04/2017,368.6,373.05,365.3,369.8,181777
31/03/2017,366.3,370,366.3,368.45,214528
30/03/2017,375.05,376.85,366.15,370.35,174209
29/03/2017,375.05,376.8,371,373.45,254526
28/03/2017,380.05,383.35,372.45,374.05,41601
27/03/2017,384.9,386.2,376,379.3,114035
24/03/2017,382,385.65,373,380.3,198205
23/03/2017,382.65,395,369.2,378.55,846637
22/03/2017,367,396.4,362.05,385.2,907421
21/03/2017,360.2,372.9,360.2,370.9,113200
20/03/2017,362.5,369,360.7,365.25,61307
17/03/2017,351,368,348.55,361.4,156411
16/03/2017,348.95,348.95,342.5,348.15,76904
15/03/2017,347.65,358,343.6,344.95,1335751
14/03/2017,352,352.4,343.4,347.3,87449
10/03/2017,342.4,344.65,340.5,342.65,23821
09/03/2017,341,345.55,338.55,343,99455
08/03/2017,337.75,346.2,335.35,340.2,134372
07/03/2017,343.9,344.75,339.1,340.5,130987
06/03/2017,333.2,345.45,333.2,340.4,148257
03/03/2017,329.5,339.75,328.9,335.55,57572
02/03/2017,344.3,344.3,329.2,331.25,72368
01/03/2017,324,355.8,317.6,342.4,973183
28/02/2017,329,329.85,322.15,323.45,87944
27/02/2017,325,330.9,321.65,329,176259
23/02/2017,328.35,334,323.1,324.4,200884
22/02/2017,331.85,339,327.65,329.5,463301
21/02/2017,334.9,334.9,327.05,331.55,40498
20/02/2017,330.4,334.95,328.2,329.7,38774
17/02/2017,339.75,341.75,329,330.45,44269
16/02/2017,327.5,353,327.25,334.15,489517
15/02/2017,342.95,342.95,330.1,331.85,63069
14/02/2017,337,343,332.6,339.45,100198
13/02/2017,341.55,346.3,331.55,340.2,208988
10/02/2017,335.45,346,330.6,341.5,354884
09/02/2017,331.85,336.9,325.3,327.55,83288
08/02/2017,332,336.5,330.1,331.85,45748
07/02/2017,340,345,330,331.25,61197
06/02/2017,344,346.8,335,338,63670
03/02/2017,337.75,340,332,334.9,43458
02/02/2017,333,347.75,331.25,334.75,1229643
01/02/2017,313.5,333.3,309.95,331.6,486621
31/01/2017,313,316.5,304.2,311.25,297299
30/01/2017,310,312.45,306.25,307.65,112607
27/01/2017,307,313.45,302,310.9,243587
25/01/2017,312.05,315.8,306.2,309.95,154673
24/01/2017,315.85,315.9,310.55,312.85,36254
23/01/2017,310.5,315,309,313.8,25023
20/01/2017,313.55,315,306.7,309.75,36044
19/01/2017,316.1,319,310,314.25,37339
18/01/2017,319,321.65,316.7,318.8,20843
17/01/2017,315.1,319.9,315,318.75,60831
16/01/2017,317,318.6,311.55,313.15,60355
13/01/2017,314,321,310.05,319.25,122173
12/01/2017,310.5,314.15,310,311.9,39486
11/01/2017,309,311.5,308.05,310.55,53162
10/01/2017,309,311.95,305.3,306.75,145233
09/01/2017,308.7,309.35,304.05,305.35,27299
06/01/2017,315.45,316.3,302.05,305.65,88351
05/01/2017,312.5,315.75,311,313.3,61615
04/01/2017,311.95,318.15,308.05,310.35,143216
03/01/2017,314.55,320.4,308.25,310.2,101154
02/01/2017,298,314,298,311.9,158564
30/12/2016,296.6,298,294.05,295.35,88423
29/12/2016,290.4,297.95,290.05,292.75,974360
28/12/2016,289.95,294.55,289.95,290.8,63493
27/12/2016,291,293.95,285.25,288.35,55466
26/12/2016,301.7,303.75,290.6,292.4,48389
23/12/2016,306.2,310,300.9,302.2,38584
22/12/2016,304.4,309.9,302.65,307.35,42797
21/12/2016,307.9,310.85,301,302.55,30742
20/12/2016,313.85,316.5,305,306.35,45914
19/12/2016,325,327.4,304.2,309.35,189561
16/12/2016,307.75,333,307.75,329.55,731708
15/12/2016,304.25,321.85,301,312,348924
14/12/2016,301,308.9,297.15,304.25,1174262
13/12/2016,314.05,316.9,300.05,303.6,229742
12/12/2016,306,321.8,306,313.4,589369
09/12/2016,299.5,307.7,299.5,305.25,33578
08/12/2016,300,309.9,297.3,303.7,411070
07/12/2016,296.75,304,295.95,302.4,266160
06/12/2016,287.05,298.65,285,296.75,183689
05/12/2016,280.55,286.05,279.1,283.35,429356
02/12/2016,285,287.65,279.1,282.15,372842
01/12/2016,288,296.95,278.05,286.7,371762
30/11/2016,272,293.9,272,285.85,436952
29/11/2016,283,292,270.25,275.2,171425
28/11/2016,275.1,288,271.55,285.7,185518
25/11/2016,269.6,277,265.55,274.6,311827
24/11/2016,272,282.6,258.2,263.9,516866
23/11/2016,274.45,278.4,268.1,274.35,294233
22/11/2016,265,280,255.05,274.45,298568
21/11/2016,273,275.15,255.55,261.65,645679
18/11/2016,280,280,269.15,275.6,205626
17/11/2016,281.1,285,266.95,274.35,411285
16/11/2016,269,293.7,269,288.25,383472
15/11/2016,289,292.1,248.3,267.9,546621
11/11/2016,304.1,304.1,287.1,292.1,379140
10/11/2016,311.95,315,305,308.5,221335
09/11/2016,290,319.35,275.5,301.3,1847413
08/11/2016,342,352,336.6,338.7,125227
07/11/2016,347,351.55,340.2,342.65,146540
04/11/2016,363,365,335,343.45,675588
03/11/2016,361.65,377.9,356,362.25,716301
02/11/2016,359.7,372.9,347.95,359,306865
01/11/2016,363.9,364.95,353.2,356.85,160983
30/10/2016,356,362.9,352,360.25,90095
28/10/2016,345,356.5,340.25,352.65,1399832
27/10/2016,345.95,346,338,342.85,565992
26/10/2016,336,356.6,336,346.65,1720254
25/10/2016,343.9,343.9,334.5,339.3,153911
24/10/2016,334.5,348,330.25,341.6,814341
21/10/2016,336.7,338,325,331.95,151685
20/10/2016,337,338.55,331,333.65,58034
19/10/2016,340.15,340.15,329,334.6,149071
18/10/2016,337.6,342.7,330.65,335.2,258149
17/10/2016,329.45,348.9,325.1,337.65,310934
14/10/2016,331.95,331.95,320.55,326.05,240367
13/10/2016,321.6,332.3,312.85,329.4,252637
10/10/2016,330,331.95,320.7,321.65,117706
07/10/2016,323,336.6,320,330.8,207428
06/10/2016,313,339,308.95,323.5,668781
05/10/2016,308.25,315,306.05,312.65,1838068
04/10/2016,292.8,306,292.8,305.15,1238765
03/10/2016,293.65,294.15,290.15,292.8,177724
30/09/2016,291.2,294,288.05,292.15,204295
29/09/2016,291.9,293.95,283,290.3,230154
28/09/2016,292.95,293.9,289.5,290.5,84304
27/09/2016,289.95,292.8,289.1,290.75,57794
26/09/2016,296,296,286.2,287.5,125044
23/09/2016,295.2,300.25,293.4,296.1,114805
22/09/2016,297.9,300.5,290.1,292.6,183103
21/09/2016,291.95,298.3,289,297.05,97117
20/09/2016,298.8,298.85,286.2,288.15,290955
19/09/2016,304.85,304.95,296.05,297.6,286484
16/09/2016,299.4,307.5,297.1,301.35,1348224
15/09/2016,300,300,295.2,297.25,81811
14/09/2016,300,302.4,295.65,299.35,641345
12/09/2016,296.6,302.65,293.2,295.05,69234
09/09/2016,299.3,304.5,297.85,302.1,156760
08/09/2016,298,301.8,295.9,296.6,132292
07/09/2016,309.45,309.45,295.1,297.5,338409
06/09/2016,309,318.45,302.55,303.85,128835
02/09/2016,304.95,319.35,300.7,304.8,379669
01/09/2016,305.7,305.7,297.05,301.75,55192
31/08/2016,306.6,310,300.2,301.8,78225
30/08/2016,307.5,311,303.6,305.15,72343
29/08/2016,305.8,311,302.45,306.85,87874
26/08/2016,308.95,308.95,303.1,305.15,43436
25/08/2016,306.9,311.1,303,306.85,137206
24/08/2016,312,314,304.85,305.8,294519
23/08/2016,313.95,315.95,310,313.75,98400
22/08/2016,316,322.95,310.3,314.6,928708
19/08/2016,309,309,295.5,297.2,170775
18/08/2016,295.2,309.8,292.15,305.15,143349
17/08/2016,300.45,303.8,290.3,292.1,239788
16/08/2016,298.25,298.25,292.2,295.35,211123
12/08/2016,299.4,302,295.1,296.45,256555
11/08/2016,296.55,304,294.05,301,35042
10/08/2016,296.4,298.6,291.45,296.15,109781
09/08/2016,305.1,310,294.1,295.15,174644
08/08/2016,309,313.3,304,306.5,281341
05/08/2016,304.7,312.8,301.25,308.9,1086102
04/08/2016,291.1,311.4,288.95,300.65,889754
03/08/2016,288,292.6,282.5,288.95,78321
02/08/2016,291.05,294.35,282.15,283.9,63614
01/08/2016,291.6,296.05,285.4,289.95,50938
29/07/2016,291.05,294.9,285.5,291,60927
28/07/2016,294.75,297.95,286.85,290.8,704370
27/07/2016,292.8,298.1,289,291.6,160233
26/07/2016,297,302,288.65,292.3,218997
25/07/2016,296.9,304.4,296.05,297.85,159438
22/07/2016,297.1,300.65,295,296.9,46998
21/07/2016,306,306.9,296.1,297.1,319319
20/07/2016,299.95,311.65,297.95,304.05,444265
19/07/2016,299.9,302.85,295.6,300.15,62698
18/07/2016,298.6,304.4,298.15,301.05,411456
15/07/2016,299.05,303.9,294.3,301.4,448158
14/07/2016,307.7,307.75,293.9,295.8,298221
13/07/2016,300,311.9,295.1,309.6,492394
12/07/2016,301,301.5,294.5,296.45,359291
11/07/2016,287.5,302.4,287.5,300.5,475011
08/07/2016,292.9,300.55,284.6,289.6,1834786
07/07/2016,282,316.25,281,291.3,2279061
05/07/2016,288.05,288.05,277,279.45,70101
04/07/2016,281.05,297.4,279,288.65,320200
01/07/2016,272,284,271,280.4,351074
30/06/2016,272.25,274.8,270.7,271.3,379874
29/06/2016,268.6,277.5,268.6,270.1,186367
28/06/2016,271,274.8,266.15,267.55,231200
27/06/2016,270,276,268,269.9,41608
24/06/2016,270.05,275,261.25,269.8,92624
23/06/2016,277.5,283,276.15,279,24287
22/06/2016,280.1,284,276.1,279.15,56690
21/06/2016,280,283.9,275.1,282.35,95490
20/06/2016,289,289.65,278.35,279.75,112299
17/06/2016,277.7,297.7,274,289.55,506651
16/06/2016,280.1,281.7,272.3,273.2,71114
15/06/2016,283.4,283.5,276.5,279.6,30020
14/06/2016,286.5,287.95,278.6,279.3,301350
13/06/2016,288,289.9,281.35,283.9,40421
10/06/2016,288.05,299,283.6,291.9,183369
09/06/2016,287.5,296,280.75,293.85,320255
08/06/2016,276.2,290,276.2,286.5,154178
07/06/2016,273.6,281,273.6,279.2,63656
06/06/2016,274.8,275.9,271.25,274.3,32369
03/06/2016,272.6,276.95,272.6,274.95,42135
02/06/2016,268,277.8,267.1,272.9,525077
01/06/2016,271.9,275,268,268.8,27862
31/05/2016,268,274.95,266.7,271,173965
30/05/2016,268.3,305,261,265.6,108629
27/05/2016,275.4,278.4,265.2,266.5,88432
26/05/2016,277.1,279.6,271,273.6,125764
25/05/2016,269.5,278.75,267.55,276.95,83453
24/05/2016,267.5,270.75,264.5,268.4,24292
23/05/2016,268.8,275,264.2,266.9,64746
20/05/2016,277.65,278.6,264,267.05,180369
19/05/2016,280.6,284.5,275,277.05,136768
18/05/2016,280,281.5,275,280,74509
17/05/2016,281.4,282.4,276.2,278.1,47660
16/05/2016,276.65,281.9,271,277.7,446268
13/05/2016,277.7,281.75,274,275.4,100850
12/05/2016,281.9,286.5,276,277.8,152576
11/05/2016,270.9,278.5,265.8,276.9,89376
10/05/2016,271.8,277.5,268,272.15,570487
09/05/2016,268,273,267,271.5,43885
06/05/2016,269.1,271.5,263.95,265,132331
05/05/2016,273.7,282.5,266.1,268.95,123821
04/05/2016,276.9,279.95,270,273.6,72930
03/05/2016,276,281.45,272.5,274.1,181019
02/05/2016,269,284.05,261.2,273.45,346647
29/04/2016,282.25,287.65,277.5,279.8,190214
28/04/2016,291,295.6,275.2,282.25,1601068
27/04/2016,280,292.15,280,285.3,271364
26/04/2016,281.2,282.95,276.3,281.5,94450
25/04/2016,271.05,284.9,268,279.65,519051
22/04/2016,269.4,273,267.05,269.65,106637
21/04/2016,278.4,279.9,267.25,273.5,197356
20/04/2016,267.75,280.85,262.95,277.55,812596
18/04/2016,238.5,284.45,238.5,278.35,2079322
13/04/2016,236.5,239.9,235,237.05,271489
12/04/2016,234.2,236,231.1,231.8,81286
11/04/2016,232.05,236,232,232.75,46766
08/04/2016,235.05,237.5,230,230.75,133625
07/04/2016,238.15,240.5,235.3,236.6,513424
06/04/2016,238.75,241,237.9,239.15,50704
05/04/2016,242.05,242.05,232.6,235.25,96350
04/04/2016,244,244.45,239.3,240.9,39923
01/04/2016,243.65,244.35,239.1,241.05,265369
31/03/2016,235,244.8,235,241.5,339255
30/03/2016,233.95,237.5,232.55,234.85,140154
29/03/2016,233.85,233.85,229.6,230.15,71111
28/03/2016,236,239.85,230.15,232.15,102938
23/03/2016,236,240.5,235,236,478875
22/03/2016,241,241,236.05,238.05,83550
21/03/2016,240,241.85,237,240,184639
18/03/2016,238.15,245,235.25,239.85,75914
17/03/2016,249.7,249.7,240.1,241.05,38311
16/03/2016,248.75,249.9,240.1,241.1,42632
15/03/2016,249,252.95,243,244.8,61662
14/03/2016,249.8,251.8,244.7,248.8,51929
11/03/2016,249.45,255,244,246.25,68531
10/03/2016,245.05,253,243,247.95,122156
09/03/2016,243.5,249.75,243.5,246.6,103539
08/03/2016,248.95,249.65,240,241.95,42430
04/03/2016,249,250.35,243.9,249.2,61903
03/03/2016,239,249.7,239,244.55,76700
02/03/2016,233.8,241.9,233.8,239.15,69525
01/03/2016,232,249.95,218.8,230.45,150746
29/02/2016,225.1,232,222.9,230.35,37280
26/02/2016,218.3,226,217,225.25,72461
25/02/2016,221,224,212,216.8,21307
24/02/2016,225,225,220,221.6,46712
23/02/2016,226.1,226.95,221.5,222.15,14599
22/02/2016,228,231,222,224.8,13371
19/02/2016,225.6,231,224.3,225.85,19197
18/02/2016,226,234.4,225.5,226.95,20513
17/02/2016,231.2,231.2,216,222.4,85233
16/02/2016,239,240.05,231,232.5,20660
15/02/2016,224,240.3,224,234.75,58007
12/02/2016,224.5,224.5,215.75,221.5,709252
11/02/2016,237.95,238,217.1,223.45,71370
10/02/2016,236.9,238.35,232,233.6,30104
09/02/2016,235,238.75,235,236.35,23566
08/02/2016,240,245.3,235.1,238.15,44548
05/02/2016,236.75,239.7,235.5,237.35,23455
04/02/2016,232.25,239.95,232.25,236.4,31874
03/02/2016,236.05,239,230.25,234.55,430669
02/02/2016,244.75,246.25,237.1,238.55,30115
01/02/2016,244,247.3,238,244.75,56656
29/01/2016,240.4,245.7,236.75,243.25,187686
28/01/2016,235.05,241.7,228,237.75,154665
27/01/2016,235.95,239,235,236.8,87911
25/01/2016,228.2,237,226.1,233.95,456466
22/01/2016,236,238.5,225,225.8,1021410
21/01/2016,238.15,244.9,231.45,234.55,107235
20/01/2016,246,246,231.4,237.5,129904
19/01/2016,252,252,245.3,248.3,482711
18/01/2016,263,264.8,241,245.9,670833
15/01/2016,260.25,262.9,250,251.5,252653
14/01/2016,259.05,259.95,250,257.4,186299
13/01/2016,271.1,277.9,259,260.1,201232
12/01/2016,276.5,278.7,265.35,270.25,429719
11/01/2016,271.35,276.3,268,273.1,67649
08/01/2016,265.35,279.55,263.55,275.9,137506
07/01/2016,265.05,270.5,256,264.4,353290
06/01/2016,267.4,274,265.35,270.95,60704
05/01/2016,260,270.4,260,268.9,90098
04/01/2016,274.2,274.2,259,260,162137
01/01/2016,268.05,275,266.4,272.25,79492
31/12/2015,262.45,273.85,259.7,268.6,175442
30/12/2015,261.7,264,257.85,259.75,28615
29/12/2015,264.35,273,260.1,260.64,53662
28/12/2015,265,273.6,264.05,270.14,78093
24/12/2015,264.14,267.85,263.75,265.35,86112
23/12/2015,256.1,265.5,256.1,263.8,915829
22/12/2015,260,261.8,254.05,255.8,79467
21/12/2015,256,261.95,252,258,95307
18/12/2015,248.3,257.89,248.25,255.4,91955
17/12/2015,254.35,254.35,248,250.15,133063
16/12/2015,250.2,255.25,249.85,251.8,80833
15/12/2015,251.05,253.75,250,251.7,245520
14/12/2015,251.1,255.95,248.05,254.85,113060
11/12/2015,255.1,256.89,250.2,251.2,21855
10/12/2015,257.5,257.5,252,254.95,157978
09/12/2015,253.05,256.8,251.05,253.7,79475
08/12/2015,257.14,257.45,251.55,254.5,107674
07/12/2015,259.45,259.45,255.05,257.1,186528
04/12/2015,254.45,258.39,253,257.45,100915
03/12/2015,259.89,260.35,255.05,256.35,41332
02/12/2015,260,260.05,258.05,258.95,64499
01/12/2015,262.55,262.55,256.55,258.39,99303
30/11/2015,261.1,265.8,258.55,260.6,196940
27/11/2015,259.7,266.05,258.1,261.14,115960
26/11/2015,258,262,255.2,259.6,102214
24/11/2015,263.14,263.14,255.1,256.6,71168
23/11/2015,258,264,258,260.14,95448
20/11/2015,265.8,266.1,258.55,259.35,76094
19/11/2015,266.95,267,263.14,264.64,47614
18/11/2015,263.45,264.45,261,262.1,21484
17/11/2015,267.95,269.05,260.5,261.89,88752
16/11/2015,262,268.5,260.2,264.2,42432
13/11/2015,270,270.05,263.05,265.25,49360
11/11/2015,273,278,270.35,272.35,34587
10/11/2015,270.95,275.35,267.35,271.5,214522
09/11/2015,273.1,274.7,267.14,270.6,157928
06/11/2015,290,292.6,280.64,282,137092
05/11/2015,289.45,305.5,284,289.95,407811
04/11/2015,283.35,290.8,283.35,285.5,108865
03/11/2015,296.95,296.95,281.1,283.1,274475
02/11/2015,287.3,307,281.89,303.05,993559
30/10/2015,276.1,289,276.1,285.75,460323
29/10/2015,270,280.1,270,278.5,271595
28/10/2015,274.3,275,263.6,268.3,266354
27/10/2015,269,273.75,266,270.7,153707
26/10/2015,275,275,269,271.1,135384
23/10/2015,274,275.5,269.1,270.7,74098
21/10/2015,277.5,280,269,270.45,81731
20/10/2015,282,282.89,275.2,278.2,234501
19/10/2015,273.8,282,271.2,280.64,252883
16/10/2015,270.55,274.89,268.5,273.14,137811
15/10/2015,272.89,274.8,270.95,272.64,87244
14/10/2015,269,272,269,270.8,108271
13/10/2015,268.64,272,265.7,269.7,305503
12/10/2015,258,269.2,258,264.89,98283
09/10/2015,271,271,255.05,258,91769
08/10/2015,270,270,264,267.64,53099
07/10/2015,267.2,275.39,266,270.85,163456
06/10/2015,272.89,272.89,263.1,267.2,201450
05/10/2015,263.2,274.8,263.2,269.89,186095
01/10/2015,274.75,275.89,260.1,263.95,108306
30/09/2015,258.1,275.89,258.1,273.14,427110
29/09/2015,255.1,259.89,250.25,256.14,142647
28/09/2015,267,267,256.3,261.6,169397
24/09/2015,259.5,268.35,254.75,262.39,250373
23/09/2015,240,255.2,239.05,251.7,109900
22/09/2015,253.5,255.4,241.3,243.9,72213
21/09/2015,249.05,255,246.65,249.15,91414
18/09/2015,255,265,248.5,259.1,429395
16/09/2015,242.8,257.05,239.95,252.1,432667
15/09/2015,237,244,235.9,240.85,158937
14/09/2015,234.9,241,231,239.5,90203
11/09/2015,225.35,232,222.1,230.95,124768
10/09/2015,221,228.85,218.4,224.6,228716
09/09/2015,220,224.7,220,223,215581
08/09/2015,218.95,220.5,212,217.9,619595
07/09/2015,219.2,220,214.35,215.75,207216
04/09/2015,224,224.7,215.5,218.15,310100
03/09/2015,215,226.7,214.2,225.15,255152
02/09/2015,223.85,223.85,209.25,210.15,276177
01/09/2015,223.9,223.9,216.25,218.85,180036
31/08/2015,226.95,226.95,221.05,224.85,386856
28/08/2015,225.9,232.5,225,226.7,799178
27/08/2015,225.55,229.85,221.15,223.5,420863
26/08/2015,215.2,227.55,215.2,224.3,500100
25/08/2015,221.75,228,210.05,216.85,673402
24/08/2015,223.15,226.75,216.05,220,542712
21/08/2015,247,249,233.6,235.4,357199
20/08/2015,257.5,259.05,247.05,248.9,287623
19/08/2015,259.89,262,256.3,257.8,430787
18/08/2015,259,261,255.65,260.35,327895
17/08/2015,256.89,260.89,246,257.85,202783
14/08/2015,241,263.2,239.1,257.39,367236
13/08/2015,234,246.5,232.1,242.2,464825
12/08/2015,245.9,245.9,230.5,232.4,742152
11/08/2015,251.5,251.95,241.35,246,651609
10/08/2015,259.85,259.85,248.7,251.15,141067
07/08/2015,257.1,262.8,256.55,257.5,115825
06/08/2015,259.5,260.25,255.1,256.1,104887
05/08/2015,258.5,264,255.35,257.35,222180
04/08/2015,262.14,263.7,256.64,258,329040
03/08/2015,263.14,266.35,260,260.5,144790
31/07/2015,261.39,267,259.1,263.14,273181
30/07/2015,257.8,261.35,253.1,259.1,92592
29/07/2015,261,261.3,253.2,255.9,100359
28/07/2015,259,263.8,242.05,260.45,566842
27/07/2015,269.64,269.64,254.1,256.2,184476
24/07/2015,273.64,273.64,265.5,267.1,213384
23/07/2015,271.55,274.39,268.05,270.7,130622
22/07/2015,267.7,274.5,260,271.25,197402
21/07/2015,282.64,283.5,261,263.85,657424
20/07/2015,293.39,294,270.3,276.89,638243
17/07/2015,280,284,279.1,280.55,66530
16/07/2015,282.3,284.89,278,279.89,229019
15/07/2015,287,289.5,281.25,281.95,67208
14/07/2015,291,294.89,285.39,286.7,567491
13/07/2015,293.5,293.5,284.05,288.85,78231
10/07/2015,285,288.7,282.1,284.35,45040
09/07/2015,284,286,279.75,283.7,83082
08/07/2015,284,286.89,276.8,281.39,142891
07/07/2015,281,287,278.1,284.45,94349
06/07/2015,275.5,282.8,271.1,281.35,70796
03/07/2015,280.1,284.35,275.6,276.85,64031
02/07/2015,283.5,286,279.1,280.95,129324
01/07/2015,277.45,281,273.3,279.05,231124
30/06/2015,275.05,282.3,269.25,272.1,245091
29/06/2015,278,279.89,270.2,277.55,124276
26/06/2015,282,285.95,278.05,278.7,101522
25/06/2015,283,287.95,261,283.5,108473
24/06/2015,290,291.39,284,284.5,108196
23/06/2015,298,298,290.05,291,94424
22/06/2015,302.89,307.89,293,294.85,851493
19/06/2015,302,304,294,298.55,36952
18/06/2015,302.95,303,296.64,301,51910
17/06/2015,302.45,305.45,300.1,301.95,675409
16/06/2015,287.95,302,282.8,299.35,289701
15/06/2015,286,288.95,280.1,283.89,87546
12/06/2015,289,289.45,277.35,285.8,42216
11/06/2015,293.85,294.6,275.6,281.35,122945
10/06/2015,284,293.3,278.05,285.1,143915
09/06/2015,297.95,297.95,281.1,283,37999
08/06/2015,290.1,297,289.05,294.05,29435
05/06/2015,299.45,302.95,289.05,291.2,62204
04/06/2015,294.6,304,282.75,299.45,149574
03/06/2015,313.1,313.1,285.55,295.55,241113
02/06/2015,309.95,321,308.1,310.45,337901
01/06/2015,308.8,313.85,304,309.35,443204
29/05/2015,306,311,303.6,306.64,211885
28/05/2015,307.39,312.85,306.14,307.8,263602
27/05/2015,308.85,319,303.3,306.45,125939
26/05/2015,305,316.95,302.25,306.85,414093
25/05/2015,307.7,307.7,302,303.95,39911
22/05/2015,306.35,306.35,302.39,304.2,123178
21/05/2015,304,306.2,300.1,303.39,537392
20/05/2015,308.7,308.7,301.25,302.45,77907
19/05/2015,305,306.75,303.05,304.5,452994
18/05/2015,306.95,307,303.75,304.95,283262
15/05/2015,305,309,301.05,304.8,66347
14/05/2015,305,312,304.3,305.05,870186
13/05/2015,311,315.6,304.6,305.35,1350354
12/05/2015,318.89,324,310.05,311.75,382520
11/05/2015,307.39,328,307.39,317.05,730626
08/05/2015,296.25,313,296.25,305.75,258052
07/05/2015,305,308.39,293.35,295.7,207977
06/05/2015,304,315.7,299,305.3,1261662
05/05/2015,290,308,286.25,305.6,385582
04/05/2015,282,322,282,289.7,716384
30/04/2015,273.8,278,267.05,269,97487
29/04/2015,273.1,277,270.45,272.14,84857
28/04/2015,275,281.5,270.2,271.85,98065
27/04/2015,280.3,281.45,272.6,275.45,46268
24/04/2015,294.25,294.35,278.05,281.6,176059
23/04/2015,294.95,302.95,291,293.5,176904
22/04/2015,296,299,290.6,292.89,45338
21/04/2015,285,302,280.39,294.25,174018
20/04/2015,298,298.7,278.05,283.6,226201
17/04/2015,301,301.35,293.95,298.14,120418
16/04/2015,299.1,303.45,298.1,299.45,287843
15/04/2015,302.95,308,298.2,300.6,113713
13/04/2015,304.8,306.95,297.2,301.89,180145
10/04/2015,292.05,306.89,292.05,302.85,441117
09/04/2015,306,307,295.2,296.95,62462
08/04/2015,301,309.35,300.95,304.5,454493
07/04/2015,297,301.95,287.1,298.75,356446
06/04/2015,285,299.89,279.14,294.55,541221
01/04/2015,283,285.95,280,283.89,167559
31/03/2015,282,286,280.1,284.35,171215
30/03/2015,276.95,285.89,272.64,282.85,250222
27/03/2015,275.1,288.55,268,270.64,229359
26/03/2015,286.2,294.95,273,278.05,137753
25/03/2015,277.89,289.5,275.55,286.2,185308
24/03/2015,277.7,279.7,273.89,276.25,100981
23/03/2015,270,278.8,267.7,275.14,347778
20/03/2015,277.25,282.14,264,269,209686
19/03/2015,287,291.75,276,277.55,1814446
18/03/2015,289.2,289.89,281.7,285.1,80717
17/03/2015,289.5,292.39,286.14,289.2,1067332
16/03/2015,285,289.3,275,286.14,299523
13/03/2015,295,298,279.5,282.64,1599680
12/03/2015,296.8,299.89,291.2,294.25,116135
11/03/2015,303,306,287.95,293.95,178889
10/03/2015,304,313.39,301.25,301.8,106039
09/03/2015,309,313.75,303.6,305.55,110403
05/03/2015,312.05,316.39,307,310.1,133201
04/03/2015,324.7,327.5,307,313.35,234296
03/03/2015,326,328.5,312.25,317.14,374586
02/03/2015,323,333.4,309.2,326.95,373081
27/02/2015,311,330.5,311,321.89,824195
26/02/2015,315.89,317.1,308.39,311,345561
25/02/2015,302.89,315.7,299.6,314.14,989958
24/02/2015,311.64,334,294.25,298.1,1567036
23/02/2015,283.95,314.39,283.95,308.64,1233332
20/02/2015,275.39,292,273.05,283.95,1241176
19/02/2015,271.7,276.95,267,270.85,1631415
18/02/2015,272.3,274.2,267.89,270.14,1310388
16/02/2015,274,279.8,266.25,267.14,1503053
13/02/2015,280,283,271.8,273.14,2094336
12/02/2015,274,281.1,274,278.39,723918
11/02/2015,276,279.45,273.25,275.7,64018
10/02/2015,269,279.6,268,274.6,151078
09/02/2015,274.25,277.7,268.3,270.6,66772
06/02/2015,278.5,281.95,272.1,274.25,1162373
05/02/2015,280.5,284,276.35,278.5,162440
04/02/2015,280.1,283.25,276,279.95,978809
03/02/2015,284.35,284.35,276.6,278.45,114717
02/02/2015,284.8,285.75,278.2,279.05,87633
30/01/2015,281.95,291.89,279,283.25,716393
29/01/2015,283,285.7,279.55,281.55,104681
28/01/2015,288.85,288.85,272.2,283.95,427406
27/01/2015,286.35,289,281.2,285,598427
23/01/2015,288.7,291.85,277.45,286,339812
22/01/2015,292,294.5,280.3,283.6,231703
21/01/2015,280,292.8,277.39,289.89,1109980
20/01/2015,282,284.64,278,280.35,1277904
19/01/2015,277.89,281.14,272.5,277,580642
16/01/2015,270,277.05,267,268.1,279435
15/01/2015,274,283.39,267.3,270.05,1182482
14/01/2015,266.2,275.1,263.2,266.45,140135
13/01/2015,271.39,278.3,265.25,267.35,130680
12/01/2015,270.14,273.85,265.85,270.64,137086
09/01/2015,272.55,275.05,261.64,269.2,353732
08/01/2015,274.95,275.75,269,271.5,271966
07/01/2015,281.3,281.3,265.3,268.45,84567
06/01/2015,284,284,276.55,278.05,100455
05/01/2015,289.45,289.5,284.35,286.2,94331
02/01/2015,280.5,292.89,280.5,288.5,205106
01/01/2015,282,284.6,278.05,280.1,21580
31/12/2014,280,284.95,278.3,280.2,117383
30/12/2014,275.1,283.05,273.3,280.15,176472
29/12/2014,282,285.85,270,274.55,61673
26/12/2014,290.85,293.7,278.5,279.75,93613
24/12/2014,277.8,298,275.2,290.85,562653
23/12/2014,281.5,288.05,276.95,280.45,214241
22/12/2014,269.35,283.4,263.2,279.4,253593
19/12/2014,253.55,267,253.55,264.65,181778
18/12/2014,247.95,259.7,241.1,253.55,271246
17/12/2014,244,249.65,233.75,246.25,92395
16/12/2014,253.9,254,238,242.45,49662
15/12/2014,253.8,255.65,250,254.75,65782
12/12/2014,263.65,265.85,255.15,257,42741
11/12/2014,266.1,270,261.1,263.45,32940
10/12/2014,269.55,272.9,265.55,268.3,32239
09/12/2014,274.6,279.9,258.95,267.55,372238
08/12/2014,273.25,284.9,270,272.55,381954
05/12/2014,275.95,279.55,270.5,273.25,194776
04/12/2014,269.2,279.3,268.25,274.1,432016
03/12/2014,259,272.2,258.2,268.05,221593
02/12/2014,261.9,264.4,255.7,257.7,56426
01/12/2014,265.9,266.25,256,262.75,261648
28/11/2014,260.3,274.9,259.05,264,2007863
27/11/2014,257.75,267,252.5,261.7,196369
26/11/2014,239.3,264.95,238.25,255.55,1006821
25/11/2014,248,249.95,235.1,238.8,114991
24/11/2014,246,253,246,249.35,113084
21/11/2014,248.05,249.9,243.95,246.1,91955
20/11/2014,251,254,248,249.25,77433
19/11/2014,254,260.8,251,253.2,59263
18/11/2014,258,261.9,252.6,255.85,83731
17/11/2014,256.25,260,248.25,257.7,291296
14/11/2014,249.4,258.35,248.1,254.95,420639
13/11/2014,245.55,249.9,240.8,247.2,220053
12/11/2014,246.9,247.05,238.25,240.25,153925
11/11/2014,238.95,247.6,236.2,245.35,170150
10/11/2014,242,242.05,236.5,237.85,166502
07/11/2014,241.05,244.95,240.1,241.2,69731
05/11/2014,249,249,222.1,242.3,241454
03/11/2014,249.95,249.95,244.05,248.7,155927
31/10/2014,243,251.9,243,245.3,237025
30/10/2014,247.5,248.95,240.95,242.15,316646
29/10/2014,241,246,240.1,242.8,161574
28/10/2014,238,242.85,237.1,239.9,474572
27/10/2014,240,240.9,233.15,239.5,68095
23/10/2014,242.7,244.8,235.4,238.8,40738
22/10/2014,232.25,241,230.5,239.55,299981
21/10/2014,219.05,231.4,219.05,229.8,316463
20/10/2014,215.4,221,214.6,218.8,344969
17/10/2014,208,214.4,207.5,212.15,155346
16/10/2014,211,213.4,203,206.9,110013
14/10/2014,216.5,219.9,208.3,211.2,280445
13/10/2014,213,215.4,210.25,213.85,89745
10/10/2014,218.7,218.7,212.55,214.15,272735
09/10/2014,219,222.9,217.1,218.5,412744
08/10/2014,220.55,221.05,218.3,220.15,138625
07/10/2014,219.95,220.85,217,219.9,343691
01/10/2014,219,222.05,218.2,218.65,271959
30/09/2014,217.8,222.45,216.5,218,401076
29/09/2014,224,224,217.05,217.8,238166
26/09/2014,227,229.05,215.55,219.85,324129
25/09/2014,234,235.35,224.05,226.15,193938
24/09/2014,232,237.65,231.25,232.9,192230
23/09/2014,243.35,244.35,234,235.55,223736
22/09/2014,244.55,250,242,244.6,92554
19/09/2014,248.1,251.5,243.6,248.4,172284
18/09/2014,240,252.5,238.5,247.2,213485
17/09/2014,242.05,244.05,236.55,241.05,78849
16/09/2014,250.95,254.35,238.55,240.55,1618637
15/09/2014,249.45,250.9,247.35,249.65,193966
12/09/2014,249.9,258.05,245.3,248.9,602426
11/09/2014,250.1,253.15,246.25,247.3,117492
10/09/2014,249,253.15,246.6,247.85,80645
09/09/2014,254,254.65,247.65,250.05,84794
08/09/2014,255,260,252.05,253.45,108819
05/09/2014,259.4,262,251.3,253.1,112870
04/09/2014,264.7,264.7,248.05,258.7,474280
03/09/2014,238,283.6,236,270.3,1751369
02/09/2014,239.75,239.75,235.55,236.35,221671
01/09/2014,239,239,235.1,236.9,57856
28/08/2014,238,241,235.5,236.8,29589
27/08/2014,241.4,242.4,237.55,240,135173
26/08/2014,238.75,241.3,234,238.8,211891
25/08/2014,240.9,242,234.05,236.05,80326
22/08/2014,239.1,244.1,237,238.65,118654
21/08/2014,243.25,243.9,237.7,239.1,153096
20/08/2014,245.75,246.2,241.25,242.25,346980
19/08/2014,244.25,247.5,241.35,242.5,142437
18/08/2014,246,247.8,242,243.4,106241
14/08/2014,239,248.25,239,247.35,94548
13/08/2014,242.2,246,238,241.3,67937
12/08/2014,243.2,248.25,243.2,245.45,148663
11/08/2014,246.25,254.8,242.15,243.35,110919
08/08/2014,249,249.95,238.6,240.5,59558
07/08/2014,248.5,254.8,248.25,251.25,185483
06/08/2014,258,258,249,250.65,99118
05/08/2014,251.15,259.55,251.15,256.2,201426
04/08/2014,252.3,256.7,250.05,253.2,62950
01/08/2014,255.3,259,248.5,253.85,111197
31/07/2014,259,260.85,256.55,260,33359
30/07/2014,257,263.85,255.9,261.25,137062
28/07/2014,265,266,254,260.5,277701
25/07/2014,266,268.9,258.1,264.05,178095
24/07/2014,259.95,271.8,255.1,266.5,426439
23/07/2014,261.9,264,258,259.65,593468
22/07/2014,247,259.95,247,258.75,414466
21/07/2014,232.5,248.9,230.55,245.45,493636
18/07/2014,245,245.8,238,239.4,114789
17/07/2014,251.35,253.95,242.5,245.15,141512
16/07/2014,241,252,241,250.4,321429
15/07/2014,242.65,244.45,233.15,237.3,239019
14/07/2014,250,251.95,236.55,238.5,215020
11/07/2014,249.85,260,243.6,248.2,339746
10/07/2014,237.5,262.6,235,247.5,392588
09/07/2014,238.05,249.8,237.6,239.3,392495
08/07/2014,253.9,256.75,238.2,246.45,277521
07/07/2014,260,263,253,254.25,129231
04/07/2014,262,267.4,258.7,259.4,122640
03/07/2014,272.2,272.2,262,265.3,78040
02/07/2014,265,271.95,265,270.05,430660
01/07/2014,260.05,267,260.05,262.85,136680
30/06/2014,261.8,265,258,259.4,144905
27/06/2014,264.8,264.8,255.15,259.1,146009
26/06/2014,269.95,272,258.1,259.7,172511
25/06/2014,265.6,269.35,261.05,267,263878
24/06/2014,257.3,270,257.3,265,268686
23/06/2014,256.9,269.75,252.5,259.85,325150
20/06/2014,258.1,265,252,254.9,87362
19/06/2014,254.2,260.05,254.2,256.25,332205
18/06/2014,257,261,249,256.75,225905
17/06/2014,247.5,257.7,244.3,255.95,200382
16/06/2014,249.7,251,241.3,246.4,164635
13/06/2014,264,265.95,245.5,248.45,361652
12/06/2014,258.45,265.4,255.5,263.25,191806
11/06/2014,263,266.5,252.5,258.45,408210
10/06/2014,273,273.25,259.95,263.15,300739
09/06/2014,262.65,276.4,262.05,274.3,1012024
06/06/2014,255.9,263,253.5,259.9,1000252
05/06/2014,250.1,257,248,253.95,760043
04/06/2014,249,253,245.4,247.95,467277
03/06/2014,245.1,247.95,239,245.6,285164
02/06/2014,240.45,247.8,238.6,246.25,452932
30/05/2014,234.8,243.8,231.05,239.8,543121
29/05/2014,232.6,235.2,230.1,231.3,268359
28/05/2014,232,236.5,229.1,232.55,255508
27/05/2014,236.7,237,224.1,231.65,260450
26/05/2014,248.5,256.25,225.05,233.2,906040
23/05/2014,248.3,252,241.2,247.25,1032494
22/05/2014,247.65,248.5,230,245.35,10972878
21/05/2014,252,260,244,246,591856
20/05/2014,228,262.2,228,243.75,720695
19/05/2014,227.25,230,222.2,224.2,811893
16/05/2014,226,230.5,220,225.3,1208095
15/05/2014,218.75,225.9,218.75,221.3,244846
14/05/2014,210,216.5,210,213.7,985889
13/05/2014,206.7,215.9,205.5,209.6,488389
12/05/2014,204.1,210,199.85,202.95,615362
09/05/2014,200,208.35,198.5,206.85,116470
08/05/2014,203.5,203.5,197.55,199.75,178668
07/05/2014,201.2,205,198.05,200.65,317796
06/05/2014,203.8,207,202,203.05,46310
05/05/2014,207,207.05,204.1,204.95,33446
02/05/2014,214.35,214.35,206.55,208.05,30087
30/04/2014,220.5,220.5,205.5,206.6,45526
29/04/2014,221.95,221.95,213.15,214.35,27618
28/04/2014,222.95,222.95,215.05,216.6,17668
25/04/2014,221,221.9,215.5,217,113373
23/04/2014,224,226.5,220.7,223.4,55388
22/04/2014,226.95,229.8,221.5,224.1,245771
21/04/2014,222.9,225.5,221,223.75,41571
17/04/2014,220.05,225.25,217.1,219.95,121285
16/04/2014,222,225.1,218.1,220.05,94210
15/04/2014,227.75,227.75,218.65,220.55,54400
11/04/2014,222.65,228,222.55,225.45,408422
10/04/2014,221.5,226,219.55,221.4,158222
09/04/2014,219.45,220.95,215.1,219.1,344028
07/04/2014,221.65,223.65,217.1,217.75,376093
04/04/2014,217.55,227.5,211.5,221.65,392102
03/04/2014,219,220,215.4,218.4,106408
02/04/2014,219.9,220.95,216.1,218.15,97712
01/04/2014,215.85,221.45,215,216.65,92223
31/03/2014,222.75,222.75,214,215.85,141376
28/03/2014,226.1,227.85,218,219.3,152664
27/03/2014,223,225,214.05,222.95,342987
26/03/2014,204.2,234.4,204.2,216.65,1368594
25/03/2014,206.8,206.8,197.65,199.25,103712
24/03/2014,206.05,207.9,202.75,203.7,68098
21/03/2014,205,214,201.6,209.9,799298
20/03/2014,205,205,199,200.35,29405
19/03/2014,202.2,205.8,202,203,50473
18/03/2014,205.45,209,202,203,81100
14/03/2014,208,208,200.25,203.25,160908
13/03/2014,210.05,213,208,209.55,139992
12/03/2014,210,213,207.55,210.15,89455
11/03/2014,211.55,215.8,207,211.1,227784
10/03/2014,190.85,218.5,190.05,211.55,588656
07/03/2014,192.95,194.9,188.15,191.05,456693
06/03/2014,192,192.85,189.05,190.5,116221
05/03/2014,199.75,199.75,188.6,189.9,48282
04/03/2014,191.85,199,190,195.55,62832
03/03/2014,191.8,197,188.1,192.2,21973
28/02/2014,194.95,194.95,188.05,189.6,11261
26/02/2014,189.1,194,189.1,192.25,13345
25/02/2014,192.1,193.6,190.65,191.7,9763
24/02/2014,194.2,194.8,191.5,193.4,3755
21/02/2014,190.3,195.45,190.3,194.3,15453
20/02/2014,189,196.5,187,191.8,51751
19/02/2014,183.5,192,183.5,190.2,17945
18/02/2014,183.4,187.8,183.4,185.05,67606
17/02/2014,183.15,219.45,183.15,184.95,14165
14/02/2014,180.5,186.35,180.5,185.8,21600
13/02/2014,183.25,187.8,183.25,185.15,36687
12/02/2014,187.85,187.85,183.65,184.95,23003
11/02/2014,185.2,187.8,184.1,185.7,19334
10/02/2014,188,189.9,185.5,186.9,54115
07/02/2014,188.6,188.6,183.9,185,137675
06/02/2014,192.3,192.3,183.1,184.9,110989
05/02/2014,187,195,187,189.25,56206
04/02/2014,187.8,188,184,187,91402
03/02/2014,202,202,190,191.65,168151
31/01/2014,212.5,239,200,203.8,1017447
30/01/2014,185.25,208,185.25,199.2,930674
29/01/2014,190,195.95,188,189.9,14505
28/01/2014,186.65,195,186.65,190.2,23287
27/01/2014,196,196,186.35,188.9,12727
24/01/2014,208.8,208.8,194.1,196.7,21723
23/01/2014,207.4,207.85,205.1,206.1,12676
22/01/2014,207.1,209.95,205.05,207.05,11824
21/01/2014,206.15,211.6,206.15,207.55,1618816
20/01/2014,208.1,211.45,206.95,207.25,47022
17/01/2014,212.75,212.8,209.05,210,14699
16/01/2014,213,213.95,209,210.65,164373
15/01/2014,213,213,208,208.25,13892
14/01/2014,209.05,212,208,210.45,11951
13/01/2014,209,214.75,205.2,210,34479
10/01/2014,214,215.75,205,207.5,1501025
09/01/2014,224.75,224.75,214.25,215.75,110287
08/01/2014,230.05,232,221.45,224,148305
07/01/2014,239.3,239.6,229,231.75,595514
06/01/2014,233.5,244.7,233.5,236.8,472338
03/01/2014,238.6,238.6,233.9,235.4,163853
02/01/2014,238.05,241,235.65,236.25,232716
01/01/2014,232.85,242.8,232.5,237.7,36963
31/12/2013,233,235.45,229.2,234.1,96105
30/12/2013,233.6,233.75,225,230.2,59584
27/12/2013,232.05,237,227.65,231.3,21608
26/12/2013,228.65,232,225.2,229.95,23708
24/12/2013,234.5,236,226.1,229.8,49760
23/12/2013,224,237,224,234,644314
20/12/2013,223.4,224.4,222,223.9,278395
19/12/2013,222.5,223.7,220.7,221.45,481516
18/12/2013,215.05,220.6,215.05,220.05,487608
17/12/2013,216.1,218.2,215.05,217.15,75760
16/12/2013,213.95,217,212.6,215.9,551242
13/12/2013,206.05,214.7,206.05,211.05,327173
12/12/2013,206.5,211.95,206,208.8,316720
11/12/2013,201.95,209,201.15,205.95,306300
10/12/2013,191.6,204.5,191.6,201.35,659205
09/12/2013,191.95,193.6,188.9,191.45,64187
06/12/2013,185,187.85,185,186.45,161811
05/12/2013,187.85,189.7,183.55,184.5,336671
04/12/2013,193.35,193.35,184,185.05,71492
03/12/2013,196,196,190.2,190.6,67983
02/12/2013,192.1,196,192.1,193.05,327441
29/11/2013,190.4,194.85,190.05,192.95,25951
28/11/2013,189,194.7,187,191.1,28030
27/11/2013,188.5,192,186.5,188,81560
26/11/2013,190.15,192.6,188.5,189.95,116163
25/11/2013,191.95,194.95,187.95,191.7,36838
22/11/2013,190.2,195.65,186.25,188.2,49163
21/11/2013,201.4,201.4,188.05,191.55,158968
20/11/2013,197.95,204,197.95,199,155426
19/11/2013,195,199.45,193.1,197.25,194905
18/11/2013,188,210.75,188,197.5,175693
14/11/2013,185.85,190,184.05,189.2,172196
13/11/2013,183.25,188.3,183.25,186,95624
12/11/2013,185.2,187.9,185.2,187,78678
11/11/2013,183.2,187.85,183.05,186.6,165584
08/11/2013,187.8,190.5,185.5,186.45,83824
07/11/2013,192.9,192.9,188.1,189.6,237428
06/11/2013,187.35,191.7,186.55,188.25,145345
05/11/2013,187.3,190.45,184.1,188.85,30132
01/11/2013,185.05,191.6,185.05,189.9,118965
31/10/2013,181,190,177.95,188.1,291244
30/10/2013,184.65,187.5,182.9,185.55,65185
29/10/2013,182.6,185.8,175.25,183.65,90552
28/10/2013,175.65,185.35,175.65,180.7,65404
25/10/2013,183.3,183.7,175,176.85,125679
24/10/2013,181.6,190.15,179.3,184.05,293313
23/10/2013,176.8,187.4,171.25,184,580045
22/10/2013,174.95,177.7,173,175,676515
21/10/2013,177.95,177.95,170.1,173.6,529158
18/10/2013,171.5,177.95,170.7,174.7,53815
17/10/2013,168.5,172.45,168.5,171.2,34797
15/10/2013,177.95,177.95,169,170.3,69765
14/10/2013,178.95,178.95,172,173.1,186569
11/10/2013,173.5,177.9,173.5,176.05,60104
10/10/2013,172.2,175.95,172.2,174.7,53677
09/10/2013,173,175.95,169.15,173.65,116324
08/10/2013,168.5,173.3,168.5,172.4,84318
07/10/2013,171.55,173.35,165.05,167.25,58612
04/10/2013,169.7,174.3,169.1,171.05,936494
03/10/2013,171.7,172,168.05,171.1,54054
01/10/2013,165.75,170.9,164.25,169.45,191347
30/09/2013,164,170.8,164,169.1,189755
27/09/2013,173.05,173.05,165.1,166.15,306332
26/09/2013,163.95,178.1,163,174,470037
25/09/2013,170.65,172.5,163.6,168.15,48755
24/09/2013,167.2,170.9,167.2,168.75,25349
23/09/2013,171.1,173.9,167.15,168.05,18382
20/09/2013,177.55,183.8,167.25,171.1,1191848
19/09/2013,178,179.95,175.2,178.1,59957
18/09/2013,171.2,177.25,171.2,175.1,48153
17/09/2013,165.25,178,165.25,172.3,80009
16/09/2013,173,176.8,165.2,167.5,56834
13/09/2013,171,177,169.2,172.65,82139
12/09/2013,166,177.7,166,171.75,211021
11/09/2013,163.9,167,160.8,164.85,37749
10/09/2013,175,175,160,162.4,73068
06/09/2013,158,159.75,155.1,156.45,119905
05/09/2013,164.95,164.95,155,158.7,104902
04/09/2013,164.9,164.9,153.15,159.9,46762
03/09/2013,166.15,166.5,162,162.6,18680
02/09/2013,165.1,170.5,165.1,165.9,35889
30/08/2013,168,171.5,165,166.5,29739
29/08/2013,166.5,170,163.95,168.95,675775
28/08/2013,162.8,169.5,160.5,168.15,219257
27/08/2013,169,171.9,160.85,163.6,109077
26/08/2013,170,173.5,168.05,169.3,28778
23/08/2013,168.35,174.35,164,168.7,79267
22/08/2013,169.85,169.85,161.4,167,31069
21/08/2013,174,182.75,161.05,163.95,80513
20/08/2013,172.95,173.5,164.2,172.05,62767
19/08/2013,180.05,191.95,166.2,176.2,163590
16/08/2013,188.05,192.9,180,184.35,37366
14/08/2013,193.35,197.9,185.1,188.05,62633
13/08/2013,176,210.45,175.55,191.65,415789
12/08/2013,172.6,178.95,172.05,175.4,17818
08/08/2013,165.05,174.25,162,170.1,80544
07/08/2013,166,169.4,160.5,162.65,111064
06/08/2013,173.5,173.9,162.6,170.45,68097
05/08/2013,190.3,190.3,155.7,175.8,286416
02/08/2013,196.15,202,187.9,190.35,175912
01/08/2013,204,204,197,198.1,168243
31/07/2013,204.95,204.95,197,199.3,181232
30/07/2013,203.4,209.9,199.5,200.1,84037
29/07/2013,195.35,208.9,195.35,201,54703
26/07/2013,199,203,197,199.75,30595
25/07/2013,196,199.85,194,196.65,20652
24/07/2013,193.5,196,191,194.45,63162
23/07/2013,196,196,192.1,193.9,127846
22/07/2013,193.05,197.8,191,191.5,59502
19/07/2013,199,199.4,193.05,194.15,76877
18/07/2013,199.8,200,194.4,197,64709
17/07/2013,200.2,207.9,193.05,194.75,120560
16/07/2013,213.9,213.9,200.2,201.6,77343
15/07/2013,211.7,219.85,211.7,215.7,68186
12/07/2013,209.1,215,209.1,211.7,46194
11/07/2013,213,216.4,209.55,210.7,81401
10/07/2013,209,213.4,207.2,208.85,60215
09/07/2013,206.05,211.95,205.1,207.4,46746
08/07/2013,210.15,214.95,204.55,205.5,36098
05/07/2013,217,219.5,209.85,213.7,80021
04/07/2013,218,218,205.3,208.75,55263
03/07/2013,208,208.9,203.6,206.4,24953
02/07/2013,219,223.95,206.1,209,114304
01/07/2013,197,217.9,196.85,216.2,153036
28/06/2013,196,200,195,197.85,91927
27/06/2013,193.05,199,191,191.65,109379
26/06/2013,193,197.75,191,192,71054
25/06/2013,200,200,192.2,193,732977
24/06/2013,201,201,196.25,197.15,18253
21/06/2013,201.1,209,198.05,199.7,75199
20/06/2013,208,208.9,197.4,201.95,298357
19/06/2013,210,211,207,210.4,215813
18/06/2013,212,216.5,209.15,211.95,235830
17/06/2013,218.7,218.7,209,212.2,190477
14/06/2013,209.95,216,209,214.65,702193
13/06/2013,196,208,194,205.05,512816
12/06/2013,224,224,196.65,198.4,107077
11/06/2013,210.05,212,201.2,202.1,69867
10/06/2013,222,222,210,212.3,36234
07/06/2013,224.9,224.9,217.55,218.05,141634
06/06/2013,224,224.65,219.4,221,80787
05/06/2013,226.55,229.8,223.3,224.3,36173
04/06/2013,232.3,233,226.15,226.65,46361
03/06/2013,234.9,236.6,226.6,229.3,41568
31/05/2013,235.05,241,230,233.6,362164
30/05/2013,250,250,234.05,236.1,213593
29/05/2013,248.15,251.9,238.1,241.3,77029
28/05/2013,251.5,258.5,246.35,248.15,115699
27/05/2013,248.4,255,240.5,248.55,109564
24/05/2013,244.5,244.5,235,240.2,58066
23/05/2013,247,247,236.4,238.6,45578
22/05/2013,258.85,258.85,246.35,248,36177
21/05/2013,258,264,251.15,254.4,37558
20/05/2013,250.8,284.4,250,258.5,368215
17/05/2013,252.4,252.4,247.5,250.75,94745
16/05/2013,237.55,250.05,235,247.75,344798
15/05/2013,233.8,239.4,233.65,237.75,21905
14/05/2013,234,241.5,231.65,234.1,118241
13/05/2013,241.15,248,235,236.7,79409
10/05/2013,233,239.3,231,234.55,40444
09/05/2013,236.8,237.7,232.3,233.2,25881
08/05/2013,236,239.75,236,237,23518
07/05/2013,236.05,240,234.1,236.85,43200
06/05/2013,244.95,245,238.4,239.05,21698
03/05/2013,245.95,245.95,241.4,242.15,17667
02/05/2013,246.55,249.95,244,245.65,39349
30/04/2013,251,252.95,242,243.9,32560
29/04/2013,255,255,248.6,249.5,19135
26/04/2013,259.9,260,252.1,252.7,23047
25/04/2013,263,263,254.15,257.3,19875
23/04/2013,259,264,255.6,256.95,23433
22/04/2013,257,266.75,255.25,260.4,377719
18/04/2013,259.7,263,257,259.4,11666
17/04/2013,251.15,259,250,257.25,135471
16/04/2013,246,249.2,241.15,247.2,31031
15/04/2013,244.8,246,240,243.55,63927
12/04/2013,241.05,246.95,236.35,240,20019
11/04/2013,250,253.95,225.2,240.5,194894
10/04/2013,252,256,245.1,249.3,12655
09/04/2013,253,258.05,250.6,251.75,6511
08/04/2013,253,257.5,252,255.55,4116
05/04/2013,255,263,250.1,252.15,15608
04/04/2013,252.05,253.75,249.95,250.85,8863
03/04/2013,256,263.7,254,255.15,24349
02/04/2013,255.5,265.2,252.1,258.4,30943
01/04/2013,260,261.4,255,258,20481
28/03/2013,260,262,245.5,257.65,49676
26/03/2013,261.9,261.9,244.25,249.75,42108
25/03/2013,269.95,270,255.5,258.9,87863
22/03/2013,269,269,261.55,263.5,3833
21/03/2013,274.8,277.7,264,268.45,63744
20/03/2013,273.45,284.75,270.6,273,76174
19/03/2013,284.85,284.85,271.15,273.45,14370
18/03/2013,288.95,288.95,278.05,278.6,16636
15/03/2013,289.85,289.9,280.55,285.65,6935
14/03/2013,286.55,289.95,285.3,287.2,91319
13/03/2013,280.75,291,280.75,289.05,52726
12/03/2013,281.5,288.8,281.5,285.85,49992
11/03/2013,281.9,287.9,278.55,279.3,28319
08/03/2013,276.95,290.75,276.95,280.25,37891
07/03/2013,277,285,275.95,279.55,35118
06/03/2013,269.95,291,269.95,284.4,137747
05/03/2013,262.85,270,261.65,268.1,11510
04/03/2013,276,278.05,253.95,260.4,68680
01/03/2013,265.6,281,265.6,267,16298
28/02/2013,283,289.5,273,275.6,57729
27/02/2013,280.1,287.35,273.05,283.35,24796
26/02/2013,278.2,286.35,275,282.6,62832
25/02/2013,289.25,290.65,274.9,278.2,19241
22/02/2013,280.1,287.85,280.1,284.5,28221
21/02/2013,289.95,291.9,281.1,283,94589
20/02/2013,294.05,298,288,290.4,21804
19/02/2013,291,297.95,291,292.95,84467
18/02/2013,288.5,292.75,284,291.2,6340
15/02/2013,295.45,295.45,279.25,289.9,94361
14/02/2013,290.2,293.8,288.05,291.15,27737
13/02/2013,286.95,292.9,286.95,291.85,20140
12/02/2013,286,289.75,281.25,286.15,43067
11/02/2013,272.4,288,272.4,282.6,179457
08/02/2013,283.7,284.95,270,273.65,149494
07/02/2013,282.5,285.95,280.6,283.65,28854
06/02/2013,285.65,287.8,281.1,283.05,67372
05/02/2013,290.05,290.05,279.8,284.35,45889
04/02/2013,289,295.9,287.15,292.6,24656
01/02/2013,293,295,286.2,290.6,28130
31/01/2013,290,293.5,287.05,291.25,37245
30/01/2013,297.4,299.05,286.7,290.6,20922
29/01/2013,301,305,292.55,294.9,37209
28/01/2013,305,307.5,298.2,298.9,19030
25/01/2013,295,305,295,304,30304
24/01/2013,303,308.3,295,297.3,44564
23/01/2013,311.45,318,301.6,304.4,105451
22/01/2013,305.75,313,303.6,311.45,102136
21/01/2013,322.3,328,300.25,303.6,231140
18/01/2013,312.85,319.8,307.5,316.65,203420
17/01/2013,306.8,315,296.4,310.8,383939
16/01/2013,290.7,307.8,290,304.8,539838
15/01/2013,281,291.4,280.1,290.15,115458
14/01/2013,273.6,283.5,268.1,281.9,137561
11/01/2013,287.3,288,267,270.9,198597
10/01/2013,290.4,291.65,282.65,283.65,51129
09/01/2013,296.65,296.95,288,288.8,44765
08/01/2013,300,300,292,293.75,27657
07/01/2013,300.05,305,296.6,298.35,81315
04/01/2013,296.75,308,296.35,299.95,171034
03/01/2013,299.9,305,296.1,298.7,41069
02/01/2013,306,308.75,296.4,298.2,97329
01/01/2013,293,305.2,291,303.4,83811
31/12/2012,291.5,294.5,285.75,288.15,27749
28/12/2012,292.65,297,290.5,292.65,45266
27/12/2012,291.9,298,288.45,294.4,28583
26/12/2012,293.35,296.3,286.65,288.45,25532
24/12/2012,291.25,304.2,290.3,291.3,31151
21/12/2012,302,307.5,291.3,294.35,67241
20/12/2012,300,310.7,292.1,302.55,161696
19/12/2012,283.5,319.2,283.5,296.5,478109
18/12/2012,283.7,290,280.05,281.75,119221
17/12/2012,281.15,292,280,286.15,43104
14/12/2012,280.45,289.7,280.45,282.8,21459
13/12/2012,285.6,289.95,280,281.65,14059
12/12/2012,287.95,292.7,282.35,289.1,192695
11/12/2012,294.9,294.9,277.05,281.85,103865
10/12/2012,296.8,298.95,291.7,293.2,15241
07/12/2012,294.95,308.4,290.5,297.05,140287
06/12/2012,289.95,290.8,282.6,288.65,24276
05/12/2012,290.5,292.5,285.1,286.9,26506
04/12/2012,294,294.05,285,286.9,17972
03/12/2012,290,295.9,287.5,289.65,54677
30/11/2012,294,297.05,284.1,285.55,26342
29/11/2012,289.95,299.95,287,292.25,292522
27/11/2012,275.05,287,274.95,285.05,28183
26/11/2012,274,278.6,272.3,275.15,41051
23/11/2012,273.55,280.45,273.55,275.3,9243
22/11/2012,278.4,285.8,275.4,277.25,10072
21/11/2012,277.05,284.9,276.15,281.6,15364
20/11/2012,290,290,275.5,276.7,28262
19/11/2012,278.7,288,276,283.2,36177
16/11/2012,299.7,299.7,278.1,283.7,89948
15/11/2012,283,299,274.5,294.95,677664
13/11/2012,284.4,285,281.2,282.75,12634
12/11/2012,279,286,271,280.25,28871
09/11/2012,279,279,272,273.85,14787
08/11/2012,272.55,281.7,272.2,275.5,29961
07/11/2012,270,283.7,268,279.3,119926
06/11/2012,270.8,270.8,265.8,269.45,29473
05/11/2012,271.8,271.9,265.2,268.8,7242
02/11/2012,272.15,272.15,267,269.35,19718
01/11/2012,269.05,271.2,265.05,267.75,16795
31/10/2012,265.95,274.2,262.55,273.05,83169
30/10/2012,260.4,267.95,255.9,263.25,18856
29/10/2012,273,273.5,263.25,263.85,21542
26/10/2012,265.05,273,265.05,270.95,18037
25/10/2012,279,283,266.8,271.75,51080
23/10/2012,277,282.5,272.3,278.95,569511
22/10/2012,273.5,284.75,264.4,275.9,145553
19/10/2012,274,275.5,267.3,268.8,14787
18/10/2012,274,275,269.5,274.05,24009
17/10/2012,271,274,264.25,270.3,29936
16/10/2012,268.2,273.4,265.3,268.7,50735
15/10/2012,264,271.75,261.05,267.85,47459
12/10/2012,261.55,276,261.55,264,63532
11/10/2012,261,266.5,258.05,265.15,21995
10/10/2012,267,272,258.1,259.1,22410
09/10/2012,267.4,274.9,266,270.2,66848
08/10/2012,278.6,280.5,265.1,268.8,68353
05/10/2012,278.95,281.7,263.2,269.65,93561
04/10/2012,258,284,258,277.35,383111
03/10/2012,261.2,267.4,255.4,258.55,30805
01/10/2012,265.45,268.5,261.05,263.85,20853
28/09/2012,268,271.7,259.15,264.9,78808
27/09/2012,264,267.25,261.05,266.65,61901
26/09/2012,258,267.6,257.7,261.8,120113
25/09/2012,258.9,263.9,244.1,259.3,339719
24/09/2012,231,261.55,231,254.75,1235199
21/09/2012,230,235.5,227.15,230.7,156722
20/09/2012,235,236,231.2,233.3,7594
18/09/2012,237,237,234,235.4,135500
17/09/2012,229.55,239.9,229.5,236.15,62704
14/09/2012,235.9,235.9,229.05,230.45,38441
13/09/2012,234.95,236,233,234.25,31213
12/09/2012,233.5,235,231.6,234.95,21587
11/09/2012,232.55,233.2,231,232.4,2780
10/09/2012,231.05,233.75,231,232.3,3464
07/09/2012,231.9,232.9,230.2,231.4,3869
06/09/2012,227.15,230.75,226.1,230.15,7293
05/09/2012,228.85,229,227.15,227.95,2779
04/09/2012,229.6,229.6,226.5,228.55,3628
03/09/2012,227.25,229,226.1,226.6,5146
31/08/2012,226.1,229,226.1,228.75,38141
30/08/2012,228.05,229.85,226.15,228.3,10693
29/08/2012,230.4,231,225,228.45,11213
28/08/2012,231.4,233.9,230.1,230.3,10815
27/08/2012,233,234.85,231.55,232.45,10935
24/08/2012,232.5,234,230.1,231.85,14459
23/08/2012,232.9,234.75,232.05,234.05,22940
22/08/2012,232.25,234.8,232.1,233.2,4306
21/08/2012,233,235,230.65,234.45,10560
17/08/2012,230.1,235,230,232.1,23425
16/08/2012,233.05,234.95,230,230.65,16182
14/08/2012,235,235.5,233.35,234.85,61248
13/08/2012,234,235,232.1,234.7,47498
10/08/2012,232.15,234.95,232.1,234.45,11595
09/08/2012,233.8,234.95,231.65,234,16654
08/08/2012,233,235.2,232.3,232.9,19643
07/08/2012,234.15,235,233.1,234.95,81492
06/08/2012,236,236.4,233.75,234.95,102730
03/08/2012,235,237.65,233,233.75,138687
02/08/2012,231,235,230.5,234.9,29013
01/08/2012,233,233,230.15,231.1,11124
31/07/2012,234,235,230.05,231.25,11611
30/07/2012,235.9,236.95,229.9,234.3,574995
27/07/2012,232.9,237.05,232.35,233.95,64362
26/07/2012,235.8,235.95,225.95,230.65,153760
25/07/2012,238.3,239.35,231.05,235.5,487109
24/07/2012,237.85,238.9,233.35,238.1,125819
23/07/2012,232,237.9,230.35,236.7,50304
20/07/2012,237.85,238.7,233.8,235.15,41701
19/07/2012,236.2,239.7,235.35,237.65,59428
18/07/2012,237.6,237.6,233.25,235.35,12740
17/07/2012,235,238.95,235,236.05,25695
16/07/2012,235.2,238.85,232.1,236.9,16337
13/07/2012,233.9,242,232.1,236.25,61246
12/07/2012,235.6,236,225.55,231.55,180249
11/07/2012,238,240,235.05,235.6,29400
10/07/2012,237.85,242.45,235.05,237.4,58828
09/07/2012,240.1,241.5,237.15,237.7,14455
06/07/2012,244.5,244.5,239.85,240.45,29541
05/07/2012,243.95,245,241.2,243.8,174536
04/07/2012,243.9,245.45,240.6,242.6,94411
03/07/2012,244.75,248.8,239,242,40387
02/07/2012,244.8,244.8,240.25,241.8,32483
29/06/2012,242.75,245.35,241.9,243.4,67007
28/06/2012,243.5,246,240.8,241.6,23286
27/06/2012,242.95,243.85,240.75,242,9977
26/06/2012,238.6,243,238.6,241.65,7474
25/06/2012,241,245,237.5,238.4,15477
22/06/2012,237.15,243,237.15,240.05,19312
21/06/2012,242,242,238.15,240.8,14555
20/06/2012,232.4,246,232.4,241.2,17555
19/06/2012,243.4,250,239.3,240.95,24896
18/06/2012,248,250,242,247.8,42029
15/06/2012,246.8,250,240.95,244.3,63750
14/06/2012,247.05,250.9,240.1,241.9,143990
13/06/2012,270.4,272,246,248.7,319577
12/06/2012,263.3,265,256.4,261.65,31464
11/06/2012,268.95,271.8,264.05,265.8,84067
08/06/2012,255.75,266,252.1,262.3,21569
07/06/2012,251,257,250.45,254.05,129506
06/06/2012,254.3,261.7,249,250.4,42327
05/06/2012,259.95,260,256.35,258.6,3897
04/06/2012,258,260,257,258.55,4617
01/06/2012,263.8,263.8,257.15,257.7,3889
31/05/2012,256.75,263.95,256.75,257.95,1841
30/05/2012,262,265.95,261,263.85,1783
29/05/2012,252.4,267,252.4,264.95,5250
28/05/2012,256.15,261,256.15,259.75,2164
25/05/2012,255,263,254.4,260.4,7559
24/05/2012,255.4,262.7,254,261.3,9271
23/05/2012,265.55,265.55,255.2,258.4,11530
22/05/2012,257.9,258,255,256.85,3512
21/05/2012,247,256.9,245,252.1,81890
18/05/2012,245,251.5,240.55,248.5,4705
17/05/2012,244.8,252,241.2,247.15,7115
16/05/2012,237,239.9,233,238.95,5741
15/05/2012,242.65,247.45,231.55,237.4,1077229
14/05/2012,245.9,246,240.65,242.75,66105
11/05/2012,236.05,247.9,236.05,241.4,143648
10/05/2012,246.4,253.05,238.1,240.1,155895
09/05/2012,251.1,255,246.05,247.5,22924
08/05/2012,257.05,262.8,244.15,251.1,12583
07/05/2012,260,263.8,254,256.75,117925
04/05/2012,261.2,269.95,258.65,263.95,354618
03/05/2012,270.3,270.3,262.55,264.65,2163
02/05/2012,270.1,271,262.4,266.4,486696
30/04/2012,271.95,275.9,267,273.35,107138
27/04/2012,272,275,259.85,264.75,27428
26/04/2012,272,272,264,270.4,63570
25/04/2012,268.25,268.7,263.2,265.65,8026
24/04/2012,269,274.75,262.15,266.05,15544
23/04/2012,261.4,272.9,261.4,263.2,14264
20/04/2012,269,274.35,266.5,269.2,19789
19/04/2012,269.95,272.35,262,271.05,50736
18/04/2012,287.2,287.2,263,267.45,76411
17/04/2012,268.95,274.9,264.1,268.45,27113
16/04/2012,273,275.4,265.75,267.75,6448
13/04/2012,279.95,279.95,265.25,268.55,26058
12/04/2012,271.15,276.7,270.05,273.25,2210
11/04/2012,272,280,270.05,270.9,5910
10/04/2012,282.8,283.9,274.55,278.65,111662
09/04/2012,279.95,282,276,280.15,43551
04/04/2012,277.1,280.5,276.3,280,109437
03/04/2012,278.5,284,275.25,281.2,129738
02/04/2012,274.5,278.9,268.65,277.25,141707
30/03/2012,258.2,270,258.2,269.65,9935
29/03/2012,252.5,264.8,252,262.35,188346
28/03/2012,264,266,252.1,259.6,42345
27/03/2012,262,268,259.45,263.4,445810
26/03/2012,252.45,265,240.4,259.9,397846
23/03/2012,258,262.8,256,257.7,14680
22/03/2012,264.3,266,256.05,257.95,15464
21/03/2012,262.4,266,260.25,262.5,26643
20/03/2012,260.95,266.9,260.75,264.6,12527
19/03/2012,270,276.7,261.25,263.55,354024
16/03/2012,277.4,277.4,266.05,270.2,312312
15/03/2012,275,276.3,268.8,270.65,159406
14/03/2012,279.75,283.85,277,278.25,27791
13/03/2012,276.55,280.95,275.2,276.75,36279
12/03/2012,280.5,286.95,273.6,275.9,40389
09/03/2012,276.1,284,274,276,90148
07/03/2012,275.9,279,274.1,277.15,17275
06/03/2012,275,286.8,275,279.95,136122
05/03/2012,275,280,273.15,277.8,29438
02/03/2012,272.1,284,270,277.9,59166
01/03/2012,275,286,270,272.8,29383
29/02/2012,269,292.75,269,284.1,143069
28/02/2012,260.1,269.6,259.5,264.6,1509246
27/02/2012,273.6,273.6,257,259.65,389660
24/02/2012,294.85,294.85,261.5,265.75,60171
23/02/2012,287.45,287.45,268.1,281.3,47825
22/02/2012,313,314,277,287.45,280351
21/02/2012,289,325,288.2,313.1,491123
17/02/2012,280,291,278.05,287.95,328495
16/02/2012,277,282,274.95,278.95,45614
15/02/2012,270.1,279.65,270.1,277.85,23370
14/02/2012,270,278.55,269.2,272.15,28640
13/02/2012,272,272,266.25,269.5,22811
10/02/2012,272.25,281.8,265.25,270.95,45163
09/02/2012,268.65,281,263.6,275.55,48743
08/02/2012,254.6,269.9,254.6,267,26986
07/02/2012,265,265,257.2,258.95,6280
06/02/2012,261,264.5,254.05,263.45,37174
03/02/2012,252.4,261,248.05,255.1,33192
02/02/2012,257,261.9,252.4,256.95,29641
01/02/2012,251.1,259.4,245.6,254.3,23494
31/01/2012,246.95,253.5,243.3,251.95,13847
30/01/2012,249.25,253.95,242.1,244.7,8387
27/01/2012,255,258.6,248.75,250.2,10903
25/01/2012,248,257.05,247.5,255.2,30415
24/01/2012,243.1,251.95,233.05,250,144963
23/01/2012,245.05,247.9,232.4,243.75,30139
20/01/2012,252,252.9,248.2,249.85,12723
19/01/2012,255.9,255.9,246.05,248.1,54574
18/01/2012,251,254,244.05,252.4,52753
17/01/2012,233,263.85,231.85,251.05,190034
16/01/2012,238.65,238.65,224.2,232.7,5049
13/01/2012,225.25,231,225.25,228.75,8907
12/01/2012,224.9,233.95,223,225.25,19167
11/01/2012,222,227,212.2,224.55,30871
10/01/2012,209.65,216.5,209.65,214.8,12954
09/01/2012,217,217,207.75,211.1,24648
06/01/2012,208.65,215,206.2,208.75,26470
05/01/2012,207.85,217.75,207.85,213.35,14612
04/01/2012,212.5,218.7,210.6,213.15,12646
03/01/2012,220,221,212.2,214.5,27413
02/01/2012,212,222,211,217.85,30922
30/12/2011,213,213,207,209.8,8706
29/12/2011,208,216.5,207.85,210.5,10433
28/12/2011,212.45,213.8,204.1,210.25,132964
27/12/2011,208,213.5,207,212.45,15234
26/12/2011,209,210.9,205,205.9,3927
23/12/2011,207.6,211.75,205,205.7,4097
22/12/2011,209,219.8,205.25,207.5,19354
21/12/2011,214.05,223.85,205.25,207.3,9445
20/12/2011,215,216,212.15,212.85,8800
19/12/2011,229,229,214.15,215.6,106734
16/12/2011,222,228,215.5,217.55,8761
15/12/2011,220,220.9,218,219.05,3272
14/12/2011,224.7,231.5,217,222.8,37329
13/12/2011,218,224.4,218,221.25,10906
12/12/2011,218.05,220.85,217.8,219.9,44444
09/12/2011,216.5,220,216.5,218.45,6967
08/12/2011,223,225,218.25,219.5,169128
07/12/2011,234.9,234.9,218.25,223.15,20266
05/12/2011,223.25,233,223.25,225.75,10313
02/12/2011,222.3,234.25,220.1,229.85,13074
01/12/2011,201.55,234.8,201.55,222.85,6341
30/11/2011,204,224.75,204,220.3,7983
29/11/2011,234.4,234.4,215.55,219.55,9546
28/11/2011,239.95,239.95,222,226.4,13243
25/11/2011,219.75,221,215,219.55,7399
24/11/2011,217.95,220,215.25,217,5306
23/11/2011,218,222,215,219.1,51235
22/11/2011,219.4,219.5,214,214.9,23585
21/11/2011,219.5,224.05,217,217.7,12382
18/11/2011,217,223.75,215,219.05,41311
17/11/2011,223,224.9,215,217.95,51262
16/11/2011,220.05,224,220.05,223.45,5828
15/11/2011,224.5,225.95,217.6,221,84448
14/11/2011,227.05,229.95,219,220.55,22979
11/11/2011,231,231,225.3,226.85,3689
09/11/2011,230,231,227.5,229.7,13597
08/11/2011,230.1,231.7,228.1,228.65,6238
04/11/2011,235,235,228,229.3,10928
03/11/2011,235,235.05,230,231.4,31971
02/11/2011,232,234.9,231.05,232.25,1730
01/11/2011,233.05,238,233,235.4,180221
31/10/2011,244,244,231.15,234.25,80835
28/10/2011,235,239.7,230.6,234.75,39418
25/10/2011,228.85,230.9,225,226.95,9718
24/10/2011,230,234.5,226.1,228.6,18673
21/10/2011,244,244,226.25,228.45,39318
20/10/2011,229.05,249,226.6,234.2,59658
19/10/2011,236,236,229.05,232.25,5784
18/10/2011,233,235,225.15,230.75,13504
17/10/2011,234.9,244.5,230.55,234.85,179213
14/10/2011,227,234,223.95,225.45,15436
13/10/2011,232,236.15,230.3,230.85,8289
12/10/2011,234.9,236,226.9,232.55,157262
11/10/2011,239.9,242,232.6,233.85,3993
10/10/2011,231,240,224.1,237.25,75111
07/10/2011,229.8,231.6,227,230.05,116807
05/10/2011,227.15,234,221.15,223.95,34871
04/10/2011,233.55,233.55,224,227.6,2390
03/10/2011,231.95,234,220.35,231.25,9000
30/09/2011,227.5,232.8,226.5,231.55,10282
29/09/2011,250,250,221,227,62216
28/09/2011,224,226.2,220.2,222.55,11055
27/09/2011,218,228.4,218,222.15,119625
26/09/2011,220.05,223.9,219.55,221.45,146977
23/09/2011,221.5,224,219.25,220.2,22001
22/09/2011,223.5,226.4,220,221.3,11308
21/09/2011,228,228,222.2,225.45,2922
20/09/2011,224.95,228.4,221,224.8,15574
19/09/2011,224,224.75,220,222.9,3939
16/09/2011,223.8,224.9,220.25,223.3,10906
15/09/2011,220,222.95,215.5,217.95,223454
14/09/2011,218,221,215.05,219.6,4386
13/09/2011,219.85,224,218,218.95,53471
12/09/2011,220,221.8,218.25,219.25,108969
09/09/2011,227.5,227.5,219,221.1,12126
08/09/2011,226,227.1,221,221.85,13221
07/09/2011,225,228.9,223,223.85,55749
06/09/2011,222.1,225.95,216,224.7,4825
05/09/2011,223.15,224.7,220,222.35,13219
02/09/2011,233.85,234.35,223,224.95,29592
30/08/2011,222,225,222,224.1,4885
29/08/2011,229.9,229.9,212.25,220,306818
26/08/2011,225,225,215,218.9,4367
25/08/2011,223,224.7,221.5,222.6,3820
24/08/2011,220,225.8,218.45,222.3,7349
23/08/2011,221,222,217.8,220,126433
22/08/2011,216.1,223.9,216.1,217.85,2966
19/08/2011,223,223,216.05,217.35,4809
18/08/2011,228,228,217,220,701874
17/08/2011,226,229.8,223.65,225.5,352782
16/08/2011,231,232.3,225.05,229.2,207121
12/08/2011,232.9,232.9,222.4,230.05,3107
11/08/2011,225.05,231.85,225,230.05,5531
10/08/2011,231.9,233.9,228.05,229.2,5870
09/08/2011,218,232,216,225.1,35353
08/08/2011,235,235,215.1,225.4,37384
05/08/2011,228.5,230.4,215,227.3,13279
04/08/2011,239.95,243,225.2,230.3,103889
03/08/2011,233.45,237.95,232,235.25,3509
02/08/2011,239,243.9,231.35,239.35,12602
01/08/2011,240,242.4,235,236.1,5136
29/07/2011,238.05,241,235.15,238.45,5834
28/07/2011,240.4,245,236.5,241.65,16251
27/07/2011,240,245.75,237.15,243.25,3163
26/07/2011,244.45,244.45,238.5,239.05,8994
25/07/2011,241,245.8,240.1,244.85,29572
22/07/2011,235.2,244.5,235.2,243,17768
21/07/2011,236.7,240.6,235,237.45,7903
20/07/2011,235.15,238.55,234.5,236.7,15598
19/07/2011,240,245.8,233.1,234.5,81580
18/07/2011,236,238.4,232,234.15,33622
15/07/2011,237,238,234,234.85,6863
14/07/2011,233,240,233,237.1,8464
13/07/2011,235.1,239,234.15,236.05,7481
12/07/2011,237.8,238.9,235,236.1,7244
11/07/2011,245.3,254,237,237.8,8448
08/07/2011,244.8,246,240,241.25,35206
07/07/2011,245,245,240.1,242.6,6697
06/07/2011,245,245.7,243,244.3,13643
05/07/2011,245,247.85,243.45,244.8,50832
04/07/2011,253.9,253.9,234,244.95,43196
01/07/2011,241,244.8,240,240.7,9394
30/06/2011,244,246,234.15,240.15,21563
29/06/2011,231.4,244.9,231.4,240.5,19804
28/06/2011,231.05,237,231.05,234.95,5142
27/06/2011,231,237,230.15,234.6,11569
24/06/2011,239,239,230.1,232.35,6676
23/06/2011,228.7,240,228.7,231.75,20884
22/06/2011,235,235.05,225.25,226.95,52802
21/06/2011,232.05,242,230.2,231.25,19220
20/06/2011,228,242,227.9,236.25,63006
17/06/2011,229.05,235,229,233.7,13694
16/06/2011,235,235,229,232,12963
15/06/2011,226,247.05,226,235.3,75124
14/06/2011,221.15,231.95,221.15,229.95,13467
13/06/2011,234,234,227.15,228.7,9315
10/06/2011,235,235,229.4,231.75,9490
09/06/2011,232.85,237.55,231.05,231.95,4187
08/06/2011,241,241,232.05,233.45,11244
07/06/2011,240,240,235.1,235.9,6507
06/06/2011,239.7,244.5,234,236.8,18356
03/06/2011,243.95,249,237,239.7,23635
02/06/2011,244.8,246.4,235,240.25,129942
01/06/2011,228,257.7,223.9,245.9,367478
31/05/2011,223.35,227.05,219.5,223.9,152912
30/05/2011,219.1,226,215,221.15,174143
27/05/2011,225.2,226.55,219.2,220.15,17691
26/05/2011,230,230,221.1,224.25,11034
25/05/2011,227,231.8,225.8,230,16005
24/05/2011,221.5,231.9,221.5,227.9,43862
23/05/2011,226.6,232.05,223,224.5,17523
20/05/2011,223.6,230.9,223.6,230,31317
19/05/2011,231.9,232.2,223,230.85,43132
18/05/2011,228,232.85,223,223.75,28651
17/05/2011,234.7,238.9,228,229.5,27864
16/05/2011,234,238,228.5,230.1,27193
13/05/2011,231,235,225,231.55,14341
12/05/2011,233.25,235,225,225.8,38805
11/05/2011,243.1,243.1,231.3,234.6,32209
10/05/2011,240.15,247,240,241.45,3406
09/05/2011,253.75,255,242,242.8,7318
06/05/2011,250,254.95,244,245.2,12243
05/05/2011,252.8,252.8,243.45,248.45,11844
04/05/2011,247.9,257.7,240.1,252.75,15687
03/05/2011,255,259,240,246.85,35140
02/05/2011,250.1,256.75,249.2,254.4,7830
29/04/2011,262.9,264.95,254.8,255.2,11190
28/04/2011,257,269,257,261.5,22955
27/04/2011,258,267.7,255.05,262.7,18091
26/04/2011,256.55,256.55,252,253.65,5681
25/04/2011,256.1,258.6,252.1,256.25,6472
21/04/2011,254,272.2,251.2,257.6,49733
20/04/2011,251.1,254.9,250.25,252.5,61644
19/04/2011,252.05,254.75,251,251,5546
18/04/2011,250.15,260,250.15,253.95,47076
15/04/2011,253,256.2,250.15,251.45,3230
13/04/2011,258,259.4,248.6,256.05,246373
11/04/2011,254,258,250.35,255.85,16463
08/04/2011,255.9,263.95,250.1,256.1,49517
07/04/2011,250,260,249.5,255.95,63876
06/04/2011,246.6,255.3,246.6,249.85,74079
05/04/2011,254.1,260,247,249,25198
04/04/2011,253.1,259.9,250.3,254.4,74188
01/04/2011,250.6,255.9,250.6,254.35,47917
31/03/2011,245,256,245,254.6,110828
30/03/2011,235,248.95,235,245.5,27035
29/03/2011,231,237.95,231,235,33101
28/03/2011,236,236,230,233.05,300531
25/03/2011,235.75,235.75,232,234.8,36099
24/03/2011,232.8,236.5,229.05,234.7,111306
23/03/2011,229.95,231.9,228.55,229.45,3972
22/03/2011,228,232.55,228,228.2,4940
21/03/2011,215.35,234.95,215.35,229.2,4565
18/03/2011,230.35,235,225,227.05,27257
17/03/2011,240,240,232,234.75,10943
16/03/2011,250.9,269.9,235.15,237,22373
15/03/2011,238,246.15,238,239,172836
14/03/2011,243.9,251.85,239,246.75,78015
11/03/2011,236.2,244.95,232.5,241.4,18339
10/03/2011,243,245,238,239.7,56741
09/03/2011,244,244,236,240.2,31082
08/03/2011,231.35,245.85,231.35,236.9,12325
07/03/2011,233.05,248.85,233.05,239.75,9395
04/03/2011,251,254.65,240.05,247.85,35515
03/03/2011,225,251,225,248.95,41323
01/03/2011,220.35,240,220,233.4,19742
28/02/2011,218,223.45,215.05,218.55,59036
25/02/2011,215,223.95,212.6,218.2,16285
24/02/2011,220.2,221.4,214,216.4,9671
23/02/2011,230.2,238,212.25,220.5,241542
22/02/2011,232,242,225.65,230.2,7701
21/02/2011,240,245,233.55,237.35,8693
18/02/2011,248,252.5,241,241.55,15646
17/02/2011,235.35,268.5,234,247.6,159847
16/02/2011,223,236,223,234.05,21174
15/02/2011,233.1,237.8,224.8,227.75,113696
14/02/2011,228.6,233.25,220.5,231.9,128186
11/02/2011,232.75,232.75,224.8,227.4,161487
10/02/2011,231.9,232,218,227.6,66465
09/02/2011,230,237.1,211.4,227.4,25657
08/02/2011,229,237.95,225,230.2,72262
07/02/2011,236,241.45,230.55,232.65,10553
04/02/2011,241.15,244.85,233.25,239.7,11044
03/02/2011,237,249,222.05,243.7,113855
02/02/2011,250,250,233.1,238.5,321289
01/02/2011,247,251.9,244.8,246.4,45728
31/01/2011,247,250.95,245,247.55,27313
28/01/2011,240.55,251.95,240.55,245.75,95161
27/01/2011,249.2,250.95,246.25,248.1,15299
25/01/2011,248.25,251.95,246,247,32602
24/01/2011,253,253,245.1,248.25,16118
21/01/2011,247,249.65,246.05,248.25,7027
20/01/2011,249.1,250,244.5,246.5,66509
19/01/2011,256,256,245,249,11474
18/01/2011,245,246.5,245,245,9717
17/01/2011,245.5,246.85,245,245.05,5193
14/01/2011,234,249.5,234,245.1,49750
13/01/2011,246.8,255,245,248.5,9693
12/01/2011,239,247,239,245.5,61808
11/01/2011,247.95,247.95,240.05,241.9,10576
10/01/2011,242,248,242,245.05,11673
07/01/2011,254.25,254.25,245.05,246.5,20863
06/01/2011,261.3,261.3,252.15,253.95,4848
05/01/2011,252.95,262,252,260,529011
04/01/2011,261,261.45,251.1,252.95,14316
03/01/2011,259,264,256.1,257.9,17565
31/12/2010,263.7,264.4,254,255.65,24629
30/12/2010,264,265,258.5,262.05,224660
29/12/2010,262.1,264.5,258,261.6,460498
28/12/2010,262,265.2,260.1,263.55,76628
27/12/2010,261.45,265.9,260.45,261.85,9504
24/12/2010,262.05,265,260.1,261.45,15428
23/12/2010,264.65,266,262,264.1,4309
22/12/2010,265,267.45,261.9,264.5,144817
21/12/2010,262,272,262,264.55,28707
20/12/2010,260,264.85,260,261.2,26611
16/12/2010,264.75,264.9,260,260.65,54018
15/12/2010,261.1,269.65,260,261.8,134851
14/12/2010,266.5,270,264.7,267.95,971836
13/12/2010,268,271.5,219.9,265.55,463195
10/12/2010,265,267,260,265.1,63568
09/12/2010,255.6,273,255.6,265.1,298546
08/12/2010,272,276,269,272.35,49474
07/12/2010,272.35,276.35,270.5,273.2,116304
06/12/2010,278,279.5,274.35,277,26200
03/12/2010,273.4,280,273.2,276.75,175573
02/12/2010,277.1,279,274.1,276.95,48849
01/12/2010,271.9,277,267,275.25,98396
30/11/2010,265.6,276,265.6,269.6,490785
29/11/2010,267,275,265.5,271.25,116967
26/11/2010,262.5,288.7,256.1,266.85,1179763
25/11/2010,255.4,271,216,262.85,1320525
24/11/2010,269.95,273.5,257.05,262.4,161468
23/11/2010,274.9,274.9,265.55,271.2,77655
22/11/2010,263.2,279.7,263.2,276.4,135986
19/11/2010,263,268,256.8,262.35,100220
18/11/2010,272,274.65,260.55,266,104928
16/11/2010,283.4,283.4,268.05,270.25,88376
15/11/2010,270.25,280.2,270.25,275.9,63023
12/11/2010,283,285,265.05,280.2,350592
11/11/2010,286,290,281,283.85,200646
10/11/2010,289,292.3,285.1,286.75,140632
09/11/2010,284,291.5,272.4,289.15,206968
08/11/2010,285,294.4,283.1,289.6,265486
05/11/2010,286,289,282.5,284.9,32943
04/11/2010,283.5,291.8,279,284.95,288647
03/11/2010,277,283.8,276.5,281.5,237572
02/11/2010,276,282,275,276.5,228621
01/11/2010,280,283.8,274.1,275.8,340688
29/10/2010,290,290,275,279.05,437923
28/10/2010,292.8,294,285.05,289.15,305955
27/10/2010,287,293,280,290.15,692403
26/10/2010,302.15,302.15,283.15,285.2,815185
25/10/2010,295.55,306.35,292.7,302.15,2361102
22/10/2010,300,301.5,288.5,295,2887285
21/10/2010,281.7,304.9,275.8,298.75,8078620
20/10/2010,271.1,299,271.1,282.9,41372574
