Date,PCJEWELLER-EQ O,PCJEWELLER-EQ H,PCJEWELLER-EQ L,PCJEWELLER-EQ C,PCJEWELLER-EQ V
29/03/2019,83.4,84.8,81.6,82.2,7359887
28/03/2019,80.5,83.25,80.05,82.5,7264795
27/03/2019,80.1,81.75,79.65,80.45,6247348
26/03/2019,79.25,80.8,78.7,80.15,4497491
25/03/2019,78.25,80,77.25,78.9,7163492
22/03/2019,82.5,83.6,79.85,80.65,8719695
20/03/2019,80.9,83.9,79.2,82.15,14992437
19/03/2019,82.3,83,79.6,80.55,7730741
18/03/2019,83,84.75,81.4,82.15,8882577
15/03/2019,86.9,87,82.15,83,13384888
14/03/2019,82.5,89,81.1,86.25,37443678
13/03/2019,80.75,82.25,78.05,80.75,7577505
12/03/2019,80.4,81.9,79.7,80.3,8084428
11/03/2019,77.55,81.95,77.5,79.95,10117738
08/03/2019,79.25,79.55,76.6,77.45,8698833
07/03/2019,78.2,81.5,78.15,79.25,14338707
06/03/2019,80.9,82.85,77.6,78.35,20520701
05/03/2019,72.3,80.9,71.35,79.7,26817370
01/03/2019,71,73.5,70.7,72.3,8338836
28/02/2019,70.9,72.3,70.15,70.65,7401466
27/02/2019,67,74,67,70.65,21013131
26/02/2019,67,67.65,65,66.85,5972884
25/02/2019,68.7,69.1,66.3,67.9,4134983
22/02/2019,68.7,69.8,68.05,68.55,6833916
21/02/2019,67.9,68.35,67.5,68,4592302
20/02/2019,67.3,68.55,67.05,67.5,6519795
19/02/2019,67.6,68.9,66.6,67.35,8586941
18/02/2019,67.7,69.65,66.7,67.25,10674424
15/02/2019,68,69.9,66.1,67.5,12200986
14/02/2019,64,69.4,62.55,67.8,16944052
13/02/2019,67,67.7,64,65.1,8404775
12/02/2019,67.3,68.45,65.3,66.45,12092433
11/02/2019,75.2,75.3,66.35,68.7,33868613
08/02/2019,73.05,78.65,71.8,76.85,27456342
07/02/2019,65,74.2,64.5,72.3,24578358
06/02/2019,66.45,67.15,61.55,66.25,18227450
05/02/2019,70,70.25,61.7,65.85,19987173
04/02/2019,72.8,72.8,69.3,69.95,6371752
01/02/2019,73,74.6,70.85,71.55,6048011
31/01/2019,73.85,74,69.85,73,7908503
30/01/2019,73.8,74.6,71.8,73.15,5513701
29/01/2019,72.85,75.2,72.85,73.95,7341054
28/01/2019,76,76.75,74.1,74.55,6660818
25/01/2019,77.3,79.65,75.4,75.95,8640033
24/01/2019,78.7,78.7,75.65,76.75,7062773
23/01/2019,76.6,81.1,76,78.25,14665269
22/01/2019,77.35,77.7,74.4,76.5,7746308
21/01/2019,78.05,79.45,76.8,77.3,6047585
18/01/2019,80,80.4,77.7,78.15,6539247
17/01/2019,80.15,81.25,78.6,79.7,6155851
16/01/2019,82,82.4,80.05,80.45,6580945
15/01/2019,79.15,83.6,79.15,81.55,14261448
14/01/2019,80.2,80.4,78.75,79.15,6031936
11/01/2019,81,81.35,79.55,80.1,6575661
10/01/2019,82,82.6,80.4,80.8,7305947
09/01/2019,83,83.25,80.3,81.2,9214670
08/01/2019,80.9,83.7,78.6,82.75,14014501
07/01/2019,82.7,83.35,80.2,80.75,8943373
04/01/2019,82.45,82.95,80.05,81,11920024
03/01/2019,84.45,85.35,81.9,82.5,15027049
02/01/2019,85.75,86.3,82.2,82.8,11767620
01/01/2019,85.9,86.65,85.1,85.9,7520834
31/12/2018,88.3,88.3,85.65,86.2,10626428
28/12/2018,88.1,89.9,86.2,87.8,38158778
27/12/2018,82,86.35,81.75,85.15,26157963
26/12/2018,82.05,82.8,79.2,81.15,19343977
24/12/2018,82.9,84.2,80.6,82.8,20809058
21/12/2018,84.5,85.45,81.8,82.45,12571474
20/12/2018,84,86.1,83.1,84.4,13594573
19/12/2018,86.45,87.75,83.35,85.15,21068821
18/12/2018,81.1,88.6,81,85.95,45795181
17/12/2018,84,84.5,80.5,82.95,28687701
14/12/2018,82,88.35,78.75,83.8,97316134
13/12/2018,67.6,80.8,67.2,78.55,47106445
12/12/2018,65,67.25,64.8,66.55,9510091
11/12/2018,60.15,65.65,60.15,64.15,11707468
10/12/2018,63.55,64.45,62.5,63,10613110
07/12/2018,64.95,67.45,64.1,66.4,13075943
06/12/2018,66.85,67.45,63.1,64.55,13369650
05/12/2018,70.65,71,66.65,67.9,12758492
04/12/2018,70,72.4,69.2,71,16902684
03/12/2018,68.7,70.75,67.3,69.05,12017361
30/11/2018,69.2,71.5,68.4,68.85,11623191
29/11/2018,68.05,70.95,67.1,69,16172885
28/11/2018,72,72.35,66.8,68.05,16827648
27/11/2018,74,74.8,72,72.35,8777955
26/11/2018,76.65,77.85,73.4,74.5,10562425
22/11/2018,78.7,79.8,76.05,76.65,10251991
21/11/2018,76.8,80.5,76.05,78.35,16855519
20/11/2018,77.6,78.75,75.9,76.9,18256126
19/11/2018,74.6,80.55,74.35,77.15,26816948
16/11/2018,73.15,78.6,70.5,74.15,36176780
15/11/2018,77.85,82,69.9,75.7,46289767
14/11/2018,91,92,84.5,86.5,25516128
13/11/2018,89.9,92.3,87,89.95,28259226
12/11/2018,94.1,96.5,86.65,90.45,61693434
09/11/2018,82,95.4,76.6,91.8,78643280
07/11/2018,84.8,85.8,81.65,83.4,12709487
06/11/2018,95,99,80.8,83.3,75766136
05/11/2018,91,100.35,88.6,94.55,92930347
02/11/2018,76.3,90.2,74.35,88.2,85752867
01/11/2018,59.75,72.35,59,69.4,36686810
31/10/2018,55.4,59.65,54.45,58.5,16408239
30/10/2018,50.75,55.75,50.25,54.25,13174491
29/10/2018,49.55,51.4,48.55,50.7,6684036
26/10/2018,48.15,52.75,46.85,49.35,12255468
25/10/2018,49.45,49.8,47.65,48.4,7084470
24/10/2018,51.05,51.75,49.5,50.5,6800761
23/10/2018,53.1,53.2,48.35,50.35,12729091
22/10/2018,56.8,57.2,52.85,53.7,8199753
19/10/2018,58.2,59.5,55.7,56.7,12424807
17/10/2018,58,58.35,55.5,56.4,7133210
16/10/2018,57.35,58.6,56.65,57.25,5617702
15/10/2018,57.65,57.9,55.5,56.85,6150620
12/10/2018,56.7,57.85,56.3,56.95,5553261
11/10/2018,55.25,57.35,54.05,55.5,8404700
10/10/2018,57,58.35,56.25,57.35,10058174
09/10/2018,59,59.75,55.45,56.7,8899350
08/10/2018,60.1,62.7,55.5,58.85,13521199
05/10/2018,56.7,62.9,56.1,59.7,24876056
04/10/2018,53.05,57.9,52.6,56.3,12557475
03/10/2018,55.5,58.75,54.1,55.55,15161305
01/10/2018,61.85,61.85,53.25,55.45,16793583
28/09/2018,67.25,67.7,58.65,62.35,12322579
27/09/2018,69.6,70.6,66.15,66.95,8634016
26/09/2018,70,71.95,69,69.75,6458910
25/09/2018,73.8,73.8,67.85,69.85,8621183
24/09/2018,72,76.7,68.8,73,12467713
21/09/2018,78.5,79.15,66.35,71.75,12079443
19/09/2018,81.2,82,77.35,78.05,7790868
18/09/2018,84.15,84.8,80.25,81.2,5323524
17/09/2018,81.9,85.3,80.6,83.65,10113529
14/09/2018,82.8,84.2,81.25,82,8693687
12/09/2018,84.2,85.45,80,81.8,11133501
11/09/2018,83.5,87.9,83.3,84.1,12959512
10/09/2018,86,86,83,83.4,5962781
07/09/2018,86.65,87.3,85.8,86.3,5019940
06/09/2018,87.7,88.8,86,86.8,6122399
05/09/2018,88.7,89.8,85.5,87.25,8859094
04/09/2018,92.45,94.4,87.3,88.55,17323175
03/09/2018,84.3,94.65,83.4,90.75,34789870
31/08/2018,85.65,86.5,83.8,84.25,6291636
30/08/2018,86.35,87.4,84.65,85.65,7519301
29/08/2018,85.05,87.9,82.8,86,19662741
28/08/2018,90.45,90.7,85,85.35,10836128
27/08/2018,91.5,92,88.55,89.65,7774576
24/08/2018,91,92.9,88.7,89.95,11971917
23/08/2018,96.2,96.9,91.5,92,11407238
21/08/2018,98.7,99.45,95,96.1,9256274
20/08/2018,100.3,101,97.1,98.45,9867540
17/08/2018,99.5,102,99.2,99.9,10981066
16/08/2018,99.2,102.7,98.2,98.9,12590367
14/08/2018,108,108,99.35,101.05,25032904
13/08/2018,101.15,108.8,97.1,104.95,36540498
10/08/2018,105.6,109.3,95,101.15,42140520
09/08/2018,91.7,104.35,91,100.95,36842788
08/08/2018,91.95,93,88.2,91.7,12187725
07/08/2018,92.9,93.35,89.4,91.15,10528839
06/08/2018,94.7,95.75,86.05,91.9,14815178
03/08/2018,92.1,96.6,92.05,94,18808604
02/08/2018,91.35,93.4,90.1,91.7,11763185
01/08/2018,91.75,93.6,90.1,91.3,17319780
31/07/2018,91.2,96,88,91.1,32877934
30/07/2018,84.55,95.65,83.35,90.6,30947424
27/07/2018,83.9,87.25,83,84.35,17621120
26/07/2018,83,87.45,79,83.6,30446323
25/07/2018,90.1,90.9,79.35,83.9,34430314
24/07/2018,94.4,95.55,89.6,91.6,34774663
23/07/2018,90,97.85,86.25,93.7,80393848
20/07/2018,71,85,65.3,81.9,72970100
19/07/2018,78.45,79.9,68.8,70.85,39370430
18/07/2018,82.25,86.3,76.4,78.05,37279299
17/07/2018,87.75,94,81,83.1,59252460
16/07/2018,107.95,107.95,83.95,89.2,74274287
13/07/2018,121.9,126.35,118,119.9,14880893
12/07/2018,130,130.55,119.5,121.6,14807980
11/07/2018,129.7,132,127.25,129,8697767
10/07/2018,131.6,134.4,128.4,129.8,9260534
09/07/2018,131.8,133.5,130,131.2,6240508
06/07/2018,125,132.85,121.45,128.85,20301149
05/07/2018,132.2,132.6,125.35,126.35,7749981
04/07/2018,134.15,135.4,128.2,131.75,7863353
03/07/2018,135.85,136.45,133.55,134.5,6182708
02/07/2018,137.65,139.75,133.7,135.9,6240209
29/06/2018,136.85,138.7,135.55,136.75,5942089
28/06/2018,135.45,137.7,132,135.6,9662685
27/06/2018,141.4,142.4,132.65,134.85,9539868
26/06/2018,135.45,145.4,133.5,141.15,17262245
25/06/2018,140.3,142.8,134.6,135.8,8382295
22/06/2018,141.5,142.65,137.1,140.7,11917220
21/06/2018,147.5,149.7,142,143.4,9221955
20/06/2018,148.25,151.9,147.35,148.9,7292788
19/06/2018,150.4,153.4,146.9,148.4,11123658
18/06/2018,157,157,145.35,151.1,15365773
15/06/2018,160.1,161.75,154.7,157.55,15558925
14/06/2018,158,164.9,154.2,158.7,26061269
13/06/2018,145,159.8,145,156.45,33334255
12/06/2018,147,149.8,145.1,146.25,13931707
11/06/2018,140.95,151.9,137.75,145.7,35020743
08/06/2018,135,140,131.5,136.85,18079134
07/06/2018,135.7,138.9,132,135.9,20578238
06/06/2018,130,137.4,124.2,134.15,40743687
05/06/2018,125.2,142.1,113.3,129.2,78418183
04/06/2018,158.75,159.4,126.85,129.9,50042802
01/06/2018,166,169,151,156.2,24878741
31/05/2018,175,175,164.25,165.8,12969938
30/05/2018,167,180.3,165.1,174.3,15351108
29/05/2018,178.25,178.95,168,171.15,11423858
28/05/2018,198,198,174,178.25,25923522
25/05/2018,193.95,198.2,186.25,192.5,19799303
24/05/2018,199,203.3,178.35,188,28392062
23/05/2018,196.6,209.75,192,196.95,35053350
22/05/2018,170.3,199,166.1,191.7,39810442
21/05/2018,163,171.3,158.6,165.95,13826651
18/05/2018,168.1,173.5,162,164,10162331
17/05/2018,174,177.7,166,168.65,13409890
16/05/2018,162,176.9,162,171.7,26597766
15/05/2018,169,181,154.3,169,55227800
14/05/2018,195,195,172.1,177.7,59359751
11/05/2018,229.8,250.7,196.4,200.85,94911247
10/05/2018,216,222,194.65,208.95,46745430
09/05/2018,199.9,216,183,208.8,83862160
08/05/2018,258.85,264.25,168.2,202.3,160529161
07/05/2018,192.1,243.9,192.1,240.25,189241116
04/05/2018,127.5,180.7,127.5,174.65,181576721
03/05/2018,100.65,126.8,94.55,121.45,217943465
02/05/2018,148,154.15,102.3,110.65,143737553
30/04/2018,182.5,209,140.2,144.5,124365969
27/04/2018,240,242.55,156.5,177.8,51494975
26/04/2018,238,252.7,207.75,236.9,57625134
25/04/2018,288,290.55,238.1,244.4,23395072
24/04/2018,295,296.9,288.1,289.35,1913829
23/04/2018,297,302.4,293.6,294.7,3208717
20/04/2018,296,300.3,294.2,295.8,1946974
19/04/2018,296.8,300.5,293.35,297.8,3236497
18/04/2018,308.35,309.15,290.95,293.8,5310620
17/04/2018,303.9,311.3,300.5,306.1,5013632
16/04/2018,297.2,305.85,297.2,300.75,3418998
13/04/2018,308.8,311.5,302.2,303.65,3475580
12/04/2018,308.5,313.15,304.25,306.85,3674763
11/04/2018,310,314.8,304.4,308.45,4880100
10/04/2018,297,313.25,296.9,307.95,9223672
09/04/2018,303,303.75,295.7,297.1,3653285
06/04/2018,300,305,289.2,298.2,9515903
05/04/2018,302,307,293.3,296.15,5630416
04/04/2018,316,317.6,296.55,298.6,9140108
03/04/2018,313,321.25,310.6,313.5,4666943
02/04/2018,323.5,328.6,305.65,313.2,5872193
28/03/2018,325,327.45,315.2,320.2,4688773
27/03/2018,324,331.9,318.1,323.65,5243492
26/03/2018,328.1,335,316.65,319.75,6425773
23/03/2018,336.5,338.45,323.6,327.9,5713158
22/03/2018,346,361.9,340,341.55,8963703
21/03/2018,364.65,367,339,344.2,5282710
20/03/2018,364,368.25,355.5,361.05,3256639
19/03/2018,372.3,381.75,361.6,365.15,4808217
16/03/2018,365.7,376.8,361.65,371.5,5450578
15/03/2018,366.85,375.3,364.15,366.1,3030946
14/03/2018,357.05,374,354.2,366.85,7743747
13/03/2018,341.8,379.8,338,365.1,11878717
12/03/2018,342.9,345.5,336.7,338.5,3210285
09/03/2018,339,341.5,334.35,337.4,3071689
08/03/2018,330,338,319.25,335.4,5311415
07/03/2018,340,344,324.25,327.1,4497561
06/03/2018,336.1,351.6,335.65,340,9191994
05/03/2018,332,338.25,325.6,333.25,4839924
01/03/2018,334.95,339.4,327.9,333.25,6189760
28/02/2018,333.9,337.6,330.15,333.15,5046292
27/02/2018,338.65,346,333,338.35,8392672
26/02/2018,340,342.6,318.3,333.55,14210497
23/02/2018,326,338.35,326,332.35,8310640
22/02/2018,342,343.7,324.65,327.5,14792134
21/02/2018,368.8,374,343.3,346,9037849
20/02/2018,352.1,371.65,345.25,363.5,10797353
19/02/2018,379.95,387.5,327.1,354.3,16430379
16/02/2018,357.5,386.9,353.05,381,15799584
15/02/2018,379,379.5,302.25,356.3,23999681
14/02/2018,393.8,398.95,373,376.1,8301309
12/02/2018,375,390,375,385.25,7894013
09/02/2018,370,377.45,365,369.8,6146933
08/02/2018,383.4,395,378.5,382.15,10686740
07/02/2018,421,423,375.05,380.1,18129344
06/02/2018,381.35,405.9,360.15,391.45,23519891
05/02/2018,360,470,360,423.7,51310563
02/02/2018,465,474.9,217.95,364.25,127291189
01/02/2018,487.8,498.85,471.2,484.3,6199876
31/01/2018,516,516,476.45,485.35,9928536
30/01/2018,560,562.45,515.4,521.1,4827524
29/01/2018,566.7,575.3,555,563.5,4705467
25/01/2018,554,571.1,541.6,561.6,6627251
24/01/2018,576.4,576.4,546.5,551.75,3138419
23/01/2018,585.3,585.3,574.05,576.9,3505998
22/01/2018,585,590.7,578,583,2062018
19/01/2018,583.95,592.35,574.25,587.35,4264021
18/01/2018,589.95,593.3,574.05,581.1,2782492
17/01/2018,577,590,566.6,587.05,5438361
16/01/2018,592,600.65,572.3,576.9,8707065
15/01/2018,557,589.6,551.6,584.3,6819092
12/01/2018,541.1,552.35,539.7,549.15,3737979
11/01/2018,532.75,543.6,529.85,540.1,2626892
10/01/2018,533.05,537,525.3,533.4,3799293
09/01/2018,504,539,501,532,8089822
08/01/2018,494.5,504.65,489.25,501.85,2107299
05/01/2018,487.9,496.45,483.5,492,2945382
04/01/2018,480,488.35,471.45,486.6,2606626
03/01/2018,468.65,480,465.4,475.8,2178523
02/01/2018,470.5,474.45,461.4,466.3,1298586
01/01/2018,459.7,474.75,457.95,469.25,1506121
29/12/2017,458,463.5,451.1,456.75,890361
28/12/2017,459.5,464.9,455.3,457.7,2330785
27/12/2017,464.65,468.85,450.7,454.6,2047849
26/12/2017,444.5,464.7,443,463.15,3305246
22/12/2017,442.7,445.85,440.3,443,922311
21/12/2017,445.3,447.5,434.5,440.8,1827710
20/12/2017,451.45,456.3,441.65,445.95,1899971
19/12/2017,447,457.6,445,450.3,3876856
18/12/2017,444,448,428,442.95,2051205
15/12/2017,437,448,433.65,444.65,4231362
14/12/2017,439,449.55,426.5,432.45,4089393
13/12/2017,440.65,450,437.1,440.85,4979174
12/12/2017,429.7,454.2,425,443.55,9263898
11/12/2017,420,436.5,419.05,433.75,6647187
08/12/2017,406,420.5,405.5,416.7,4103322
07/12/2017,407.5,408.75,403,406.75,3568490
06/12/2017,388.65,403.9,385.05,401.4,3499621
05/12/2017,391.7,394.35,383.2,388.85,1615034
04/12/2017,396.7,399.75,385.35,390.8,2278763
01/12/2017,396,410.7,388.05,392.05,4663543
30/11/2017,396.7,400,386.65,395.4,4527413
29/11/2017,411.85,412,397.8,399.65,2717891
28/11/2017,409.45,415.75,407.55,411.85,5657379
27/11/2017,387,407.8,383.05,405.9,11878746
24/11/2017,371.5,385.2,366.7,383.6,4353699
23/11/2017,380,385,362,367.95,5874332
22/11/2017,361.5,371.95,353.15,360.6,4953667
21/11/2017,358.95,364.2,353.65,360,2248346
20/11/2017,363,365.75,351.4,356.25,2485210
17/11/2017,352.05,366.95,351.45,362.9,2173102
16/11/2017,345,352.2,345,346.8,868804
15/11/2017,353.9,357.55,335.5,342.2,2206896
14/11/2017,362.7,364,347.4,353.9,1945384
13/11/2017,379,387,355.2,359.6,5536696
10/11/2017,357.9,382,351.7,377.05,3268203
09/11/2017,340.1,364.8,334.2,357.65,2461468
08/11/2017,351.25,352.45,328,334.35,1616550
07/11/2017,379.5,379.5,347.1,351.45,2770230
06/11/2017,365,380,363,375.65,5364745
03/11/2017,348.5,355.45,346.2,352.75,736834
02/11/2017,351,352.65,343.95,347.6,661769
01/11/2017,350,354.4,348.2,349.45,518186
31/10/2017,351,355.45,348.5,350.8,1429632
30/10/2017,346.25,352.8,342.35,350.85,1639762
27/10/2017,342.3,347.05,341.65,343.85,597405
26/10/2017,345.2,346.1,337.95,340.8,1510461
25/10/2017,357,357.95,342.05,345.2,1112586
24/10/2017,345.35,355.95,345.15,353.85,1080765
23/10/2017,361.4,362.6,343.65,345.9,4744298
19/10/2017,368,369.75,356.8,360.8,247839
18/10/2017,373.95,373.95,365,367.7,1645751
17/10/2017,378.2,378.7,368.85,375.15,2600632
16/10/2017,377,378.25,368.05,374.8,1813156
13/10/2017,363.4,377,363.4,373.35,3073567
12/10/2017,363.35,364.7,356.7,363.4,3188910
11/10/2017,367.1,371.15,356,360.8,2985159
10/10/2017,381,383.8,360.5,363.85,4275496
09/10/2017,395,395,377.85,380.65,6700382
06/10/2017,366.8,376,366.1,374.05,2377970
05/10/2017,370.2,373.4,362.7,366.1,1440670
04/10/2017,355,370.85,352.2,368.55,6133035
03/10/2017,334,354.8,331.85,352.2,2188368
29/09/2017,318,336.4,316.5,330.8,1963634
28/09/2017,329,329.5,316.1,317.65,1631224
27/09/2017,336,341.4,326.05,328.6,2298024
26/09/2017,333,341.15,332.55,335.2,1634437
25/09/2017,341.65,343.05,320.1,335.45,1625934
22/09/2017,345,351.75,339,341.75,3143733
21/09/2017,345.85,348.7,341.15,345.1,1106180
20/09/2017,349.1,350.75,344.55,345.05,987658
19/09/2017,350.7,355.4,344.5,348.6,1261232
18/09/2017,352,353.2,347.25,349.9,1128405
15/09/2017,338.2,351.8,338.2,347.85,2227063
14/09/2017,351.85,352,337.6,341.4,1579344
13/09/2017,353,355.5,347.65,349.15,900964
12/09/2017,355.8,356.15,348.25,351.05,1134716
11/09/2017,354.15,357.6,350.5,353,1848232
08/09/2017,370,370.35,346,351.65,3990535
07/09/2017,363.5,364,356.9,358.55,2526634
06/09/2017,361.5,365.8,358.65,360.3,2905656
05/09/2017,356.3,364.9,353.75,363.25,2682784
04/09/2017,352,365.9,350.1,356.35,3447508
01/09/2017,357,361.5,350,351.35,1459470
31/08/2017,356,358.5,348,355.6,2128329
30/08/2017,353.6,358.95,350.6,354.55,2173888
29/08/2017,348.55,362.45,347.7,350.4,3828831
28/08/2017,352.5,356.35,349.25,353.15,3236855
24/08/2017,362,366.35,358,359.9,2265115
23/08/2017,373,374.9,353,361.8,5224462
22/08/2017,389,395.7,365,369.95,7176829
21/08/2017,378,393.9,374.35,383.9,6476305
18/08/2017,353,377.4,350.25,372.65,3910934
17/08/2017,346.1,360.35,344.65,356.5,2752924
16/08/2017,332.3,349,324.05,345.05,3099419
14/08/2017,298.15,334.7,297.8,330.4,4417918
11/08/2017,293,300,285.3,297.1,3146388
10/08/2017,304.2,305.75,290.4,296.85,3095892
09/08/2017,289.35,302.9,289.3,299.25,3875256
08/08/2017,272.9,295.5,270.35,291.35,6184168
07/08/2017,259,273,257.6,270.8,2920549
04/08/2017,254.2,264.9,251.9,259.4,2775353
03/08/2017,254,256.7,252.25,253.95,667048
02/08/2017,257,257,251.4,255.4,2131840
01/08/2017,258.2,263.15,250.2,251.75,3717338
31/07/2017,251.7,258.45,249.2,255.1,2377103
28/07/2017,248,251.45,247.05,248.1,1223660
27/07/2017,253.45,253.45,244.85,246.25,1320031
26/07/2017,250.1,254.2,248.1,250.1,2654816
25/07/2017,255.1,255.5,250.55,252.25,1106582
24/07/2017,257.9,260.5,245.5,254.7,2495765
21/07/2017,254.3,259.4,252.05,256.65,1470883
20/07/2017,253.95,254.5,250.6,253.7,434334
19/07/2017,250.5,254.8,250.5,252.95,1124830
18/07/2017,248.45,255.5,248,250.75,1673973
17/07/2017,250,251.9,249,249.9,556448
14/07/2017,252.25,253.95,249.5,250.55,1054273
13/07/2017,248.55,255.4,247.25,251.7,891916
12/07/2017,252.8,255.35,249.1,251.9,738439
11/07/2017,250,254.5,247.1,252.6,1107207
10/07/2017,249,252.25,246.2,248.8,59240
07/07/2017,251.3,251.4,245.2,249.7,767134
06/07/2017,251,254.4,249.25,251.3,961525
05/07/2017,252.5,254.25,248,250.9,1537022
04/07/2017,255,255,247.98,251.4,1448834
03/07/2017,245.95,253.2,245.4,251.85,1822894
30/06/2017,245,246.33,241,244.83,1424272
29/06/2017,240.68,253,240.53,248.3,3452368
28/06/2017,246.23,246.95,225.68,240.95,5032312
27/06/2017,253,253.7,245,246.23,2501712
23/06/2017,254.25,255.48,250.25,252.4,3013630
22/06/2017,262.5,266.35,248.88,254.5,2038008
21/06/2017,255.53,262.95,255.5,261.7,3933732
20/06/2017,250.7,257.13,250.53,255.53,1721774
19/06/2017,252.28,253.43,247.53,250.68,722494
16/06/2017,255.25,258.23,249.65,251.15,2265106
15/06/2017,258,259.95,252.7,253.83,714436
14/06/2017,258.8,259.55,255.65,257.65,900086
13/06/2017,264.95,265.5,255.63,258.08,1392552
12/06/2017,272.75,273.98,262.75,264.08,2383956
09/06/2017,264.1,270,262.5,265.03,1586912
08/06/2017,264.5,268.75,262,265.4,1098392
07/06/2017,265,268.95,262.13,264.1,2278622
06/06/2017,275,277.1,260.45,263.35,4951522
05/06/2017,260,286.25,259.68,275.5,12959828
02/06/2017,249.25,254.48,248.03,251.75,901388
01/06/2017,250.5,252.18,247.23,248.6,855930
31/05/2017,247.78,255,242.85,249.95,2052048
30/05/2017,257,258.23,242.03,247.78,3069912
29/05/2017,226,281.78,225.75,256.45,14957966
26/05/2017,227.25,230,222.95,225.43,841536
25/05/2017,212.58,229.3,208,226.3,4476642
24/05/2017,221.68,223.5,211,214.4,620880
23/05/2017,226.5,227.85,216.45,221.68,642234
22/05/2017,227.5,230.58,225.03,226.45,358286
19/05/2017,223.78,227.4,220.4,225.2,461116
18/05/2017,225.5,229.95,221.5,223.03,498464
17/05/2017,229.9,233.08,226.6,229.45,784192
16/05/2017,223.73,230.55,221.75,229.9,988782
15/05/2017,225.18,226.35,219.25,224.5,692780
12/05/2017,221.85,227.78,217.13,225.2,1262294
11/05/2017,224.65,226.35,216.23,222.1,438870
10/05/2017,222.55,227,222.55,224.63,356510
09/05/2017,224,229.7,222.83,224.58,1414598
08/05/2017,216.03,223.68,215.55,223.15,1982694
05/05/2017,213.5,218.35,210.9,215.53,1072926
04/05/2017,215,215.18,211.13,213.85,449492
03/05/2017,212.5,215.2,208.6,213.1,1050916
02/05/2017,211.5,213.5,209.3,212.53,317292
28/04/2017,213.03,215.58,210.55,211.23,667370
27/04/2017,218.18,218.18,210.25,211.7,799158
26/04/2017,212.88,219.5,212.75,216.53,1851076
25/04/2017,212,215.98,211.08,212.13,853846
24/04/2017,211.45,213.3,209.3,209.78,549964
21/04/2017,212.98,212.98,208.63,210.73,676028
20/04/2017,210.45,211.88,208.5,209.85,1169902
19/04/2017,207.15,212.2,206.6,209.88,899374
18/04/2017,207.55,210.78,205.93,207.13,641480
17/04/2017,208,218,206,209.95,1241150
13/04/2017,211.95,211.95,206.63,208.03,560846
12/04/2017,212.88,215.5,209.23,211.05,966280
11/04/2017,214.48,215.65,211.15,212.68,627388
10/04/2017,214.5,216.43,210.53,214.63,464768
07/04/2017,216.75,220.58,212.35,213.43,665534
06/04/2017,218.55,222.5,216.13,217.1,775434
05/04/2017,209.98,221.38,209.98,219.03,1756914
03/04/2017,209.83,210.95,208.15,210.45,360334
31/03/2017,209.9,211.5,208.2,209,453402
30/03/2017,211.45,211.75,207.15,208.15,1265386
29/03/2017,210.5,213.18,206.75,210.9,1620420
28/03/2017,207.23,211.95,206.4,209.48,1165660
27/03/2017,206.93,208,203.25,205.88,767320
24/03/2017,204.9,208.63,201.5,204.9,1208624
23/03/2017,208.7,211.93,201.1,202.4,1703062
22/03/2017,212.55,222.43,206.68,208.45,1799916
21/03/2017,217,219.98,213.7,215.65,841120
20/03/2017,206.43,221.45,206.43,219.75,3073396
17/03/2017,209.5,209.88,204.5,208.23,1022236
16/03/2017,194.05,210.35,193.63,208.88,3830554
15/03/2017,193.13,195.23,192.5,193.43,428216
14/03/2017,191.3,194.48,189.38,192.5,523102
10/03/2017,189.23,189.98,188.28,188.83,258024
09/03/2017,187.33,190.25,187.33,188.53,308012
08/03/2017,189,191.25,187.25,188.33,503730
07/03/2017,188.48,190.4,187.18,189.15,347046
06/03/2017,188.45,191,187.25,188.08,541276
03/03/2017,186.4,189.2,185.05,187.88,489212
02/03/2017,186.9,189.9,186.65,187.4,839890
01/03/2017,188,188.73,185.58,186.83,840412
28/02/2017,189.5,192.88,186.95,187.45,1108020
27/02/2017,187.5,192,187.25,190.15,588232
23/02/2017,188,192,187.3,188.5,2449370
22/02/2017,194.45,195.48,187.1,188.13,1084600
21/02/2017,191.9,197.5,189.55,194.28,1608742
20/02/2017,189.95,193.05,188.5,191.18,891106
17/02/2017,188,192.5,185.83,190.03,3047574
16/02/2017,186,188.5,184.53,187.15,809516
15/02/2017,189,189,176.95,185.33,2246176
14/02/2017,194.45,195.9,190.75,192.35,694238
13/02/2017,200.08,201.75,192.55,194.03,579582
10/02/2017,201.05,203,197.68,199.4,958316
09/02/2017,195.45,199.95,195.25,199,1212114
08/02/2017,189.78,197.35,189.78,193.53,1328784
07/02/2017,193,193.45,188.25,188.63,330192
06/02/2017,187.9,194.13,187.5,191.78,991178
03/02/2017,188.4,189.45,186.78,187.2,316220
02/02/2017,187.5,190.5,186.08,187.5,645490
01/02/2017,190,193.9,184,186.63,780608
31/01/2017,193.75,194,189.35,190.13,435204
30/01/2017,193.9,196.48,193.5,194.18,278676
27/01/2017,193.5,196.8,192.93,194.28,441722
25/01/2017,198.25,199,192.58,194.45,697640
24/01/2017,197.5,202.5,197.25,198.3,3206756
23/01/2017,187.35,194.15,183.63,193.15,1593134
20/01/2017,189.4,195.45,185.55,186.9,1024844
19/01/2017,189.75,191.5,188.28,190.13,429292
18/01/2017,196.7,197.05,189.33,190.58,684704
17/01/2017,200,202.2,193.7,195.88,503696
16/01/2017,197.1,201.8,195.9,199.2,530514
13/01/2017,200.48,201.2,195.83,197.05,392064
12/01/2017,202.5,204.2,199,199.75,566692
11/01/2017,204.1,205.5,201.75,202.8,592084
10/01/2017,204.6,207.4,202.63,203.58,3334816
09/01/2017,204.55,207.38,202.6,204.33,439776
06/01/2017,208,212.1,204.9,205.78,1299422
05/01/2017,197.45,207.48,197.45,205.9,1950314
04/01/2017,196.45,198.23,194.53,196.73,620676
03/01/2017,196.48,200,194.35,195.95,1036640
02/01/2017,197.53,199.5,194.15,195.25,471620
30/12/2016,197.5,203.5,195.1,198,878734
29/12/2016,194.48,199.95,193.25,198,858880
28/12/2016,196.55,200.73,193.05,195.28,1046980
27/12/2016,194.75,199.98,192.7,198.05,2616322
26/12/2016,192.5,200,189,195.28,1308412
23/12/2016,191.23,199,187.5,195.55,1160440
22/12/2016,189,198.5,186.05,193.58,1563912
21/12/2016,178.38,195.8,176.6,190.8,1622238
20/12/2016,183.4,183.65,176.33,178,404112
19/12/2016,187.7,187.7,181.98,183.15,2532816
16/12/2016,182.9,194.38,179.9,189.1,1051426
15/12/2016,177.9,185.93,176.13,184.45,895158
14/12/2016,180.4,180.4,178.13,179.08,442378
13/12/2016,180.53,181.45,177.03,180.63,309894
12/12/2016,176.5,182.3,175.25,180.53,369754
09/12/2016,180.3,181.73,176.15,177.25,526280
08/12/2016,177.9,184,177.9,180.05,475734
07/12/2016,179.88,181.85,176.75,177.68,485280
06/12/2016,181,183.4,179.63,180.25,964866
05/12/2016,183.38,184.95,180.5,181.78,710324
02/12/2016,183.95,186,181.23,184.93,1258520
01/12/2016,183.95,189.23,171.6,184.43,3895116
30/11/2016,181.9,185.25,179.63,184.25,727652
29/11/2016,180.48,182.95,178.5,181.78,1421660
28/11/2016,176.75,183.13,174.98,180.63,666974
25/11/2016,185,185.28,175.83,178.15,1251300
24/11/2016,180,190.33,175.85,186.95,3688092
23/11/2016,181,185.85,179.65,183.25,1744726
22/11/2016,174.8,187.5,172,180.9,2846648
21/11/2016,174.5,176.9,169.98,174.9,1536020
18/11/2016,178.5,180,165.1,174.58,3517224
17/11/2016,163,186.85,158.33,178.78,3782424
16/11/2016,181.15,184.88,158.03,163.38,3457546
15/11/2016,213,213,143.98,177.48,4221250
11/11/2016,215.5,216.4,204.08,205.68,801364
10/11/2016,222.5,236.48,220,222.53,850384
09/11/2016,217.5,223.95,199.38,218.33,1062474
08/11/2016,242,246.95,239.08,240.13,428716
07/11/2016,238.4,243.4,237.9,240.98,287216
04/11/2016,241.5,244.55,231.6,237.3,427776
03/11/2016,245,247.98,239.48,241.95,517110
02/11/2016,246.23,246.23,239.45,241.35,328688
01/11/2016,255.48,255.48,247.5,248.85,338172
30/10/2016,256.25,258.28,254.8,255.55,72646
28/10/2016,254.2,259.95,253.95,255.95,544814
27/10/2016,255.9,258.95,251.1,254.33,601240
26/10/2016,255.5,259,253.38,255.55,599646
25/10/2016,254.4,256.25,252.05,254.48,317764
24/10/2016,255.1,258.43,251.6,254.33,626164
21/10/2016,254.95,256.93,252.5,254.8,323890
20/10/2016,252.5,257.4,251.25,254.63,724938
19/10/2016,251,255.5,249.93,251.85,741910
18/10/2016,246.78,251.95,246.03,249.95,498436
17/10/2016,250,251.8,243.83,244.98,487490
14/10/2016,250.93,252.43,237.9,248.75,725112
13/10/2016,260.93,261.28,245.08,248.68,1423308
10/10/2016,242.9,261.05,242.68,259.95,2397546
07/10/2016,244.35,247.45,239.53,242.55,322812
06/10/2016,246.23,247.45,241.5,243.05,316692
05/10/2016,250,250.4,244.28,245.85,485064
04/10/2016,246.83,252.5,244.73,247.48,446042
03/10/2016,242.9,249.5,242.9,246.4,402714
30/09/2016,235.75,244.5,233.68,242.55,400642
29/09/2016,252.4,255.25,232,234.68,801558
28/09/2016,249,253.18,247.5,250.05,268526
27/09/2016,250.4,254.35,246.28,248.03,484096
26/09/2016,251.6,255.95,247.75,248.9,461896
23/09/2016,252.3,258.48,250.25,252.2,747140
22/09/2016,251.75,254.98,249,252.15,680728
21/09/2016,243,254.75,240.18,248.88,1356248
20/09/2016,245,245.8,238.5,241.85,299448
19/09/2016,246.38,248.4,241.53,244.08,530856
16/09/2016,248.9,257,241.65,246.38,2641466
15/09/2016,260.5,265.5,245.05,246.75,2201004
14/09/2016,244,263.58,241.15,257.28,1195410
12/09/2016,237.1,248.7,237.1,240.58,798358
09/09/2016,241.9,247.3,239.85,243.6,462716
08/09/2016,239.95,247.05,237.5,245.4,662494
07/09/2016,241.7,243.5,237.7,240.08,469962
06/09/2016,236,242.43,230.15,240.5,518318
02/09/2016,235,238.58,233.5,236.13,1301608
01/09/2016,220.35,234.4,218.3,231.58,1455406
31/08/2016,220.5,222,218.53,220.35,215098
30/08/2016,215.75,223,215.75,218.95,323772
29/08/2016,215.45,220,211.25,217.83,247874
26/08/2016,211.25,216.18,210.5,215.3,243870
25/08/2016,216.55,219.45,209.6,211.3,858050
24/08/2016,217.6,219.03,215.43,217.33,118870
23/08/2016,218.13,219.33,214.9,217.38,197834
22/08/2016,219.03,222.5,217.33,218.15,359748
19/08/2016,216.95,221.5,215.03,218.75,810232
18/08/2016,214.83,218.95,213.65,214.38,314960
17/08/2016,208.73,215.98,208.73,214.5,263254
16/08/2016,209,213.38,201.65,211.3,298216
12/08/2016,215.45,217.65,211,212.28,185346
11/08/2016,209.75,216.2,209,214.83,290874
10/08/2016,212.75,214.78,205.63,209.15,225722
09/08/2016,211.93,218.18,211.53,212.13,392962
08/08/2016,211.58,214.9,210.23,211.93,241394
05/08/2016,205.28,212.5,204,211.13,377048
04/08/2016,208,209,200.78,204.73,666960
03/08/2016,213.2,213.45,200.5,201.9,490644
02/08/2016,212.5,218.8,209.68,212.68,324026
01/08/2016,214.18,216.85,209.5,210.2,242984
29/07/2016,213.75,216.85,210.3,214.15,282276
28/07/2016,215.73,218.13,208,211.45,699668
27/07/2016,209.98,224.68,207.28,215.73,1137834
26/07/2016,215,215,206.68,210.33,647204
25/07/2016,199.08,216.5,198.75,215.05,1110208
22/07/2016,195.33,200,192.5,198.83,347246
21/07/2016,194.5,197,193.5,195.05,431906
20/07/2016,189.53,196.5,189.25,195.13,298178
19/07/2016,191.05,196,189.4,194.4,454262
18/07/2016,191,193.65,189.08,191.85,270016
15/07/2016,188.7,194,188.7,191.13,314642
14/07/2016,187.95,192,187.55,190.48,573338
13/07/2016,190.95,191.75,184.85,185.55,232964
12/07/2016,190.45,190.45,182.75,188.35,294434
11/07/2016,189,190.08,187.33,188.23,294274
08/07/2016,197.8,197.8,185.58,186.58,425866
07/07/2016,200.7,203,193.7,194.58,288934
05/07/2016,199.63,203.5,198,200.43,329520
04/07/2016,198,202.1,198,199.38,327516
01/07/2016,194.75,198.5,193.65,196.53,676514
30/06/2016,186.08,194.18,186.08,192.75,788848
29/06/2016,186.83,188.4,185.23,185.83,168532
28/06/2016,186.1,189,185.45,186.25,273760
27/06/2016,185,189.98,185,186.28,245946
24/06/2016,184.98,196,182.5,185.75,676656
23/06/2016,186,188.78,185.23,187.18,128440
22/06/2016,187.1,188.25,185,186.65,325758
21/06/2016,188.4,189.48,184.7,187.3,168828
20/06/2016,189.1,194.05,186.28,188.55,483844
17/06/2016,187.98,191.5,186.63,190.73,460556
16/06/2016,186,188.23,183.13,187.68,277562
15/06/2016,188,189,185.05,187.33,345610
14/06/2016,182.9,188.75,182.2,186.8,165554
13/06/2016,185.9,185.9,182.33,183.38,151472
10/06/2016,184.43,185.4,181.93,184.68,325462
09/06/2016,182,184.63,178.75,182.2,175854
08/06/2016,179.95,182.25,176.8,181,186776
07/06/2016,176.25,181.48,176.25,179.58,212162
06/06/2016,176.55,178.98,175.35,177.65,134908
03/06/2016,176.8,179.18,175.05,176.25,303028
02/06/2016,176.55,178,174.08,176.43,663546
01/06/2016,183,183.2,179.25,179.9,817340
31/05/2016,184,189.9,179.08,182.05,2036110
30/05/2016,184,185,179.98,181,226504
27/05/2016,185.95,185.95,182.5,184.05,305590
26/05/2016,178.63,186.03,178.05,184.88,814420
25/05/2016,178.55,181.5,176.55,179.83,350046
24/05/2016,172.1,179.28,170.28,177.43,399326
23/05/2016,172.85,173.78,170.55,172.1,163382
20/05/2016,172.15,173.33,170.13,171.73,131640
19/05/2016,174.13,174.15,169.75,172.05,1555892
18/05/2016,173.43,174.98,171.9,173.08,151786
17/05/2016,174.25,175.78,172.4,173.08,194806
16/05/2016,172.75,173.75,171.13,173.18,176874
13/05/2016,171.18,172.9,170.55,171.38,223408
12/05/2016,170.5,172.75,169.45,170.18,1295364
11/05/2016,166.65,170.68,165.8,169.45,190246
10/05/2016,167.5,171.7,165.05,169.25,538078
09/05/2016,169.45,171.35,168.33,169.18,345968
06/05/2016,166.98,169.48,166.1,167.35,319532
05/05/2016,169.98,171.65,165.9,166.98,454222
04/05/2016,172.45,177.3,168,169.6,587244
03/05/2016,178.1,179.6,173.25,173.7,303350
02/05/2016,181,182.28,177.1,177.55,342552
29/04/2016,179.45,182.1,179,180.3,314580
28/04/2016,182.5,183.95,178.85,181.85,817458
27/04/2016,178.5,185.35,178.43,182.58,574396
26/04/2016,176.95,179.25,175,178.55,645272
25/04/2016,181,183.5,177,178.75,473086
22/04/2016,184.5,184.53,180.13,180.78,515426
21/04/2016,187.45,188.45,182.68,184.78,1771976
20/04/2016,178.5,183.75,178.15,181.03,1313356
18/04/2016,177,177.98,171.8,176.9,883882
13/04/2016,182.35,188,176.1,177.05,3508600
12/04/2016,174.9,188.45,174.9,180.38,2366896
11/04/2016,172.25,176.23,172.25,173.6,443916
08/04/2016,175.05,177.13,173,174.28,540090
07/04/2016,178,179.5,174.93,176.75,521544
06/04/2016,177.5,180.2,176.05,176.78,326384
05/04/2016,174.35,181.3,173.5,178.4,720764
04/04/2016,176.53,179.6,175,176.63,462000
01/04/2016,179.5,181.73,176,177.15,458204
31/03/2016,177.63,185,174.85,181.78,1538928
30/03/2016,176.5,181,174.4,180.03,1007172
29/03/2016,170.85,175.25,168,173.98,1018164
28/03/2016,172.5,176.8,168.25,172.13,1029930
23/03/2016,175,177,172.8,174.98,650316
22/03/2016,173.48,178.5,169.88,176.15,1221228
21/03/2016,176,177.6,170.5,172.98,1761788
18/03/2016,169.5,172.48,166.28,168.28,1064684
17/03/2016,175.95,176.5,170.48,171.28,814144
16/03/2016,180,180.45,167.78,175.13,1145172
15/03/2016,180.95,183.58,178.33,179.58,548220
14/03/2016,180,182.95,176.3,181.23,643716
11/03/2016,177.5,182.75,175.83,178.93,1089156
10/03/2016,183.85,185.25,176.85,178.08,1042532
09/03/2016,183.7,188.7,181.33,183.15,1690162
08/03/2016,175.5,197.98,172.5,191.58,2749306
04/03/2016,172.03,179,169.4,176.55,981342
03/03/2016,181.08,181.93,170.55,172.78,1813708
02/03/2016,167.45,185.9,164.85,182.6,2973174
01/03/2016,156.05,170.38,150.5,169.03,5644352
29/02/2016,157.55,168.45,147.9,160.4,5299302
26/02/2016,188.68,190.9,160.05,162.05,4260574
25/02/2016,190.48,191,184.5,186.38,171808
24/02/2016,192,192,184.45,187.2,142380
23/02/2016,199.5,200.75,190.95,192.65,257302
22/02/2016,203.48,206,198.98,199.63,186714
19/02/2016,197.1,204.2,196,202.3,190002
18/02/2016,193.05,201.5,192.5,197.73,113488
17/02/2016,194.5,196.25,185.75,192.63,115328
16/02/2016,196.45,200,190,194.35,81828
15/02/2016,188.68,201.55,188.68,196.2,98540
12/02/2016,195.25,199.9,180,188.68,1589808
11/02/2016,209.98,210,190,197.78,112666
10/02/2016,208.98,212.13,204.5,210.68,146982
09/02/2016,204,211,203.98,210.43,179434
08/02/2016,206,209,204.5,206.33,144442
05/02/2016,208.25,208.25,201.25,202.43,67906
04/02/2016,211.1,211.1,202.63,208.03,1056284
03/02/2016,208.45,214.7,206.55,208.13,191242
02/02/2016,209.08,211.25,207.1,208.45,95252
01/02/2016,209.35,212.5,206,211.43,173566
29/01/2016,213.03,216.95,203,207.43,549516
28/01/2016,197,210.5,196.05,209.38,388774
27/01/2016,194.95,198.5,190.48,196.93,173584
25/01/2016,184.48,197.4,184.03,192,270908
22/01/2016,179,184.25,178.55,181.28,174354
21/01/2016,180.08,184.4,174,177.9,225538
20/01/2016,180.5,183.1,173.25,180.08,91462
19/01/2016,176.13,186.35,174.28,182.18,91016
18/01/2016,182.53,185.5,170.75,177.65,116060
15/01/2016,190,192.48,182.55,185.68,98598
14/01/2016,190,194,186.5,190.38,92762
13/01/2016,193.98,195.48,184.5,191.55,103894
12/01/2016,191.03,195.5,190.05,191.4,75358
11/01/2016,192.53,198.5,190.08,192.35,98926
08/01/2016,197.38,198,192.5,194.15,78720
07/01/2016,195,199,192.5,194.45,106678
06/01/2016,203.98,203.98,195,196.7,156074
05/01/2016,198.1,202.5,196.13,201.48,138596
04/01/2016,197.33,199.95,194.55,197.9,118192
01/01/2016,196.8,202,191.5,196.35,166618
31/12/2015,200,203.95,191.85,195.13,436192
30/12/2015,204.2,206.9,199.53,201.4,252102
29/12/2015,205.25,206.98,200.83,204.85,295926
28/12/2015,209.48,209.48,203.28,205.2,220600
24/12/2015,208,210.3,205.05,207.93,487174
23/12/2015,208.25,209.45,205.53,208,440944
22/12/2015,204.5,208.95,204.5,207.8,261554
21/12/2015,201.25,215,201.25,207.25,262504
18/12/2015,202.35,204.45,200.5,201.03,226776
17/12/2015,210,210,204.68,205.75,494100
16/12/2015,197.5,204.9,197.5,202.85,566266
15/12/2015,193.75,199.85,193.53,195.28,461380
14/12/2015,191.5,199,191.25,196.13,196996
11/12/2015,196.85,199,193.05,195.33,523042
10/12/2015,189.53,196.5,188.65,195.4,869892
09/12/2015,186,193.5,185.6,189.2,2898634
08/12/2015,185,189,182.05,187.88,474800
07/12/2015,186.83,188.25,184,186.28,164744
04/12/2015,183.45,187.9,182.53,183.3,306854
03/12/2015,184,188.5,183.3,184.68,214420
02/12/2015,189.35,189.83,185,185.25,328946
01/12/2015,180.5,189.95,180.5,187.23,451736
30/11/2015,180.55,183.9,179.5,180.13,187284
27/11/2015,185.13,185.5,180.28,182.93,232130
26/11/2015,188.75,191.75,181.33,182.7,333318
24/11/2015,195,195.5,186.6,188,307330
23/11/2015,196.6,198,192.6,193.85,324832
20/11/2015,194,198,191.75,193.53,237226
19/11/2015,198.3,198.3,191,192.95,213620
18/11/2015,199,201.5,190.7,192.65,219976
17/11/2015,199.5,204.38,197.13,199.15,253582
16/11/2015,206.05,207.45,196.5,197.3,238754
13/11/2015,214,214,204.13,206.05,205342
11/11/2015,214.48,216,213.13,215,62920
10/11/2015,223.9,225.95,206.65,212.2,315246
09/11/2015,224.63,232,221.05,223.35,745098
06/11/2015,221.5,230.85,220.93,226.3,823122
05/11/2015,225,226.48,215.53,220.95,641590
04/11/2015,234.5,235.23,222.5,224.95,722608
03/11/2015,231.9,234.35,229.05,233.4,1098636
02/11/2015,223.48,230.8,219.83,228.63,986550
30/10/2015,217,224.9,216.6,223.18,936754
29/10/2015,204.5,217.5,204.5,215,928880
28/10/2015,190.73,207.75,190.73,205.03,1278830
27/10/2015,199,202.5,188.05,189.28,459350
26/10/2015,214,214.5,196.33,198.6,515442
23/10/2015,216.8,218,212,212.83,136312
21/10/2015,214.28,216,210.15,213.88,154574
20/10/2015,213,218,212.5,213.98,299394
19/10/2015,213.5,215,210,212.98,258296
16/10/2015,213.35,214.93,210,212.43,250862
15/10/2015,212.5,216.5,210,212.13,764372
14/10/2015,201.25,212.1,195,210.98,859510
13/10/2015,208,208,200,201.25,258422
12/10/2015,207.5,210.35,202.5,206.65,198998
09/10/2015,209.2,213.25,200,207.75,656014
08/10/2015,198,212.38,185.5,207.23,1537110
07/10/2015,194.83,198.9,193.6,196.98,511960
06/10/2015,178.8,193.1,177.3,192.28,1420974
05/10/2015,177,179.63,175.33,176.38,230758
01/10/2015,178.5,179.2,175.48,176.98,134212
30/09/2015,173.5,177.7,172,176.18,246234
29/09/2015,171.55,174.2,167.03,171.5,653972
28/09/2015,174,178,172.5,174.3,324338
24/09/2015,171,175.8,169,172.93,406046
23/09/2015,166.85,171.7,165.75,170.1,340226
22/09/2015,167.45,171.23,165.63,167.43,813876
21/09/2015,175.3,179.73,160.55,164.88,1047888
18/09/2015,196.25,196.53,173.8,177.78,785684
16/09/2015,196.5,198.4,193.5,195.05,237448
15/09/2015,195.4,196.38,189.2,193.95,190072
14/09/2015,196.95,197.8,192.5,194.53,205910
11/09/2015,199.98,201.5,192.08,193.93,181706
10/09/2015,196.93,201.5,195.88,199.83,264584
09/09/2015,199.5,204,196.5,200.03,708866
08/09/2015,196.75,198.83,193,195.33,281384
07/09/2015,194,199.6,194,195.6,257840
04/09/2015,198.5,200.9,191.83,194.1,219298
03/09/2015,197,201.5,196,199.33,198082
02/09/2015,205.45,207,193.83,195.65,491672
01/09/2015,198.35,204.7,192.5,202.15,634120
31/08/2015,190.6,202.45,187.53,199.58,871446
28/08/2015,182.38,194.93,182,192.08,1280546
27/08/2015,169.5,179.5,167.2,176.58,739344
26/08/2015,159,169.5,156.05,163.32,1404310
25/08/2015,180.45,183.4,151.5,155.93,1413686
24/08/2015,178.05,199.2,165,171.48,989582
21/08/2015,197.5,199.5,165.25,190.73,521780
20/08/2015,201.85,202.78,194.7,198.63,626508
19/08/2015,202.05,207.73,200.5,203.08,352752
18/08/2015,201.55,208.85,196.75,204.5,1380562
17/08/2015,180,203.9,180,201.53,2394322
14/08/2015,205,209.5,173.5,177.23,2804486
13/08/2015,222.5,222.5,191.5,198.93,2003198
12/08/2015,216.85,220.9,214.03,216.7,188074
11/08/2015,220.5,221.5,216.5,217.6,106802
10/08/2015,219,223.98,217,218.63,201486
07/08/2015,220,224.35,215,216.65,814646
06/08/2015,220,224.05,218,219.63,215072
05/08/2015,228.98,231.25,219,219.35,668504
04/08/2015,235.23,240,225.5,227.48,213900
03/08/2015,226.05,246.7,220.5,234.28,772108
31/07/2015,221,233.48,216.53,230.05,568236
30/07/2015,217.45,225,215.48,219.95,190370
29/07/2015,214.93,216.95,213.8,215.48,222198
28/07/2015,218.13,219.48,205.5,213.65,189792
27/07/2015,221.45,222.45,216.5,217.6,176086
24/07/2015,223.5,225,219.3,221.88,1100670
23/07/2015,221.8,226,221.03,224,649948
22/07/2015,215,221.43,212.53,219.7,188146
21/07/2015,223.35,227,213.08,214.63,582944
20/07/2015,215.5,224.7,214.53,221.8,683508
17/07/2015,213.5,218.75,213,215.05,255748
16/07/2015,214.3,217,211.45,213.73,183620
15/07/2015,214.5,217,210.75,212.38,146708
14/07/2015,211.45,216.7,209.55,213.95,294708
13/07/2015,210.05,212.15,206.28,210.3,165424
10/07/2015,206.98,211,205.03,209.58,304418
09/07/2015,205,208.43,200.25,202.6,202652
08/07/2015,201.53,207.98,201.2,203.73,310522
07/07/2015,208.6,212.43,205.6,209.38,830524
06/07/2015,204.5,209.5,197.58,207.4,310884
03/07/2015,209.1,212.4,205.08,207.83,849676
02/07/2015,197.4,209.5,193.6,206.38,1307056
01/07/2015,192,194.98,190.13,191.23,215476
30/06/2015,190.9,197,190.9,192.1,208702
29/06/2015,190.5,192.45,186.5,189.5,285192
26/06/2015,190.9,200.85,190.85,195.5,1020664
25/06/2015,186,193.18,185.6,189.55,325930
24/06/2015,184.9,188.35,184.03,185.45,112632
23/06/2015,190.03,190.95,182.55,183.93,192850
22/06/2015,190.58,193.15,188.7,189.68,261134
19/06/2015,195,195.95,186.93,189,700356
18/06/2015,186,198.95,186,195.25,1571668
17/06/2015,175.8,188.88,173.83,184.55,537218
16/06/2015,164.9,174.45,164.9,173.48,402810
15/06/2015,162.5,166.5,162,164.4,153540
12/06/2015,166,166.65,159.05,163.3,142066
11/06/2015,166.95,170.25,162.5,163.55,133774
10/06/2015,168.58,173.43,162.6,165.03,232968
09/06/2015,174.95,177.3,166.55,168.7,220126
08/06/2015,176.55,180.5,172.5,177.08,166750
05/06/2015,182,183.4,175.1,176.58,551994
04/06/2015,184.85,188.2,176.3,182.3,181904
03/06/2015,194.65,194.65,172.88,181.23,337516
02/06/2015,201,204,191.68,193.78,1692352
01/06/2015,189.5,201.15,186,198.35,557162
29/05/2015,186.55,189.95,182.53,188.03,288634
28/05/2015,181.63,186.18,181.6,185.28,121012
27/05/2015,181.38,184.4,179.05,183.1,159844
26/05/2015,184.83,187.95,179.88,182.68,163454
25/05/2015,182.6,187.45,182.6,186.35,108716
22/05/2015,188,188.1,183.75,186.3,276016
21/05/2015,182.5,187.7,181.2,186.7,563652
20/05/2015,179,184.5,177.5,183.63,392670
19/05/2015,171,179.48,171,177.45,330836
18/05/2015,165,171.5,165,170.85,473392
15/05/2015,168.15,170.25,163.18,164.95,832576
14/05/2015,166,166,159.88,162.85,495056
13/05/2015,160.3,164,160,161.6,155156
12/05/2015,164.5,165.2,160.55,162.57,249700
11/05/2015,159.53,164.68,158.5,163.2,308428
08/05/2015,169.03,172.48,159.55,161.3,595810
07/05/2015,165.03,175.83,165,167.35,256822
06/05/2015,179.4,180,170.5,171.78,228808
05/05/2015,176.05,181.8,173.5,180.83,237490
04/05/2015,171.13,178.8,168.1,177.58,193078
30/04/2015,165.55,173.43,165.35,171.13,143214
29/04/2015,162,170,160.73,168.03,284866
28/04/2015,165.5,168.68,158.32,161.5,305906
27/04/2015,173.43,175.88,152.82,169.4,248716
24/04/2015,179.9,181,170.7,173.53,242558
23/04/2015,178.25,182.9,175.6,179.6,392960
22/04/2015,178.33,184.4,176.4,177.9,442880
21/04/2015,179.98,183,175.78,179.03,393032
20/04/2015,177.5,178.18,174,176.7,285522
17/04/2015,175.55,176.5,172.53,174.68,215836
16/04/2015,172.3,176.75,170.5,174.2,293658
15/04/2015,179.5,181,166.8,173.1,491872
13/04/2015,180.2,181,176.03,179.38,257108
10/04/2015,176,179.95,176,178.58,382174
09/04/2015,175.75,177.23,171.5,175.68,947942
08/04/2015,165.33,180.35,164.73,174.8,787740
07/04/2015,165.85,169,163.75,167.93,314800
06/04/2015,160.45,166.83,159.75,165.65,291782
01/04/2015,158.5,164.23,157.2,160.57,480852
31/03/2015,157.53,162.45,157.53,158.8,370846
30/03/2015,156.73,161.25,155.28,156.73,246686
27/03/2015,161.5,161.98,151.13,156.73,465516
26/03/2015,166.5,166.5,159.1,160.55,248404
25/03/2015,171.5,173.35,165.83,167.4,247248
24/03/2015,169.93,175.4,169,171.88,608966
23/03/2015,168.5,172.35,165.05,169.18,548782
20/03/2015,170,172.45,164,167.9,1181540
19/03/2015,162.5,183.5,162.5,169.53,4056484
18/03/2015,155.13,165.25,155.13,160.98,1387806
17/03/2015,155.03,158.13,153.1,156.48,579322
16/03/2015,153.1,156.8,152.05,155.3,890080
13/03/2015,156.9,157.23,151,152.53,429140
12/03/2015,152.5,157.03,148.6,156.1,891300
11/03/2015,151.5,155.6,150.5,152.78,723538
10/03/2015,149,153.35,148.6,151.85,2550368
09/03/2015,138,150.75,134,148.3,3268560
05/03/2015,133.95,140.4,133.5,139.48,1454904
04/03/2015,133.55,136.28,131.05,132.73,361836
03/03/2015,134.45,134.45,131.03,132.32,296182
02/03/2015,127.5,135.35,127.5,134.38,963264
27/02/2015,130.05,137.48,130.05,136.35,1865484
26/02/2015,130.32,132.5,128.5,131.3,341272
25/02/2015,132.98,135.5,128.03,130.13,973044
24/02/2015,133,137.2,130.5,131.55,3507714
23/02/2015,128,135.6,108.83,128.2,20244940
20/02/2015,125.75,129.7,124.4,128.28,707452
19/02/2015,126.5,129,123.6,125.18,1128014
18/02/2015,118.6,124,117.55,121.83,512430
16/02/2015,118.33,119.9,116.55,117.5,182184
13/02/2015,120.4,121.28,113,117.4,362656
12/02/2015,122.4,123.33,119,119.38,353734
11/02/2015,118.95,121.75,118.95,120.9,242564
10/02/2015,119.5,123.03,117.5,118.55,355144
09/02/2015,123.63,126.85,119.75,120.5,711106
06/02/2015,138,139,120.05,122.5,4678134
05/02/2015,130.93,137,128.05,135.28,1096058
04/02/2015,134,134.57,129.43,130.93,291922
03/02/2015,139.2,140.7,133.6,134.68,266452
02/02/2015,135.9,141.75,135.35,138.1,840664
30/01/2015,127.88,137.4,127.38,135.32,851032
29/01/2015,129,131.38,125.05,127.25,836856
28/01/2015,126.5,131.35,126.5,130.03,402678
27/01/2015,131.5,132.25,125.68,126.65,283898
23/01/2015,130.1,132.3,127.58,131.35,375144
22/01/2015,129.38,132.25,127.55,130.25,875964
21/01/2015,119.4,131.82,119.4,129.07,3075108
20/01/2015,119.75,121.33,119.13,119.98,168500
19/01/2015,121.25,122.08,118.35,119.78,290270
16/01/2015,116,124.25,114.5,121,982116
15/01/2015,117.45,123.25,115.78,117.08,1206606
14/01/2015,111.28,113.2,110.5,111.93,504912
13/01/2015,105.5,111.2,104.9,110.33,621756
12/01/2015,105.23,107.38,105,105.68,159892
09/01/2015,109.7,109.7,102.7,104.23,190628
08/01/2015,107.5,111.83,106.5,107.35,429242
07/01/2015,104.25,114.3,104.25,107.43,578386
06/01/2015,106.1,106.1,102.58,105.05,362130
05/01/2015,107.75,108.43,105.7,106.35,139546
02/01/2015,107.75,108.9,107.18,107.75,195646
01/01/2015,109,109.5,106.55,107.75,220232
31/12/2014,105.65,109.35,104.68,108.13,237832
30/12/2014,106.63,107.2,104.25,105.98,233254
29/12/2014,106.23,107.75,105.05,105.63,248670
26/12/2014,104.98,107.5,103.5,105.35,542922
24/12/2014,102.68,106.6,102.68,104.98,600192
23/12/2014,101.45,105,101.4,102.68,877350
22/12/2014,98.5,102,98,100.73,896052
19/12/2014,102.5,104.7,91.28,97.65,1141294
18/12/2014,88.65,102.85,88.65,99.98,3178726
17/12/2014,91.85,91.85,82.6,86.2,3058074
16/12/2014,102.3,102.3,91.5,92.8,1130226
15/12/2014,106.65,106.65,95.55,103.35,434308
12/12/2014,115,118.25,106.05,107.73,325736
11/12/2014,117.5,118.85,115.3,116.1,194730
10/12/2014,112.55,118.33,112.03,117.4,386896
09/12/2014,116,116.75,113.7,114.48,171046
08/12/2014,118.53,119.88,115.78,116.98,296832
05/12/2014,121.05,122.13,119,119.58,254794
04/12/2014,124.55,126.28,121.1,121.65,414306
03/12/2014,121.4,128,120.68,125.65,1199626
02/12/2014,123.13,123.45,118.7,120.7,918880
01/12/2014,134.95,138.38,121.63,123.55,5637256
28/11/2014,120.9,122.28,119.83,120.58,200134
27/11/2014,122,122.85,118.75,119.8,283966
26/11/2014,121.65,125.2,121.2,121.58,251512
25/11/2014,118.78,124.95,115.6,121.4,936992
24/11/2014,120,120.03,117.1,118.78,171640
21/11/2014,122.5,123.55,118.98,119.55,191972
20/11/2014,124.35,125.85,120.85,122.4,396332
19/11/2014,122.23,124.48,121.5,123.6,361016
18/11/2014,126.05,126.45,121,122.23,509006
17/11/2014,126,128.25,123.65,126.05,732534
14/11/2014,121.58,127.5,121.15,125.68,682710
13/11/2014,117.53,123.45,116.5,122.18,597040
12/11/2014,123.75,126,120.18,121.9,964872
11/11/2014,121.75,126.23,120.25,123.33,1111038
10/11/2014,117.9,123.9,117.9,121.9,985714
07/11/2014,119.33,119.85,115.83,117.93,522602
05/11/2014,118.5,123.25,116.5,118.25,836188
03/11/2014,120.28,121.5,116,118.1,471150
31/10/2014,124.13,124.85,120.05,120.9,695352
30/10/2014,125,127.5,121.88,123.7,1146958
29/10/2014,122.65,127.45,121.6,125.28,1909228
28/10/2014,120,126.8,117.65,121.63,2990670
27/10/2014,106.45,122.68,106,120.73,5480780
23/10/2014,106.85,107.8,104.93,105.98,408830
22/10/2014,99.95,107.5,99.95,106.1,2694106
21/10/2014,100.95,102,98.18,99.15,640888
20/10/2014,102.23,104.95,99.15,99.93,1294974
17/10/2014,102.45,103.9,99.5,100.45,516788
16/10/2014,106.23,106.23,99.5,101.28,1041378
14/10/2014,103.13,109.18,103.13,106.28,2130796
13/10/2014,107.75,107.75,103.05,104.48,494862
10/10/2014,111,111.33,107.05,107.78,447250
09/10/2014,112.63,114.45,110.5,111.83,426244
08/10/2014,115.3,117.48,111.1,113.55,544324
07/10/2014,116.85,118.55,115.05,116.45,515966
01/10/2014,118.23,119.6,114.75,115.78,719688
30/09/2014,114.05,119.68,114,117.25,1605014
29/09/2014,110.48,115.9,109.2,113.1,1210090
26/09/2014,113,113.35,105.55,110.5,1586376
25/09/2014,106.23,113.45,105.53,112.25,3282914
24/09/2014,128,130.63,102.55,104.63,4243340
23/09/2014,131.4,139,122.25,126.83,7173474
22/09/2014,109.2,130.2,107.75,129.33,7602900
19/09/2014,103.3,109.95,101.5,108.5,1099480
18/09/2014,98.15,103.5,97,102.6,456492
17/09/2014,100.85,103.73,97.5,99.13,388630
16/09/2014,104.35,108.5,99.13,101.25,1373516
15/09/2014,94.98,104.7,94.98,103.85,1800044
12/09/2014,96.2,97.05,93.25,95.58,623462
11/09/2014,89.33,96.88,89.33,95.45,903732
10/09/2014,89.65,91.45,88.5,90.23,459640
09/09/2014,92.85,92.85,89.4,90.55,490222
08/09/2014,88.38,92.7,88.38,92.18,1254320
05/09/2014,91.1,91.95,86.15,88.1,1248674
04/09/2014,91.75,93.35,87.5,90.9,1361274
03/09/2014,95.13,99.38,93.3,94.68,2020800
02/09/2014,91.3,98,91.3,95.8,2662118
01/09/2014,91.98,94,86.1,92.7,1665472
28/08/2014,81.33,91.95,81.33,90.58,3374412
27/08/2014,80.43,83.05,80.43,82.68,618358
26/08/2014,79,81.5,75.98,80.8,690072
25/08/2014,77,82,75.4,79.6,1042288
22/08/2014,78.4,80.63,76.8,77.98,2199920
21/08/2014,70.15,77.73,70.15,76.9,1818578
20/08/2014,71,71.45,70,71.15,698020
19/08/2014,72,72.28,69.2,70.35,811166
18/08/2014,65.35,72.25,62.2,71.45,1498682
14/08/2014,64.28,65.88,62.2,63.68,468494
13/08/2014,66.5,67.9,64,64.83,382022
12/08/2014,68.65,69.9,64.18,66.73,899718
11/08/2014,72,72.1,68.25,69.33,2914602
08/08/2014,72,74.7,69.8,73.78,1281874
07/08/2014,71.45,73.25,70.5,72.35,1474194
06/08/2014,68.85,71.15,68.05,70.15,878976
05/08/2014,66.5,70.4,64.03,69.53,1006208
04/08/2014,64.7,76.83,64,66.25,678240
01/08/2014,63.63,66.85,62.5,64.03,588332
31/07/2014,61.95,65.5,60.5,64.23,1055446
30/07/2014,61.5,62.45,60.6,61.95,377236
28/07/2014,61.38,61.88,59.93,61.3,357024
25/07/2014,60.18,61.38,60,60.8,391160
24/07/2014,60.1,61.68,59.25,61.38,681932
23/07/2014,60.35,61.15,59.6,60.5,1153150
22/07/2014,60.15,61.25,58.68,59.75,528604
21/07/2014,59.73,61.9,59.73,60.78,696766
18/07/2014,60,61.28,58.83,59.73,632962
17/07/2014,58.78,61.4,58.75,59.8,915990
16/07/2014,59.35,59.5,57.13,58.6,563082
15/07/2014,56.53,59.75,55.5,59.1,1200352
14/07/2014,58.73,58.73,54.83,56.4,824856
11/07/2014,61.18,62.15,58,58.58,703358
10/07/2014,65.5,67.25,60.5,61.18,2698410
09/07/2014,63.7,66.75,63,64.83,1463204
08/07/2014,69.35,70.3,62.65,63.45,1966990
07/07/2014,71.9,74.6,66.3,67.23,4522648
04/07/2014,67.23,75.35,66.25,71.3,6406470
03/07/2014,64.05,69.63,64,67.5,2281092
02/07/2014,62.33,64,62.33,63.28,1097978
01/07/2014,61.23,63.4,59.8,62.43,914960
30/06/2014,60.45,61.75,60.05,61.23,773680
27/06/2014,58.15,60.5,57.63,59.95,1234728
26/06/2014,57.48,58.25,56.85,57.58,792172
25/06/2014,56.85,57.5,56.28,56.93,363106
24/06/2014,55.88,57.75,55.75,56.58,767324
23/06/2014,56,57.33,55.55,55.88,972592
20/06/2014,54.08,57.1,52.95,54.5,1545040
19/06/2014,56.9,56.9,54.5,54.75,635390
18/06/2014,57.53,58.5,55.65,56.05,262528
17/06/2014,57.28,58.83,56.5,57.65,256576
16/06/2014,56.05,57.68,52.98,56.9,509492
13/06/2014,59.63,60.88,55,56.08,602852
12/06/2014,60.75,61.4,58.78,59.33,411308
11/06/2014,63,63.68,59,60.63,2675072
10/06/2014,57.78,63.75,56.55,62.73,3998610
09/06/2014,56.55,58.8,56.3,58.33,883146
06/06/2014,58,58.25,55.8,56.55,914182
05/06/2014,56.53,57.8,56.25,57.18,506944
04/06/2014,56.6,57.68,56.25,56.6,462164
03/06/2014,55.75,58.45,55.75,57.18,813850
02/06/2014,57.2,57.2,54,55.65,548908
30/05/2014,60,60.23,53.53,55.4,1131644
29/05/2014,58.28,59.95,58.08,59.35,767934
28/05/2014,59.95,61.38,57.65,58.18,837068
27/05/2014,60.45,61.43,57.73,59.73,928808
26/05/2014,62.5,63.35,56.15,59.3,1858816
23/05/2014,63,63.95,60.15,61.58,3805454
22/05/2014,59.5,62.05,59,61.68,7709494
21/05/2014,51.33,53.48,50,51.73,2120016
20/05/2014,48.03,52.43,48.03,50.83,3333272
19/05/2014,47.2,48.38,46.8,47.93,1161178
16/05/2014,46.65,48.4,46.18,46.43,330174
15/05/2014,47.2,47.98,46.53,46.85,243610
14/05/2014,48.73,48.73,47.25,47.4,365824
13/05/2014,47.48,49.15,47.25,48.4,684956
12/05/2014,47.13,47.5,46.65,47.28,165568
09/05/2014,47,47.75,46.65,46.9,181522
08/05/2014,48,48.38,47.05,47.48,757812
07/05/2014,46.5,48.28,46.4,47.48,1456988
06/05/2014,46.1,46.5,45.65,46.08,208380
05/05/2014,46.25,47.33,45.7,45.88,152460
02/05/2014,47,48,46.05,46.28,381514
30/04/2014,47.28,47.95,45.23,45.7,284846
29/04/2014,47.7,48.43,47.15,47.45,281980
28/04/2014,47.53,47.98,47.33,47.75,261082
25/04/2014,47.28,48.4,47.28,47.73,522148
23/04/2014,47.5,48.25,47.15,47.43,492756
22/04/2014,47.65,47.95,47.05,47.15,346616
21/04/2014,48.28,48.95,47.2,47.4,1058296
17/04/2014,47,48.85,47,48.05,725118
16/04/2014,48.6,49.6,47,47.23,1047390
15/04/2014,47.83,48.88,47,48.45,1013794
11/04/2014,47.5,48.75,47.05,47.33,401632
10/04/2014,48.03,49.38,47.63,47.93,471502
09/04/2014,47.73,48.73,47.08,48.28,520706
07/04/2014,47.95,48.38,47.25,47.43,143024
04/04/2014,48,48.7,47.6,47.95,492380
03/04/2014,48.83,49.5,47.55,47.93,432460
02/04/2014,49,49.13,48.33,48.58,190552
01/04/2014,49.23,49.6,47.65,48.35,1537362
31/03/2014,48.63,49.5,48.08,48.45,271278
28/03/2014,48.78,48.85,47.6,48.08,233016
27/03/2014,48.5,49.7,48.18,48.6,604354
26/03/2014,49.75,49.95,47.23,48.93,246666
25/03/2014,49.98,49.98,49,49.53,177962
24/03/2014,51.3,51.3,49.2,49.63,335170
21/03/2014,48.2,49.45,48.2,49.08,472646
20/03/2014,50,50.3,47.75,48.4,186522
19/03/2014,51.4,51.55,48.88,49.78,556182
18/03/2014,46.83,51.5,46.83,50.53,382664
14/03/2014,47.7,48.25,46.75,47.35,257088
13/03/2014,49.03,49.98,47.88,48.1,224294
12/03/2014,49.5,51.75,49.03,49.43,378868
11/03/2014,51.3,51.3,49.05,49.23,259404
10/03/2014,50.9,52.48,50.15,50.48,304392
07/03/2014,53.95,53.95,50.55,51.83,735516
06/03/2014,51.5,54.7,50.63,53.98,811520
05/03/2014,55.75,55.75,52,52.28,778782
04/03/2014,55,56.75,54.95,55.8,1383462
03/03/2014,51.98,54.98,50.98,54.05,832136
28/02/2014,52,52.65,50.53,52.08,675744
26/02/2014,51.7,51.98,49.98,51.73,1020588
25/02/2014,49.5,51.35,47.75,50.6,858920
24/02/2014,50.4,50.95,48.6,49.4,1099218
21/02/2014,49.73,52,48.58,49.78,1210260
20/02/2014,47.3,49,47.3,48.28,1019050
19/02/2014,46.5,47.5,45.13,47,1121760
18/02/2014,44.25,46.93,42.55,45.75,920812
17/02/2014,45.7,47,41.63,43.93,2324578
14/02/2014,43,46,42.25,45.18,2179844
13/02/2014,42,44.38,41.3,43.13,1096612
12/02/2014,40.28,42.1,40.28,41.48,487624
11/02/2014,39.45,41.05,39.35,40.53,815902
10/02/2014,39.48,40.28,38.68,39.2,698792
07/02/2014,39.08,39.18,37.83,38.13,337410
06/02/2014,39,39.45,38.3,38.8,1383652
05/02/2014,37,38.2,36.55,37.83,519474
04/02/2014,36,37.25,36,37.08,212484
03/02/2014,37.2,37.2,36.4,36.55,208824
31/01/2014,37.03,37.25,36.6,36.93,313858
30/01/2014,37,37.03,36,36.23,246026
29/01/2014,37.23,37.9,36.68,37.53,789182
28/01/2014,36.55,37.4,36,36.53,290094
27/01/2014,37.85,37.85,36.38,36.65,531592
24/01/2014,40,40,38.25,38.4,785650
23/01/2014,38.7,40.6,38.33,40.15,2793516
22/01/2014,39,39.03,38.4,38.6,245334
21/01/2014,38.73,39.23,38.58,38.78,271754
20/01/2014,38.13,39,38.13,38.63,453866
17/01/2014,40.7,41.13,37.93,38.3,1872728
16/01/2014,39.18,39.9,38.7,38.85,664140
15/01/2014,39,40.18,39,39.55,799256
14/01/2014,39.68,40.6,39.05,39.18,321370
13/01/2014,41.38,41.38,40,40.13,310716
10/01/2014,41.83,42.28,40.25,40.53,470198
09/01/2014,42.1,42.78,41.55,41.7,575252
08/01/2014,42.35,42.9,41.7,41.78,411310
07/01/2014,42.98,43.38,41.7,41.9,606154
06/01/2014,43.33,43.63,42.05,42.23,284936
03/01/2014,42.7,44.08,42.65,43.35,344628
02/01/2014,43.4,45,42.55,42.83,689532
01/01/2014,42.55,43.68,42.55,43.08,197820
31/12/2013,43.05,43.75,42.7,42.78,398746
30/12/2013,44.85,44.98,43.03,43.18,454566
27/12/2013,44.1,44.98,43.75,44.13,420794
26/12/2013,43.05,44.95,42.75,43.88,928614
24/12/2013,41.83,43.83,41.05,42.75,1945902
23/12/2013,41.73,42.5,41.3,41.48,378664
20/12/2013,41.5,42.5,41.5,41.73,258050
19/12/2013,42.68,42.8,41.75,41.88,91754
18/12/2013,41.63,43.5,41.63,42.58,582152
17/12/2013,42.28,43.38,41.8,42,308992
16/12/2013,42.25,43.5,42.25,42.7,106508
13/12/2013,43.05,43.33,42.08,42.18,175900
12/12/2013,43.4,43.85,43.13,43.33,103616
11/12/2013,43.55,44.38,43.35,43.55,198600
10/12/2013,44.1,44.48,43.75,43.83,100362
09/12/2013,44.5,45,44.13,44.3,157768
06/12/2013,44,45.1,44,44.4,235818
05/12/2013,44.7,45.3,44,44.48,183484
04/12/2013,44.75,45.23,44.03,44.23,162840
03/12/2013,44.75,45.75,44.75,44.98,249736
02/12/2013,44.55,45.78,43.88,45.1,369524
29/11/2013,44.8,45.5,43.88,45.05,287800
28/11/2013,43.28,45,43.28,44.73,308182
27/11/2013,44.05,44.75,43.2,43.4,289058
26/11/2013,44,45.9,43.55,44.48,636050
25/11/2013,43.55,44.5,42.88,43.9,291280
22/11/2013,45.75,45.75,43.28,43.5,1196780
21/11/2013,44.55,46.25,44.1,45.05,1416724
20/11/2013,44.45,45.38,44.13,44.53,175272
19/11/2013,45.5,45.5,44.2,44.4,196206
18/11/2013,45.53,46.4,45.13,45.25,193356
14/11/2013,44.95,46,44.45,45.08,222950
13/11/2013,46.5,46.5,44.13,44.4,264696
12/11/2013,48.48,48.95,46.33,46.55,431240
11/11/2013,48.53,49.05,47.83,47.98,192722
08/11/2013,49.88,50.5,48.1,48.43,550094
07/11/2013,49,50.25,48.55,48.9,331060
06/11/2013,49.5,50.4,49.15,49.35,339432
05/11/2013,50.1,50.5,48.8,49.48,470170
01/11/2013,52.98,53.5,50.03,51.05,1312070
31/10/2013,51,52.9,51,52.13,1433648
30/10/2013,49.75,50.6,48.68,50.13,581812
29/10/2013,49.25,50.95,49.1,49.45,1500012
28/10/2013,48.83,49.73,48.15,48.53,478080
25/10/2013,47.85,49.7,47.85,48.1,290542
24/10/2013,48.4,51.1,48.25,48.85,1464856
23/10/2013,46.95,48.13,46.85,47.68,663838
22/10/2013,47.1,47.75,46.55,46.7,300268
21/10/2013,47.55,48.25,46.73,47.1,683842
18/10/2013,48.38,48.38,46.9,47.18,629282
17/10/2013,48.45,49.23,46.25,48.05,564754
15/10/2013,48.5,49.45,47.5,47.7,797596
14/10/2013,46.68,47.95,46.6,47.48,299246
11/10/2013,46.25,47.85,46.25,46.45,466906
10/10/2013,46.5,47.25,45.88,46.15,166968
09/10/2013,46.83,47.1,45.65,46.3,299764
08/10/2013,49.35,49.35,46.5,46.78,619782
07/10/2013,47.4,48.18,46.33,46.53,628814
04/10/2013,45.25,48.95,45.25,46.8,1588770
03/10/2013,46.3,46.3,44.9,45.2,280704
01/10/2013,47.9,47.9,44.3,44.9,326644
30/09/2013,49.35,50.5,46.3,46.93,322114
27/09/2013,51.58,51.95,48.9,49.45,283976
26/09/2013,53,53,51,51.5,325768
25/09/2013,50.95,52.9,50.1,51.33,423880
24/09/2013,51.33,52.25,48.8,51.13,917008
23/09/2013,48.7,54.5,48.7,51.33,1274326
20/09/2013,45.63,50,45.28,48.9,1377394
19/09/2013,46.45,46.45,44.25,45.55,607504
18/09/2013,45,48.5,44.15,45.38,1084884
17/09/2013,43.9,43.95,43.05,43.4,134342
16/09/2013,44,45.25,43.5,43.85,212748
13/09/2013,44,45.25,44,44.18,204474
12/09/2013,44.25,46.03,43.65,44.33,766304
11/09/2013,44.13,44.43,43.13,43.63,302346
10/09/2013,43.75,45.33,43.05,43.9,623592
06/09/2013,43.6,44.35,42.88,43.03,222472
05/09/2013,43.55,44.75,43.05,43.3,189052
04/09/2013,43.4,44.5,42.8,43.23,183010
03/09/2013,44,44.68,43,43.35,236794
02/09/2013,43.98,44.8,42.7,43.7,282098
30/08/2013,44,44.45,41.65,42.6,238820
29/08/2013,44.75,45.45,43.05,43.43,748144
28/08/2013,45,45.98,42.6,43.45,627650
27/08/2013,44.75,47.4,44.15,44.85,1181916
26/08/2013,48.05,48.9,44.55,45.05,1129740
23/08/2013,39.33,47.05,39.33,47.05,2534444
22/08/2013,39.1,41,38.75,39.23,482636
21/08/2013,41.3,41.98,40,40.53,383416
20/08/2013,40.95,41.15,39.03,39.95,1078036
19/08/2013,43.73,44.7,40.8,41.75,1031756
16/08/2013,45,46,43.5,43.7,699882
14/08/2013,47.63,49.4,45.55,47.23,725894
13/08/2013,46.6,50.5,46.28,47.5,852422
12/08/2013,46,47.45,45.25,46.8,502866
08/08/2013,44.55,46.5,44.55,45.93,560354
07/08/2013,42.43,46.5,42.43,44.55,2128482
06/08/2013,43.5,44.35,41.25,42.8,341250
05/08/2013,42.1,45,41.5,44.05,604358
02/08/2013,39,44.45,38.25,42.1,1441242
01/08/2013,39.75,41.38,38.25,39.33,578034
31/07/2013,40.38,40.7,38.2,39.55,604946
30/07/2013,41,41.98,39.8,40.38,519458
29/07/2013,41.58,43.9,39.3,40.28,1265642
26/07/2013,43.85,45.15,39.6,41.58,2097648
25/07/2013,44.25,45.35,43.15,43.85,2518272
24/07/2013,45.2,48.95,44.15,45.4,9264580
23/07/2013,36.5,44.6,35,44.1,8700222
22/07/2013,36.5,37.93,36,37.18,413636
19/07/2013,37.7,38.18,36.13,36.65,626232
18/07/2013,34.73,40.28,31.5,38.3,2923668
17/07/2013,35.03,35.93,34.25,34.8,395150
16/07/2013,36,36,33.3,35.25,1187880
15/07/2013,37.85,37.85,36.25,36.43,938370
12/07/2013,39.5,39.65,35.9,37.35,2119844
11/07/2013,39.43,39.88,39.03,39.38,624180
10/07/2013,41,41.38,38.4,38.6,1706292
09/07/2013,43,43.48,40.3,41.08,1739142
08/07/2013,44.2,44.2,42,42.75,382414
05/07/2013,45,46.48,44.05,44.43,1078556
04/07/2013,44.4,45.95,44.4,45,518272
03/07/2013,45.5,45.73,44.4,44.68,686280
02/07/2013,46.7,47.55,45.55,45.78,776140
01/07/2013,45.5,48.18,45.23,46.7,759162
28/06/2013,46.75,47.2,45.53,46.18,609824
27/06/2013,46.13,46.98,44.68,46.5,1136736
26/06/2013,44.75,47,44,45.73,547228
25/06/2013,44.48,46.3,41.6,45.18,910054
24/06/2013,49,49.23,40.9,44.25,1465128
21/06/2013,48.05,49.4,47.6,48.98,402004
20/06/2013,49,49.55,48.5,48.65,240476
19/06/2013,50.05,50.6,49.25,49.6,302602
18/06/2013,49.6,51.23,47.58,50.03,554674
17/06/2013,51.23,51.28,48.65,49.98,443502
14/06/2013,51.15,51.85,50.5,50.63,228950
13/06/2013,50.05,52.75,49.85,50.45,417280
12/06/2013,53.45,53.45,49.78,50.6,780550
11/06/2013,55.75,57.2,52.05,53.5,403788
10/06/2013,58.7,59.23,57,57.43,121710
07/06/2013,59.33,60.3,57.7,58.2,307914
06/06/2013,56,59.63,56,59.33,529692
05/06/2013,57.75,57.9,57.05,57.53,138316
04/06/2013,58.23,59.35,57.48,57.98,391452
03/06/2013,56.85,59.88,56.78,58.08,489184
31/05/2013,56.88,57.9,55.8,56.88,701412
30/05/2013,57.2,57.5,56.2,56.6,209376
29/05/2013,56.1,58,56.1,57.05,624076
28/05/2013,55.6,56.38,54.95,56.05,639164
27/05/2013,56.38,56.8,55,55.2,503168
24/05/2013,57.75,58.48,55.75,56.13,393940
23/05/2013,57.08,58.38,56.98,57.5,651368
22/05/2013,58.35,58.98,57.55,57.65,633242
21/05/2013,59.45,61.05,58.28,58.85,1794848
20/05/2013,62.1,62.98,58.45,58.95,1238712
17/05/2013,61.5,62.7,59.63,62.4,1040414
16/05/2013,60.05,61.98,59.13,61.4,1346512
15/05/2013,57,59.9,56.83,59.58,1485780
14/05/2013,57.9,58.2,56.5,56.85,164274
13/05/2013,58.25,59.4,57.63,57.88,443640
10/05/2013,58.58,59.58,57.55,57.68,469548
09/05/2013,57.5,60.4,57.5,58.43,1223698
08/05/2013,56,58.1,56,57.35,789366
07/05/2013,55.95,56.85,55.55,56,470904
06/05/2013,55.48,56.15,55,55.55,514388
03/05/2013,55.35,56.23,54.75,54.95,612986
02/05/2013,54.4,56.5,54.4,54.98,551612
30/04/2013,56.63,57.45,54.5,55.5,577392
29/04/2013,57.45,57.93,56.15,56.48,495482
26/04/2013,56.95,58.68,56.25,56.78,1048458
25/04/2013,53,59.9,52.58,56.3,3338698
23/04/2013,52.6,54.45,52.6,52.98,839606
22/04/2013,50.75,52.8,50.75,52.43,1809468
18/04/2013,50.45,51.85,49.5,50.65,1243612
17/04/2013,51.08,52.3,49.88,50.05,928106
16/04/2013,50,53.75,48.1,50.85,2047880
15/04/2013,52.65,53.5,49.63,50.85,1430072
12/04/2013,54.6,54.6,53.58,53.8,283014
11/04/2013,55.45,55.8,54.4,54.73,273108
10/04/2013,54.63,55.5,53.9,54.8,330316
09/04/2013,55.45,56.65,54.4,54.83,525508
08/04/2013,55.13,55.65,54.38,54.65,412128
05/04/2013,56.5,57,54.05,54.65,708690
04/04/2013,59.7,59.7,55.9,56.35,682766
03/04/2013,61,62.45,58.88,59.7,744800
02/04/2013,61.53,61.75,60.25,60.8,634242
01/04/2013,57.6,63,57,61.68,1353296
28/03/2013,55.15,57.5,54.55,57.18,1332994
26/03/2013,54.7,56.25,54.13,55.13,732666
25/03/2013,54.43,56.2,54.13,54.78,1695454
22/03/2013,53.38,54.85,52.5,53.7,989002
21/03/2013,54.75,55.6,51.4,53,1478808
20/03/2013,55.83,56.45,53.78,54,1101496
19/03/2013,58.45,59.85,53,55.83,2040720
18/03/2013,58.13,58.9,57.15,58.08,750254
15/03/2013,58.75,60.73,58.13,59,1541174
14/03/2013,60.5,61.43,58.3,59.53,1926930
13/03/2013,61.95,61.95,60.1,60.68,2776990
12/03/2013,62.38,63.15,60.18,61.68,1399404
11/03/2013,61.6,63.65,61.33,61.98,1830418
08/03/2013,63.5,63.7,60.55,61.43,2392762
07/03/2013,61.03,66.38,61.03,63.43,2734770
06/03/2013,61.3,67.25,60.88,65.88,7338136
05/03/2013,54.98,62.98,54.18,60.55,6561442
04/03/2013,54.6,56.48,52.55,54.15,1884764
01/03/2013,57.7,59.15,53.25,54.45,2451766
28/02/2013,63.98,63.98,57.25,57.75,3948898
27/02/2013,63.13,64.25,57.93,63.03,1510732
26/02/2013,66.65,66.68,61,62.35,2096160
25/02/2013,70.9,71.38,65.13,66.78,1835790
22/02/2013,68.65,70.95,68.1,70.53,1165574
21/02/2013,69.95,70.33,68.13,68.65,1432500
20/02/2013,71.18,71.7,70.5,70.93,1114162
19/02/2013,69.98,71.2,69.13,70.68,1029770
18/02/2013,69.8,71.4,69,69.93,1230778
15/02/2013,71.4,71.4,68.55,69.9,1251088
14/02/2013,70.98,70.98,68.25,70.18,2377794
13/02/2013,66.4,70.93,66.4,70.18,4559318
12/02/2013,61.05,66.5,61.05,65.98,5597974
11/02/2013,68.8,70.85,59.3,62.1,9330500
08/02/2013,71.58,71.83,69.05,69.98,1641442
07/02/2013,71.38,71.98,67.03,71.2,8244064
06/02/2013,77.13,77.25,70.15,71,4236034
05/02/2013,77.55,78.8,75.2,76.28,1816246
04/02/2013,80.18,80.88,77.6,78,946804
01/02/2013,81,82.68,79.2,79.9,1664428
31/01/2013,79.25,80.65,78.25,80.23,1112132
30/01/2013,80.9,81.43,78.38,79,1057980
29/01/2013,81.25,82.23,79.5,80.98,1724504
28/01/2013,79.38,83.25,78.5,81,3438238
25/01/2013,77.03,79.6,76.23,78.78,2190362
24/01/2013,81.33,81.33,76.6,76.98,2832392
23/01/2013,78.5,81.4,77.58,80.7,5241512
22/01/2013,80.15,80.48,77.63,77.95,2650956
21/01/2013,81.03,82.25,79.55,80.3,2160820
18/01/2013,83.1,83.1,80.33,80.88,2031310
17/01/2013,82.75,83.83,81.28,82.35,3543024
16/01/2013,84.05,84.7,81.35,81.95,3344648
15/01/2013,86.88,88.2,83.23,84.45,7698936
14/01/2013,78,86.83,77.85,86.1,13364678
11/01/2013,83.5,83.5,77.25,77.9,10038116
10/01/2013,88.35,88.9,82.55,83.05,6637314
09/01/2013,89.45,90.2,87.15,87.78,6870210
08/01/2013,91.38,93.18,88.05,88.75,10552630
07/01/2013,94.5,97.45,90.25,90.83,12390126
04/01/2013,92.5,94.7,91.4,93.88,12499890
03/01/2013,88.45,92.4,87.5,91.78,16827662
02/01/2013,83.05,89.63,82.8,87.7,28335538
01/01/2013,75.8,83.95,75.28,82.65,23287296
31/12/2012,73.43,76.65,72.5,74.85,8382588
28/12/2012,74.9,77.15,72.68,73.5,14809902
27/12/2012,68.5,77.35,68.5,74.6,129408488
