Date,WONDERLA-EQ O,WONDERLA-EQ H,WONDERLA-EQ L,WONDERLA-EQ C,WONDERLA-EQ V
29/03/2019,304.95,311,301.05,310.1,15926
28/03/2019,303.15,310.8,299,301.95,40425
27/03/2019,301.5,309.75,298,300.2,10357
26/03/2019,305,307.55,301.5,305.45,7232
25/03/2019,311,314,298.8,300.15,53695
22/03/2019,308,313.2,307.85,310.5,25154
20/03/2019,311.5,311.75,307.5,308,11747
19/03/2019,309.5,311.95,307.45,309.9,11773
18/03/2019,312.9,312.9,303.7,309.3,11468
15/03/2019,309.05,310.95,301,309.85,11937
14/03/2019,301.15,311.5,300.1,308.3,20175
13/03/2019,303,309,299.5,306.65,38800
12/03/2019,291,306,291,305.1,122471
11/03/2019,285.45,296,282.4,294.9,48577
08/03/2019,284,284.65,281,282.4,22774
07/03/2019,284,284,281,281.5,16528
06/03/2019,284.5,285.5,281,281.4,249921
05/03/2019,284.3,286.75,278.3,281.65,38751
01/03/2019,279.95,282.45,278,281.45,10501
28/02/2019,274.9,289,273,278.05,23202
27/02/2019,276.1,279.9,268.5,272.2,10064
26/02/2019,274.85,277,272,275.1,9717
25/02/2019,274.9,274.9,272.5,274.15,6325
22/02/2019,275.9,275.9,271.35,273.25,14802
21/02/2019,274,285.2,272,273.8,21702
20/02/2019,274.3,278,269.75,270,706674
19/02/2019,270,273.35,266.75,271.6,11433
18/02/2019,274,274,265.95,269.25,17735
15/02/2019,275.3,281,272,273.65,14349
14/02/2019,282.1,282.55,274.2,275.65,14408
13/02/2019,282.6,286,276.1,279.35,11661
12/02/2019,281,286,275.5,282.5,9665
11/02/2019,288.85,289.9,281,283,7719
08/02/2019,294.95,295,283.7,292.35,12009
07/02/2019,285,295,285,294.5,14176
06/02/2019,289.5,291.4,280.5,288.6,9591
05/02/2019,287.85,292,285.3,289.45,15201
04/02/2019,287.35,289.7,284,288.6,6370
01/02/2019,287,291.9,278.35,288.9,24171
31/01/2019,281.25,284,280,282,5657
30/01/2019,280,284.8,280,282.55,16086
29/01/2019,287.5,287.5,276.8,280.8,16525
28/01/2019,287.9,298,280.4,287.55,66632
25/01/2019,279,288.75,272.2,285,193429
24/01/2019,274.25,276.1,269,272.65,12242
23/01/2019,274,276.65,273.05,274.9,27775
22/01/2019,277.15,279.7,271.85,275.25,12223
21/01/2019,281.9,282,277,277.85,18152
18/01/2019,277.8,280,275.25,277.1,15122
17/01/2019,275.9,278.2,274.15,275.7,64414
16/01/2019,270,277.35,270,273.75,27539
15/01/2019,268.65,273.15,267.85,269.8,114022
14/01/2019,266.25,274,263.25,270.6,21669
11/01/2019,266.25,268.95,262.1,267.25,22277
10/01/2019,262,270,262,265.75,22254
09/01/2019,263.95,264,260.25,262.15,13183
08/01/2019,265,274.65,260.5,262.5,25219
07/01/2019,265,268.75,263.4,265,191398
04/01/2019,264.2,267.8,264,265.25,5324
03/01/2019,269.85,271.2,258.7,263.4,37303
02/01/2019,271.95,273,268,268.3,16054
01/01/2019,269.8,273,269.5,272.1,6499
31/12/2018,272,274.5,267.85,269.95,21648
28/12/2018,273.95,276,268.05,270,29067
27/12/2018,280.7,283.55,270,271.35,26969
26/12/2018,270.4,282.9,269.75,279.3,8683
24/12/2018,281,283.9,270,272.8,27720
21/12/2018,285,285.7,280.1,281.8,9167
20/12/2018,287.2,288.3,283.05,284.35,8876
19/12/2018,284.5,289.55,282,284.65,8583
18/12/2018,281.05,287,281.05,285.05,3744
17/12/2018,285.25,287.55,281.35,283.35,8398
14/12/2018,287.3,291.95,280.95,283,20031
13/12/2018,289.1,292.95,280.05,286.45,30010
12/12/2018,279.6,290,279.6,286.9,7012
11/12/2018,271.55,284.9,269.95,283.4,9230
10/12/2018,277,285,273.55,278.05,7656
07/12/2018,283.75,283.9,277.65,278.55,10311
06/12/2018,290.55,290.55,280.5,283.4,51628
05/12/2018,290.1,295,284,290.55,3851
04/12/2018,293,299,286.7,287.3,13844
03/12/2018,290.65,299.8,286.3,292.2,7270
30/11/2018,290,291.4,285.1,289.45,9698
29/11/2018,285.9,290,284.15,289.1,6518
28/11/2018,286.55,291.05,284.85,285.95,6656
27/11/2018,291.1,292.75,284.25,286.65,8105
26/11/2018,296,296,288,288.45,15005
22/11/2018,291,311,290.5,296.85,98453
21/11/2018,284.6,303.85,280.35,297.5,16216
20/11/2018,285.05,288.55,285.05,286.05,3459
19/11/2018,285.6,289.45,283.15,283.95,7074
16/11/2018,292.35,292.35,286.25,289.95,6632
15/11/2018,290.15,291.9,286.95,289.55,5170
14/11/2018,290.8,294.8,286.3,291.25,11599
13/11/2018,289.5,294,283,290.8,10335
12/11/2018,289.2,289.9,285.05,287.7,5833
09/11/2018,282.7,289.75,281,286.5,18076
07/11/2018,284.85,284.9,277,282.8,5317
06/11/2018,283.6,283.65,275.25,277.1,5936
05/11/2018,284.9,285,280,280.9,8169
02/11/2018,279.75,285.25,278.95,282.6,19411
01/11/2018,282.05,287.55,273.1,277.05,20103
31/10/2018,288.5,288.5,279.2,281.4,13937
30/10/2018,270,290,265,285.8,197470
29/10/2018,270.25,279.9,258.7,272.3,113529
26/10/2018,267.2,271.9,267.2,267.6,18610
25/10/2018,269.35,270,265.05,267.95,7357
24/10/2018,275.3,275.3,268.1,269.5,19324
23/10/2018,272.95,280,265.35,273.05,16076
22/10/2018,275.2,277.15,270.05,273.15,24373
19/10/2018,279.55,279.55,273.65,274.8,52542
17/10/2018,283.65,284,275,276.85,20693
16/10/2018,283.15,285,279.4,280.95,33460
15/10/2018,284,287.85,276.7,280.35,21828
12/10/2018,286.05,290,276.1,278.9,16451
11/10/2018,275.8,296.6,270.5,283.4,32637
10/10/2018,265,279,264.1,276.05,77419
09/10/2018,272.15,275,261,262.7,25945
08/10/2018,278,278,271,271.85,15744
05/10/2018,277.05,283.75,275,277.2,19211
04/10/2018,285,285.95,278.1,280.3,15952
03/10/2018,281.5,293.95,276.45,286.45,13911
01/10/2018,286.7,290,275,282.3,16905
28/09/2018,284.75,300,275.1,286.7,25465
27/09/2018,287.9,294.4,280.25,283.15,9195
26/09/2018,284.25,290,284.25,288.05,15094
25/09/2018,290.1,296.1,282.5,286.15,52790
24/09/2018,304,304,287.5,290.1,29582
21/09/2018,302.05,305.9,292,297.75,19554
19/09/2018,301,306.5,300.1,300.75,9941
18/09/2018,306.15,307.8,300,302.65,15052
17/09/2018,309.5,310.8,304.2,307.25,13305
14/09/2018,303,310.5,296,307.7,19832
12/09/2018,299,300.9,294,299.3,14491
11/09/2018,301.05,301.05,296,297.2,15593
10/09/2018,305,306.05,295,300.85,24742
07/09/2018,312,313.4,297.25,301.8,30871
06/09/2018,310.85,315.2,306,311.8,15504
05/09/2018,308,310,305.1,308.2,0
04/09/2018,311.3,314.4,307,308,36984
03/09/2018,319.9,324.9,310,311.3,50915
31/08/2018,322.8,322.8,316.05,317.25,27831
30/08/2018,320,321,316.1,317.5,32685
29/08/2018,322,324,318.5,319.25,48737
28/08/2018,327.9,329.9,321.1,322.1,24937
27/08/2018,321.45,329,319.8,327.55,40653
24/08/2018,324.8,324.8,318.5,319.6,29973
23/08/2018,318.1,329.05,318.1,321,41183
21/08/2018,330,332.95,324.5,325.2,37420
20/08/2018,340,340,331.3,333,20367
17/08/2018,335.65,342.3,334.2,338.3,31628
16/08/2018,339,342,333,337.8,27410
14/08/2018,337.5,340.85,333.05,339.3,57788
13/08/2018,330,341.9,327.1,336.85,23079
10/08/2018,327.75,335,326.85,331.55,24293
09/08/2018,345,345,323.65,326.85,59644
08/08/2018,348.4,348.4,336.3,337.25,50973
07/08/2018,340,376,336.1,345.8,310994
06/08/2018,342.95,342.95,335,338.65,11680
03/08/2018,338.95,341.85,335.25,337.1,32890
02/08/2018,335,339.7,330,338.55,20056
01/08/2018,337.1,340,330.2,331.95,73187
31/07/2018,335,339.95,335,336.55,28285
30/07/2018,332,338.9,332,334.75,10796
27/07/2018,331.95,339,330.7,336.3,7894
26/07/2018,335.55,336.35,330,330.5,6258
25/07/2018,338.45,343.15,331.85,333.85,8929
24/07/2018,331.05,339.8,331.05,335.15,16331
23/07/2018,336.4,339.9,329.1,330.2,47821
20/07/2018,326.05,340.3,325.05,334.75,15797
19/07/2018,330.05,332.65,325.2,328.2,10622
18/07/2018,329.05,335,325.7,332.5,12661
17/07/2018,334.35,334.35,321.3,329.7,15774
16/07/2018,328.85,334.95,321.25,331.1,20343
13/07/2018,323.5,326.95,323,325.65,8785
12/07/2018,325.3,327.75,323.1,324.25,10320
11/07/2018,330,332.35,324.1,325,11342
10/07/2018,332.4,334.9,326.45,328.55,19613
09/07/2018,339,339,332.45,335.9,12556
06/07/2018,327.65,337.95,321.25,333,12006
05/07/2018,318.4,330,315.6,327.55,15022
04/07/2018,321.7,323.15,318.05,318.8,9044
03/07/2018,327.5,327.5,318,321.1,8022
02/07/2018,321,326,320.5,322.3,11022
29/06/2018,320,324.95,320,323.05,7677
28/06/2018,325.05,325.05,315,318.6,12936
27/06/2018,325,328.9,321.3,322.45,20700
26/06/2018,338.95,338.95,325.05,326.3,22099
25/06/2018,331.95,344,326.05,337.85,11975
22/06/2018,330,348,330,331.7,12562
21/06/2018,332.7,337.5,326.15,335.85,22258
20/06/2018,328,331.8,325.15,327.2,13957
19/06/2018,344,344,320,329.7,18908
18/06/2018,333,336,332,334.35,13565
15/06/2018,341.8,343.45,334,335.15,14047
14/06/2018,344,349.95,338.05,340.35,28794
13/06/2018,335.1,346,333.35,338.15,21256
12/06/2018,336.85,336.85,330.95,334.55,23595
11/06/2018,332,335,332,333.9,85335
08/06/2018,333.1,335,330,334.2,212033
07/06/2018,326.6,335,326.6,333.55,37463
06/06/2018,334,334,323,328.15,38050
05/06/2018,342.2,342.2,331,332.4,19504
04/06/2018,354.95,354.95,337.9,339.1,60223
01/06/2018,344.65,354.85,343,348.4,41946
31/05/2018,348.8,350.9,343,344.65,36039
30/05/2018,347,354.3,345,348.75,17208
29/05/2018,349,353.65,345.6,347.05,29368
28/05/2018,357.1,360.95,347.6,348.85,53822
25/05/2018,364,364.45,355,357.7,16054
24/05/2018,361.85,367.9,359,363.05,5657
23/05/2018,365.05,366,359.1,360.7,4898
22/05/2018,359.9,370,356.9,365.55,15943
21/05/2018,366.1,368.5,354.25,357.6,14648
18/05/2018,375,375,362.3,366.1,24763
17/05/2018,361.5,378,360.25,370.2,89016
16/05/2018,358.45,370,352.25,359.75,10657
15/05/2018,357.05,362,355,358,8303
14/05/2018,365.5,365.5,357,359,9396
11/05/2018,360,366,357.6,361.4,13709
10/05/2018,361.7,364,356,357.45,9230
09/05/2018,363.1,364.85,360,361.7,10105
08/05/2018,366.6,367.25,363,363.85,7775
07/05/2018,362,367.85,362,366.55,11990
04/05/2018,363.15,365.3,360,361.9,6349
03/05/2018,366.7,366.7,362.2,363.2,9172
02/05/2018,368.35,369.45,363.1,367.85,16313
30/04/2018,364.3,372,364.3,369.35,22400
27/04/2018,368.95,369.8,362.35,365.1,16114
26/04/2018,366.5,370.5,362.25,365,12669
25/04/2018,369.8,372,364,366.4,34543
24/04/2018,362.15,374.95,362.15,369.8,252860
23/04/2018,363.6,368.4,363.25,367.3,9477
20/04/2018,364.3,365.95,362,363.6,7111
19/04/2018,367.45,367.45,362,364.2,7334
18/04/2018,365.85,367.95,363.2,366.3,6947
17/04/2018,362.25,366,362.1,364.9,7643
16/04/2018,364.8,365,360,362.7,8593
13/04/2018,371,371,362,365.6,11826
12/04/2018,370,372,363,366.65,14351
11/04/2018,363.95,371.95,358.5,367.85,24893
10/04/2018,370.95,370.95,360.85,362.4,16338
09/04/2018,371.75,372.3,363.55,366.8,53726
06/04/2018,362.55,372,362.45,368.15,13377
05/04/2018,364,368,360.55,366.15,23503
04/04/2018,366.55,368.5,356.15,360,18676
03/04/2018,353.2,364.65,350.1,363,24782
02/04/2018,345,355,342,352.55,18311
28/03/2018,339.9,342.75,336.65,341.6,19332
27/03/2018,341.95,343.5,335,338.85,96457
26/03/2018,340.05,344.3,334.65,337.6,52643
23/03/2018,342.55,342.95,337.2,340.8,25811
22/03/2018,343.95,346.8,340,342.55,30010
21/03/2018,344,348,340,341,28627
20/03/2018,344.95,346,341.3,343.5,21633
19/03/2018,342,348.9,341.95,344.85,28227
16/03/2018,354.55,357.35,339,342.7,139072
15/03/2018,358.75,366.3,350.75,353.85,80678
14/03/2018,357.95,357.95,352.2,355.25,76162
13/03/2018,361.55,363.9,355.4,357.95,32974
12/03/2018,362,363,355,358.05,24241
09/03/2018,364.05,364.05,357.85,361.15,23597
08/03/2018,362.5,363.5,358,360.45,25707
07/03/2018,361.95,366.5,355,361.7,16829
06/03/2018,379.45,379.65,357.75,362.5,48027
05/03/2018,381,381,374,376.7,16347
01/03/2018,378.3,382.95,375.2,380.55,20964
28/02/2018,378,381.9,377,378.25,13943
27/02/2018,376.1,385,376.1,381.65,28336
26/02/2018,375,383.5,375,378.85,22020
23/02/2018,370.65,379,370.65,377.15,9989
22/02/2018,377.9,377.9,371.3,374.6,17172
21/02/2018,379,383,375.1,379.5,18033
20/02/2018,382.9,383.05,375,376.7,20815
19/02/2018,380,385.95,374.05,379.35,22914
16/02/2018,387.35,388.8,383,385.55,26331
15/02/2018,378,387,374.95,385.6,37042
14/02/2018,391.35,391.35,371.25,377.75,50608
12/02/2018,377,388.35,370.75,386.4,136050
09/02/2018,368,383,362.1,366.95,49399
08/02/2018,376,383,368,369.2,61800
07/02/2018,375,384,365,368.65,34258
06/02/2018,360,378.9,354.4,376.1,39086
05/02/2018,379.3,388.8,345,375.35,53368
02/02/2018,378,382.2,367.5,374.15,68104
01/02/2018,376.8,384,369.9,382.3,33245
31/01/2018,388,388,373.55,375.95,39361
30/01/2018,387,391.55,380,386.85,34898
29/01/2018,387.3,397.9,385.05,390.4,33685
25/01/2018,400.85,405,382.5,387.3,53131
24/01/2018,407,408.9,397,405.8,46064
23/01/2018,421,421,405,407,74899
22/01/2018,415,422.8,410,415.35,93685
19/01/2018,419,425,404,415.35,794361
18/01/2018,383.5,395,383.5,390.3,49716
17/01/2018,388.7,393.5,378.9,383.25,37497
16/01/2018,395,395,382.45,385.6,47490
15/01/2018,400,405,392.5,395.55,32252
12/01/2018,401.45,402,391,395,45130
11/01/2018,400,403.8,396,397.5,53845
10/01/2018,405,408,395,399.8,62734
09/01/2018,414,420.9,400.3,403.95,109930
08/01/2018,396,421.95,395.95,410.95,373600
05/01/2018,372,393.7,371,391.55,283950
04/01/2018,364.65,365,360.55,364.05,10861
03/01/2018,360.9,363.75,359.15,361.7,20686
02/01/2018,363,363.05,359.2,360.85,11341
01/01/2018,359.3,362.85,359.3,361.5,9563
29/12/2017,360.1,369.95,359,360.7,21482
28/12/2017,362.4,365.5,357.2,362.45,32597
27/12/2017,370.7,370.7,363,366.35,18604
26/12/2017,369.95,369.95,365.3,367.1,7103
22/12/2017,375,375,364.1,366.35,42201
21/12/2017,366,369.95,360.2,367.6,15197
20/12/2017,361.5,365.8,360.25,363.7,16998
19/12/2017,361.25,366,359,362.65,12762
18/12/2017,365,366.8,348,361.25,21368
15/12/2017,365,365,359.25,360.05,24753
14/12/2017,359,362,359,361.65,17193
13/12/2017,362,362.85,357.45,361.45,13324
12/12/2017,360.85,362,358,360.35,10507
11/12/2017,358,361,354.3,358.8,51302
08/12/2017,360.8,363.9,352,357.25,21127
07/12/2017,352.65,368,352.05,358.95,17839
06/12/2017,356.5,356.5,350,352.6,12976
05/12/2017,357.85,357.85,350.55,353,12590
04/12/2017,352.15,355,350.2,354.45,15409
01/12/2017,357,357,351,352.1,20980
30/11/2017,357.2,359.7,351,355.7,24411
29/11/2017,361,364.55,347.5,353.65,49827
28/11/2017,369.25,369.3,360,360.95,18460
27/11/2017,360.25,367.9,360.25,365.6,9107
24/11/2017,364.1,367.6,362,366.95,12420
23/11/2017,361.05,366.5,361.05,364.1,11635
22/11/2017,364.95,367.8,362.25,365.3,13995
21/11/2017,363.7,368,361,364.85,22176
20/11/2017,371.9,371.9,362.05,364.05,23329
17/11/2017,374.7,374.7,366.1,368.5,41404
16/11/2017,375,375,365,367.7,76562
15/11/2017,388.6,390,377,382.6,38718
14/11/2017,390,395,382.1,388.1,72224
13/11/2017,388.05,393.95,385.55,388.5,33837
10/11/2017,388.05,390.25,387,389.1,23153
09/11/2017,392,392.9,387.05,388.2,33506
08/11/2017,382.8,392,380.4,388.5,95983
07/11/2017,378,388,378,381.8,92686
06/11/2017,367.6,378.95,367.6,377.55,33777
03/11/2017,372.95,374.9,369,373.4,35964
02/11/2017,368.5,374,365.65,370.1,27975
01/11/2017,367.5,370,365.15,369.15,17122
31/10/2017,365.6,368.8,364.75,367.7,10108
30/10/2017,364,369.9,364,367.85,35651
27/10/2017,368,368,362.3,363.9,17275
26/10/2017,370.1,370.1,365,366.7,11287
25/10/2017,367.95,371.8,365,368.4,24886
24/10/2017,370,370,366,367.1,15124
23/10/2017,361.2,372.95,361.2,370.8,22752
19/10/2017,370,370,360.2,365.25,4988
18/10/2017,368.75,370,363.2,367,12679
17/10/2017,367.1,370,362.2,366.15,41907
16/10/2017,372,372,360.25,363.5,22658
13/10/2017,370,372,366,369.6,19163
12/10/2017,362.8,372,362.8,367.8,32529
11/10/2017,370,370,356,362.5,17608
10/10/2017,366,372.95,366,369.05,18483
09/10/2017,375,375,365,371.45,16523
06/10/2017,361,373.7,361,368.95,36000
05/10/2017,361.35,363.8,357.1,361.55,26358
04/10/2017,364.7,364.7,350.25,360.7,32528
03/10/2017,347,360.05,344.5,358.3,39655
29/09/2017,344.3,349.65,342,345.8,14036
28/09/2017,340,348.55,335.25,341.8,16856
27/09/2017,344.85,345.4,338,339.6,19154
26/09/2017,344,351,338.2,342,13697
25/09/2017,353,353,340,344.15,33701
22/09/2017,357,357,350.25,352.9,23820
21/09/2017,356.5,359.6,350.45,357.1,19730
20/09/2017,357,359.5,347.6,356.05,29748
19/09/2017,351,355.8,349,354.5,26412
18/09/2017,355,355.45,348,350.9,16114
15/09/2017,347,352,345,348.05,14730
14/09/2017,350.8,353.7,347.05,350.25,17651
13/09/2017,350.15,354,349.95,351.45,16315
12/09/2017,349.9,353.6,347.65,350.75,12378
11/09/2017,350,353.45,346.5,348.15,17680
08/09/2017,353.75,355,347.6,350.3,13525
07/09/2017,358,361.65,352,353.7,30051
06/09/2017,350.55,354,349,350,20007
05/09/2017,356.45,356.45,350,350.5,12863
04/09/2017,345.6,360.75,342.6,352.95,46504
01/09/2017,340.55,346.9,340.55,345.9,19093
31/08/2017,340.2,342,337.25,341.05,52658
30/08/2017,341.05,344.85,338,340.15,53647
29/08/2017,339.5,342,338,338.95,34121
28/08/2017,341,341.05,337,338.25,21590
24/08/2017,337.5,339,335.05,337.75,19531
23/08/2017,336,338.15,332.5,333.9,24381
22/08/2017,343,344.05,335.05,335.4,18027
21/08/2017,341.2,344.5,339,340.15,10017
18/08/2017,342.7,343.95,340.55,341.15,12977
17/08/2017,340.25,344,340.15,342.55,13621
16/08/2017,341.2,342.2,338.5,339.45,10286
14/08/2017,345,345,336.1,339.25,10113
11/08/2017,340,340,330,337.4,24005
10/08/2017,349,349,338.1,340.45,27812
09/08/2017,343.7,350,338,345.1,155816
08/08/2017,349.85,349.85,343.05,343.7,16861
07/08/2017,345.55,353.7,344.1,347.35,17204
04/08/2017,348.1,352,342.25,345.55,15194
03/08/2017,354.3,355.85,347,347.9,13072
02/08/2017,351,355,350.3,353.6,113198
01/08/2017,356,357,348.05,349.95,35564
31/07/2017,353.05,358.9,350.4,351.9,23483
28/07/2017,351.55,358,350,357.15,13291
27/07/2017,354,358,354,356.05,13653
26/07/2017,357.95,358.6,352.15,353.9,29327
25/07/2017,356.4,358.7,355,358.1,16878
24/07/2017,356.05,359,354.25,355.6,12262
21/07/2017,356.3,358.3,355.9,356.6,11876
20/07/2017,355.05,359.85,355.05,357.6,9922
19/07/2017,359,360,356.8,357.35,12681
18/07/2017,357.6,360,357.05,359.55,10399
17/07/2017,358.15,361.85,356.2,359.05,15736
14/07/2017,355,359,355,358.05,14868
13/07/2017,357.25,360.85,350.15,355.35,28773
12/07/2017,356.85,360,356.5,357.9,19684
11/07/2017,357,360.5,356,356.8,17483
10/07/2017,362.05,363,355,357.35,5655
07/07/2017,355.95,362.7,355,361.25,13860
06/07/2017,357,360,356,357.15,9680
05/07/2017,361.5,364,355.55,356.65,20998
04/07/2017,363.2,363.2,358,360.7,17697
03/07/2017,351.55,363,350.15,359.55,25948
30/06/2017,361.85,363.5,351.95,352.95,32132
29/06/2017,360,363.5,357.55,361.2,10042
28/06/2017,365.35,367.45,356,356.9,25303
27/06/2017,371.95,371.95,365,365.35,16438
23/06/2017,377.9,377.9,369,371.4,11219
22/06/2017,378.5,379.55,370.45,372.45,29932
21/06/2017,378.8,380,374,378.45,17615
20/06/2017,379.75,381,374,375.9,22930
19/06/2017,379,381.2,372.15,379.35,22370
16/06/2017,368,377,367.3,375.6,29436
15/06/2017,371,371.9,366.6,367.55,9680
14/06/2017,373,373,367.5,371.55,15353
13/06/2017,368.45,373,365.15,372,26604
12/06/2017,372,372,365,365.9,14227
09/06/2017,366.65,374,365.15,371.45,29312
08/06/2017,370.6,370.6,366.6,367.5,16818
07/06/2017,368.75,370,367.2,368.05,10408
06/06/2017,373.75,373.75,367.5,368.4,14251
05/06/2017,372,372,366.1,369.15,53768
02/06/2017,372,373.4,368.25,369.5,52014
01/06/2017,374.85,375,371,372,20084
31/05/2017,379.9,379.9,370.1,370.6,29050
30/05/2017,375.15,379,371.95,377.9,21832
29/05/2017,376,376,369,375.15,22850
26/05/2017,373.8,374,363.5,371.65,71914
25/05/2017,365.7,366.8,353,361.8,67958
24/05/2017,376,379.75,368.5,370.7,36388
23/05/2017,380.2,382,373.25,374.35,27867
22/05/2017,385.25,387.9,381,381.7,26763
19/05/2017,386,388.65,384.85,385.25,19362
18/05/2017,385.95,392.35,383,385.05,34553
17/05/2017,392.5,392.5,384.75,385.75,37574
16/05/2017,386.85,395.5,386.05,393.3,41893
15/05/2017,385.1,393,383.6,384.4,24124
12/05/2017,386.8,392.95,380.2,391.6,57106
11/05/2017,380.55,385,378.15,381.35,42459
10/05/2017,376.35,384.85,376.35,382.85,29761
09/05/2017,379.75,381.6,374.6,376.35,40993
08/05/2017,387,387,376.2,379.75,21136
05/05/2017,381.35,385.3,380.6,382,20643
04/05/2017,382.4,385.1,380.4,382.45,24960
03/05/2017,389,389,380.1,381.1,41949
02/05/2017,391,391.6,382.4,385.55,41269
28/04/2017,391.75,391.75,386.2,389.95,32490
27/04/2017,392.05,392.05,386,388.1,23573
26/04/2017,394.05,394.9,390,391.1,56913
25/04/2017,386.1,394.3,386.1,393.15,34070
24/04/2017,389.8,392.65,384.4,386.4,39295
21/04/2017,395.9,395.9,386.15,388.05,53162
20/04/2017,391.95,393.9,381.05,392.5,53784
19/04/2017,382.4,388,378.55,384.75,51134
18/04/2017,392,394,381.25,381.8,54222
17/04/2017,394.25,394.65,386.4,390.1,38324
13/04/2017,398.2,400.1,392.5,394.25,36022
12/04/2017,404.75,404.75,393.5,398.2,44994
11/04/2017,392,404.3,392,402.95,112152
10/04/2017,387.2,396,387.05,395.15,61244
07/04/2017,388.2,394,385,386.8,54526
06/04/2017,394.5,397.9,384.3,387.45,78674
05/04/2017,390.9,400,388,392.1,97856
03/04/2017,384.5,389.4,382,384,52152
31/03/2017,384.9,389.95,378.95,387.05,26762
30/03/2017,384.3,384.35,375,382.7,14693
29/03/2017,382.45,383.85,378,378.5,18496
28/03/2017,381.9,384,380,381.45,11170
27/03/2017,383,384,380,381.95,15199
24/03/2017,379.95,384.8,378.45,382.9,20171
23/03/2017,378.2,385,377.2,377.9,27618
22/03/2017,384.25,385.6,378.15,378.9,34271
21/03/2017,391.45,391.45,383.25,384,21601
20/03/2017,393.25,396,388,388.7,36326
17/03/2017,392,397,389.95,392.55,50893
16/03/2017,382,392,382,390.1,67201
15/03/2017,384.2,387,378.15,385.7,25737
14/03/2017,383.1,385,382,384.35,55975
10/03/2017,380,381,375.6,379.95,58135
09/03/2017,379.95,381.9,377.1,378.1,37482
08/03/2017,382.95,384,378,380.05,17557
07/03/2017,380.95,383,378,381.2,47562
06/03/2017,376,381.9,376,380.2,41473
03/03/2017,377.65,379.45,373.05,378.25,30800
02/03/2017,375,378.5,372.6,375.3,31782
01/03/2017,374.5,375.5,371.5,373.8,36964
28/02/2017,373.95,376.95,370.25,372.4,15325
27/02/2017,378.5,378.5,370.1,373.85,19693
23/02/2017,374.5,379.5,372,373.4,20113
22/02/2017,371.2,380.5,369.8,374.45,40380
21/02/2017,369.6,376,367.5,374.15,19332
20/02/2017,367,374,367,372.95,27462
17/02/2017,367.05,370,365.1,367.4,35109
16/02/2017,373.05,374.1,365.15,366.45,32431
15/02/2017,378.8,378.95,372,372.25,13130
14/02/2017,379.8,379.9,372.05,375.25,19562
13/02/2017,379.8,384.5,375,375.85,34288
10/02/2017,382,382,375,375.7,22452
09/02/2017,381.9,383,377.25,379.5,17167
08/02/2017,384.8,384.8,377.1,379.8,23708
07/02/2017,386.7,386.7,379,379.75,48122
06/02/2017,387,387,377,381.2,43112
03/02/2017,371.85,380,370.55,376.8,77863
02/02/2017,367.1,370,362.95,368.65,24133
01/02/2017,363.3,369.45,358.9,360.95,74433
31/01/2017,373.85,376.4,369.2,373.35,41060
30/01/2017,370.95,377.95,368,371,37229
27/01/2017,372,377,370.2,375.2,50965
25/01/2017,370.85,374.5,367.5,371.2,29185
24/01/2017,365,373,362,370.35,40028
23/01/2017,364.7,396.1,364,365,133351
20/01/2017,359.15,360,350.5,353.65,71134
19/01/2017,350,362,348.5,360.4,67653
18/01/2017,350.55,355,348.5,349.95,34750
17/01/2017,351.95,355.35,349,349.9,49520
16/01/2017,358,359.9,351.25,352.6,15378
13/01/2017,353.4,354.2,348.5,350.75,10607
12/01/2017,354.85,357,349,350.6,19877
11/01/2017,355.8,355.8,352.2,354.8,15948
10/01/2017,361.9,361.9,348.5,351.05,40229
09/01/2017,344.15,356.9,344,355.4,48516
06/01/2017,346.8,347.95,342.1,344.15,10784
05/01/2017,341.85,345,340.25,344.15,17705
04/01/2017,338,345,337.5,338.65,30003
03/01/2017,342.85,342.85,337,339.75,22281
02/01/2017,349.9,349.9,337,339.25,38213
30/12/2016,338.4,346.55,338.4,339.75,50402
29/12/2016,345.7,348.6,340,343.5,28380
28/12/2016,347.8,349,341.45,344.05,18989
27/12/2016,337,344.8,330,343.4,28649
26/12/2016,347,347,330.65,332.1,22479
23/12/2016,341,346.05,336.85,340.45,14136
22/12/2016,346.8,346.8,333.4,342.25,20256
21/12/2016,341.8,346.45,337.05,340,19279
20/12/2016,346.35,351.5,342.4,345,15876
19/12/2016,355,355,344,346.4,24692
16/12/2016,348,358,342.55,355.25,77077
15/12/2016,333,353.95,330,348.5,138527
14/12/2016,329.1,333.75,327.5,332.95,105657
13/12/2016,339.2,339.2,325.55,326.8,177610
12/12/2016,333.8,339.5,331.15,335.5,36395
09/12/2016,329.5,335,329.35,333.6,36544
08/12/2016,321.6,329.8,319,328.8,67745
07/12/2016,326.05,328,317,318.8,61054
06/12/2016,335,335,323.65,325.05,54310
05/12/2016,330,333,325.5,329.75,33606
02/12/2016,330,337,327.05,329.05,42418
01/12/2016,345,345,333,334.45,67307
30/11/2016,341.95,341.95,336.25,339.8,30819
29/11/2016,330,338.6,329.9,334.9,32274
28/11/2016,329.95,340,326,328.2,77031
25/11/2016,328.65,337.7,325,328.95,82550
24/11/2016,328,328,321.25,324.45,13876
23/11/2016,328,328,321.8,324.7,29582
22/11/2016,324.7,326.3,319.5,324.1,78121
21/11/2016,335.1,337,316,319.3,74646
18/11/2016,344,344,335,337.7,33433
17/11/2016,343.8,343.95,336.1,338.9,38908
16/11/2016,350.2,355,339,340.15,75121
15/11/2016,359,362,345,349.25,181271
11/11/2016,365,370,360.2,362.1,37055
10/11/2016,376.5,385.4,360,368.25,173717
09/11/2016,364,380,356.5,375,84124
08/11/2016,375,379.9,370,374.6,31976
07/11/2016,374.5,378.35,371,372.35,52877
04/11/2016,387,387,370.25,372.75,82981
03/11/2016,379.9,380.75,376,378.8,68153
02/11/2016,390.3,393.9,377.2,379.8,328260
01/11/2016,400.45,400.45,390.2,391.15,47284
30/10/2016,402,407,397,399.1,48506
28/10/2016,395,402.9,390.5,399.05,216351
27/10/2016,405.2,409.5,402.35,406.95,48991
26/10/2016,407.95,408.75,401.2,402.3,49256
25/10/2016,407.9,408.9,403,405.05,35856
24/10/2016,406.9,409.25,404.45,406.5,36267
21/10/2016,408,412,400,405.4,102358
20/10/2016,407,408,399.05,402.4,44558
19/10/2016,408.1,409,403,404.65,40854
18/10/2016,405,410,402.5,407.35,49082
17/10/2016,406,415,402.3,406.9,112860
14/10/2016,398.8,402.15,396,398.85,42164
13/10/2016,401.05,402,393.75,399.7,50791
10/10/2016,397.55,401.15,395.95,399.55,32029
07/10/2016,397.3,400,396.1,399.4,19545
06/10/2016,397,401,395,399.45,133415
05/10/2016,393.45,402,390,400.3,71885
04/10/2016,383.95,398,380.5,393.5,100046
03/10/2016,376.95,384.85,372,379.25,38300
30/09/2016,371,381.9,370,376.95,35026
29/09/2016,387.95,390,367.55,370.45,80412
28/09/2016,390,390,383.25,385.35,21264
27/09/2016,387.05,391,386,386.8,15873
26/09/2016,387.7,393,383,386.95,31080
23/09/2016,387.3,393,384.6,387.7,77610
22/09/2016,382,385,378,382.15,60988
21/09/2016,385,389.9,378.15,379.75,80237
20/09/2016,391.95,393.9,384.1,384.85,52191
19/09/2016,393,394,381.8,385.55,102569
16/09/2016,400,402,394,394.75,41332
15/09/2016,400.5,402.6,398.1,399.65,12801
14/09/2016,404,405,398,400.25,25191
12/09/2016,403.5,404.45,398.2,400.5,23549
09/09/2016,406.4,411,403,404.55,58233
08/09/2016,409.6,410,404.55,405.6,29390
07/09/2016,405.25,410.9,405.1,405.6,92333
06/09/2016,412,413.25,405.5,406.6,33878
02/09/2016,410.35,413.5,406.1,409.55,44888
01/09/2016,405,411.9,403.7,410.25,51754
31/08/2016,408.05,411,402.1,403.7,21152
30/08/2016,408,410.95,403.05,409.1,30965
29/08/2016,413.7,413.7,402.4,403.8,17017
26/08/2016,408.35,413.75,405.5,408.55,29636
25/08/2016,413.05,415.45,402,405.1,21130
24/08/2016,411.9,414,409.2,412.05,26839
23/08/2016,415,417.8,408,409.4,30253
22/08/2016,405.05,417.4,402.55,414.5,275534
19/08/2016,400.1,407,400.1,406.6,70350
18/08/2016,404,406,400.05,400.9,20061
17/08/2016,400,405.5,399.5,404.45,42366
16/08/2016,402.3,407.4,397.1,399.6,50317
12/08/2016,400.1,403.4,397,399.3,14640
11/08/2016,400.5,403.4,399,400.25,31209
10/08/2016,398.55,405.2,398.5,404.8,47813
09/08/2016,407,408,398.3,402.55,68175
08/08/2016,398,405.45,392.45,404.55,87565
05/08/2016,397.9,407,394.65,400.45,113504
04/08/2016,401,405,394,396.35,57302
03/08/2016,390,401,385.1,398.15,202786
02/08/2016,409.5,414.35,385.5,392.2,689208
01/08/2016,412.65,419.5,407.45,408.9,75862
29/07/2016,406.1,414,406.1,411.7,45531
28/07/2016,409,410,405.05,406.1,79112
27/07/2016,412,416.95,406,407.7,37323
26/07/2016,414.05,417.5,408.65,410.4,67938
25/07/2016,400,416.2,400,413.05,94337
22/07/2016,400.35,403.8,400,401.55,8576
21/07/2016,405,407,401.05,402.6,22070
20/07/2016,404.9,407,398.15,405.05,63943
19/07/2016,390,407.45,390,400.75,84337
18/07/2016,396.1,400,390.1,391.35,28426
15/07/2016,398,404,394,394.65,30265
14/07/2016,398,400,397.1,398.45,21112
13/07/2016,399.35,403.15,396.5,397.35,30763
12/07/2016,403.6,406,397.1,398.85,39992
11/07/2016,408,408,398.7,403.25,62188
08/07/2016,398.5,401.5,394.55,397.7,72055
07/07/2016,398,404.9,397.2,398.3,118341
05/07/2016,400.65,404.8,397,399.05,59000
04/07/2016,404.95,405,396.1,397.5,57869
01/07/2016,407.8,411.5,400.2,402.4,62807
30/06/2016,406.45,412,404.1,405.65,69256
29/06/2016,405.75,407.8,404,405.9,52238
28/06/2016,400,412.05,399.5,404.05,147024
27/06/2016,394.5,402.8,389.95,398.3,108817
24/06/2016,393,396,373.65,386.65,515287
23/06/2016,392.15,396.1,392.05,394.65,14692
22/06/2016,395.5,398.45,392,394.85,15373
21/06/2016,397,401,394,395.5,10365
20/06/2016,401.45,406,395,396.75,15009
17/06/2016,397.8,406,395,401.45,37828
16/06/2016,394.6,397.3,391.55,395.55,19779
15/06/2016,397.25,399.5,395.05,397.75,37473
14/06/2016,390,396.9,389.6,395.4,24631
13/06/2016,393,395,386.1,389.95,100421
10/06/2016,389,399.9,389,394.85,45268
09/06/2016,394,397.5,391,394.8,34189
08/06/2016,398,398.65,392.5,394.85,30334
07/06/2016,394,398,391,394.45,78134
06/06/2016,389.5,393.75,384,391.5,46430
03/06/2016,390.8,393,382.65,383.9,26023
02/06/2016,382,393.9,380,387.75,82458
01/06/2016,378,383,378,382.05,20974
31/05/2016,382.1,382.95,376.4,377.65,26888
30/05/2016,381,383.65,379.8,381.6,13647
27/05/2016,382.5,384.55,378.9,379.8,31462
26/05/2016,382,386,377.75,379.15,42816
25/05/2016,391.5,394.4,380,382.2,88156
24/05/2016,406,411.8,386.2,390.05,112349
23/05/2016,401.1,409,401,405.05,108826
20/05/2016,386,406,386,398.15,211517
19/05/2016,387.4,391.4,385.55,389,250859
18/05/2016,384.45,388.8,381.6,384.15,28755
17/05/2016,380,385.85,378.5,384.45,28031
16/05/2016,379.5,380,375,378.35,70478
13/05/2016,378.3,380,378.3,379.45,25907
12/05/2016,379.95,380,377,378.85,16500
11/05/2016,376.25,382.15,375,378.75,20068
10/05/2016,385,385,379,379.55,45284
09/05/2016,387.7,389,380,381.95,24895
06/05/2016,388.3,390,382,383.55,15537
05/05/2016,384,391.9,378.05,388.25,49722
04/05/2016,378.15,386.4,378,383.65,24330
03/05/2016,382,387,375.5,380.7,22535
02/05/2016,386.7,386.7,375.2,379.6,21239
29/04/2016,380,384.5,380,382.25,13616
28/04/2016,388.95,389.05,380.05,380.75,26409
27/04/2016,388.05,389,385.75,386.85,18827
26/04/2016,390.6,394,386.7,388.25,33622
25/04/2016,389.5,391.45,385,386.7,35082
22/04/2016,393,397,388.05,390.1,87888
21/04/2016,388.95,394.5,384.05,387.75,116159
20/04/2016,385,386,380.25,381.35,31954
18/04/2016,383.95,386,380.1,381.45,35403
13/04/2016,380.1,388,379.15,381.4,43732
12/04/2016,379.9,384,375.05,379.5,38971
11/04/2016,379.8,385,375,377.3,50508
08/04/2016,379.75,383,375,375.75,39809
07/04/2016,378,384.25,371,377.9,59125
06/04/2016,379,385.55,375,376.1,36894
05/04/2016,390,390,378.15,380.45,30263
04/04/2016,387,394,383.7,386.45,22174
01/04/2016,388,393.35,383,385.5,32193
31/03/2016,382.1,398.8,380.65,388.05,127680
30/03/2016,376.6,386,376.6,382.65,46847
29/03/2016,372.1,387,368,376.45,32749
28/03/2016,377,380.9,366,368.7,26559
23/03/2016,378.65,382.4,374.95,376.95,269129
22/03/2016,364,390.9,358.55,375.85,507112
21/03/2016,363.9,363.9,356.2,357.3,27848
18/03/2016,364.9,364.9,358,359.35,22634
17/03/2016,362.15,365.8,360.25,360.95,16459
16/03/2016,358.55,365,357.1,361.6,13697
15/03/2016,370,372,358,359.2,29024
14/03/2016,373.75,373.75,362.5,369.8,19979
11/03/2016,376,377.2,363,367.7,25060
10/03/2016,374.25,375.6,370.05,371.8,25596
09/03/2016,371,376,371,372.95,26700
08/03/2016,369.4,373,367.35,371.8,24092
04/03/2016,372,379,365.45,367.5,31114
03/03/2016,380,380,365,370.6,103526
02/03/2016,362.1,371.75,362.1,369.95,39058
01/03/2016,352.3,367,345,361.55,58671
29/02/2016,354,356.95,350.05,352.05,23705
26/02/2016,358.5,358.5,343,345.5,20840
25/02/2016,356.3,361.9,353.55,355.15,32057
24/02/2016,360.05,363.1,357.35,359.9,50021
23/02/2016,360,363.2,355.1,360.05,43251
22/02/2016,370,372.7,348.3,359.75,44149
19/02/2016,363.5,372.2,360,366.65,40365
18/02/2016,347.15,363.7,347.15,360.75,71172
17/02/2016,340.15,349.7,340.15,347.05,45401
16/02/2016,345.1,352.5,340,345.2,49259
15/02/2016,358.95,360,340.3,344.75,69078
12/02/2016,333,350,330.2,344.75,92524
11/02/2016,362.2,365.75,331.2,337.6,96689
10/02/2016,376,384.5,347.1,367.35,221867
09/02/2016,376.05,380.95,373.5,375.7,33408
08/02/2016,379.95,384,375.15,380.2,36503
05/02/2016,380,383.65,377.5,379.95,50715
04/02/2016,383.2,386,380,381.35,311724
03/02/2016,382,386,380,384.05,27528
02/02/2016,383.95,392.65,382,385.15,35615
01/02/2016,399.45,399.5,381.5,383.95,121453
29/01/2016,390.5,404.7,385,398.65,75401
28/01/2016,404,407.75,392.9,395.6,43244
27/01/2016,401.1,416.7,401.1,404,332333
25/01/2016,391.15,404.9,391.1,402.55,75855
22/01/2016,387.4,396,382,390.9,65125
21/01/2016,378,384.05,373,380.2,103704
20/01/2016,365,378,365,375.35,127218
19/01/2016,355.05,375,353.5,371.3,64852
18/01/2016,363.1,363.1,350,351.4,67319
15/01/2016,373.95,376.45,360,361.3,41117
14/01/2016,377.5,384.85,370,371.35,63073
13/01/2016,393,395.95,375,380.05,65479
12/01/2016,396.9,397,388,389.6,38030
11/01/2016,380.25,398,380.25,391.15,85020
08/01/2016,387.85,394,381.75,391.55,65421
07/01/2016,390,390,379,381,83272
06/01/2016,397.7,399.9,390,390.8,85886
05/01/2016,400,401.8,392,393.75,64360
04/01/2016,404.95,405,395.05,396.4,82133
01/01/2016,398.5,412,397,404.6,202800
31/12/2015,399,402.8,396,397.25,87720
30/12/2015,398.65,406,395.45,398.1,84677
29/12/2015,397.4,409,394.15,402.65,168635
28/12/2015,406,408,390.1,393.25,111359
24/12/2015,412,424.1,398.5,401.3,209457
23/12/2015,420.95,429.85,407.55,410.05,293202
22/12/2015,390.8,424.9,390.8,414.55,484629
21/12/2015,385,393,383.5,390.8,86081
18/12/2015,379.9,394.65,377,381.6,218461
17/12/2015,372.3,381.7,369.85,377.55,85439
16/12/2015,374.5,374.5,367,369.05,19299
15/12/2015,370,374.9,367,368.3,34979
14/12/2015,370,376.5,366,368.95,35213
11/12/2015,372,382,368.05,373.1,82939
10/12/2015,365.5,378,362,367.4,55486
09/12/2015,375.6,375.6,360.2,362.05,77557
08/12/2015,392.1,393,372.6,375.5,48358
07/12/2015,388,397.2,384.55,390.25,125400
04/12/2015,362,395.7,361,387.75,288792
03/12/2015,357,372,357,365.6,130732
02/12/2015,361.9,366.95,357,358.55,87721
01/12/2015,361,367.85,356.05,356.6,84347
30/11/2015,360.8,365.6,356.95,358.8,67937
27/11/2015,373.95,373.95,358.05,361.8,119935
26/11/2015,384,384.4,370,371.35,98004
24/11/2015,385,391.9,378.1,381.05,73880
23/11/2015,391.1,399.8,382.95,384.2,68056
20/11/2015,395.1,404,386.2,390.05,164688
19/11/2015,379,404.5,379,394.8,409806
18/11/2015,380.95,385.5,375.3,379.9,63781
17/11/2015,392.4,399,377.1,380.95,203076
16/11/2015,360,402,355.65,384.7,354672
13/11/2015,343.1,367.95,341.1,358.4,321396
11/11/2015,343.95,346,335.1,343.65,35392
10/11/2015,334.8,343.1,333.05,340.15,106161
09/11/2015,328,341,321,335.15,117532
06/11/2015,325.55,335,325.55,332.4,88579
05/11/2015,329.6,332.5,329.2,330,65872
04/11/2015,330.75,333.7,327.8,330,44536
03/11/2015,330.8,332.5,327.05,330.55,65748
02/11/2015,325.89,333,320,330.15,91385
30/10/2015,330.5,334.8,323,324.64,151157
29/10/2015,319.95,332.5,319.95,327.8,392781
28/10/2015,314,320,310.14,316.39,361010
27/10/2015,317.39,320,312.7,315.55,395446
26/10/2015,300,316.8,296,312.55,984804
23/10/2015,301,305,295.2,297.75,55037
21/10/2015,299.95,302,298,298.14,21536
20/10/2015,304,306.5,298,300.55,45651
19/10/2015,305.75,312,301.6,304.5,110206
16/10/2015,300.39,307.89,296.8,305.7,101017
15/10/2015,301.89,304,298,300.35,74354
14/10/2015,302.89,304,299.6,300.7,40343
13/10/2015,301,307.39,299.95,301.45,80790
12/10/2015,302,302.55,299,300,33686
09/10/2015,302.95,304.5,299,301.2,70855
08/10/2015,299.7,304.5,296.25,300.2,180463
07/10/2015,290,303.85,287,298.25,413980
06/10/2015,287,292,285.6,289.95,52342
05/10/2015,289.39,291.89,284,285.8,42854
01/10/2015,292,292.95,286,286.5,28390
30/09/2015,292.6,292.6,285.5,290.6,34467
29/09/2015,283,291.5,278,288,64806
28/09/2015,294.39,294.39,285.5,286.95,41428
24/09/2015,288,298,284.8,290.39,195905
23/09/2015,275,289.75,275,286.05,179749
22/09/2015,276.2,280.8,274.39,278.1,77750
21/09/2015,274.14,279.89,273.3,276.39,46340
18/09/2015,279.89,279.95,272.3,274.14,26938
16/09/2015,280.2,283.89,272.85,277.05,50494
15/09/2015,276.89,278.95,272.39,277,31047
14/09/2015,277,277,273.05,274.85,29223
11/09/2015,274,278,270.1,273.85,52391
10/09/2015,272,272,266.64,268.39,35876
09/09/2015,275.89,276,270.2,271.39,30291
08/09/2015,278.6,278.6,266.5,270.39,48230
07/09/2015,276,284.89,273.14,279.35,60759
04/09/2015,275.5,279,272.95,275.2,60400
03/09/2015,275.55,282,274.89,280.6,66115
02/09/2015,275.2,284.25,271.55,274.89,215403
01/09/2015,271,279.45,271,275.2,268513
31/08/2015,275,280.05,270.6,276.05,65964
28/08/2015,279.89,279.89,273.14,275.75,49986
27/08/2015,266.05,278,265.55,275.75,60755
26/08/2015,263,266.5,258,265.05,38308
25/08/2015,256.55,264.75,252.05,263.14,119602
24/08/2015,263.2,264.95,245.25,253.9,135304
21/08/2015,272,272.1,262.5,270.5,51178
20/08/2015,279,279,273.95,274.95,57845
19/08/2015,275.05,278,271.39,276.64,36674
18/08/2015,278,280.45,275,275.89,34113
17/08/2015,272,279,269.05,277.14,50956
14/08/2015,272.39,274.89,268.3,273.95,54420
13/08/2015,270,272,265.3,268.64,84906
12/08/2015,275,276.85,260.1,264.3,134571
11/08/2015,284.55,285,274,276.3,67283
10/08/2015,274.75,288,274.1,280.75,307086
07/08/2015,274,278,273.3,273.85,47275
06/08/2015,272.85,279,270.05,273.5,52999
05/08/2015,275.05,279.89,268.95,270.3,143553
04/08/2015,262.05,277,260.3,273.05,284199
03/08/2015,263.14,264.75,260.25,261.85,74043
31/07/2015,263.89,266,262,262.89,27026
30/07/2015,263.89,265,261.5,262.64,16918
29/07/2015,260.8,265,260.25,262.95,22759
28/07/2015,263.14,264,260,261.89,27401
27/07/2015,264,265.25,260,262.1,28467
24/07/2015,266.7,266.95,262.5,263.64,17193
23/07/2015,268.6,270.05,258,262.75,38068
22/07/2015,265.7,269.8,265,266.35,19624
21/07/2015,269.85,271.7,264.5,265.7,28544
20/07/2015,270.3,272.64,267.3,268.89,22395
17/07/2015,268,270.75,266.05,268.75,25277
16/07/2015,272.39,272.39,266,267.5,30480
15/07/2015,266,270.85,263.25,267.39,68708
14/07/2015,252.4,268.39,252.4,264.89,161265
13/07/2015,259,259,254.1,256.39,21236
10/07/2015,257,259.39,255.05,255.7,14813
09/07/2015,255.1,257.85,254.8,255.3,32152
08/07/2015,257,258.45,251.4,254.15,88646
07/07/2015,252.75,261,251.8,258.89,104423
06/07/2015,245.1,253.95,240.2,250.25,85245
03/07/2015,251.1,253,250.15,251.05,35451
02/07/2015,252.55,252.55,250.1,250.65,19740
01/07/2015,252.45,255,248,249.15,50022
30/06/2015,249.45,253.65,243.55,250.8,39673
29/06/2015,246,249.45,242,248.05,22588
26/06/2015,250,255,250,251.9,22674
25/06/2015,252.2,255,250.1,252.45,20084
24/06/2015,256.05,259,253.1,255,42781
23/06/2015,257.7,260.55,255,255.85,57008
22/06/2015,251.2,256.95,250.7,255.55,34004
19/06/2015,254.65,259,250,251.15,49433
18/06/2015,248,256.64,248,255.45,66335
17/06/2015,248.75,251,247,247.9,48783
16/06/2015,245.15,249.65,245.15,247.5,17626
15/06/2015,250,250,246.9,248.2,22892
12/06/2015,247.55,250,243.5,246.1,65680
11/06/2015,253.95,257,250,250.65,43332
10/06/2015,249.5,257,242,252.2,74007
09/06/2015,245.4,251,241.5,248.65,83049
08/06/2015,252.3,252.3,245,245.15,69401
05/06/2015,251,256.2,250,250.4,61721
04/06/2015,259.5,259.5,251,251.8,48730
03/06/2015,261.55,263.05,252,256,71927
02/06/2015,264.6,264.7,260,261.64,43917
01/06/2015,264.55,267,262.5,263.25,26057
29/05/2015,261.05,268,261,267.55,66925
28/05/2015,260.75,263,260.75,262.2,32632
27/05/2015,260.39,262.8,260,260.89,55457
26/05/2015,264.89,265.7,260.5,262.7,49186
25/05/2015,269.8,269.8,262.3,263.5,45435
22/05/2015,267.5,272.75,266,267.6,65378
21/05/2015,272.55,279,263.6,266.55,270433
20/05/2015,280.8,283,273,274.64,63807
19/05/2015,275.75,280,274.95,279.05,86882
18/05/2015,271,278,271,274.35,95024
15/05/2015,261.3,271.95,261.3,270.55,165717
14/05/2015,262.6,262.6,260,260.5,34520
13/05/2015,265,267,259.55,261.1,58374
12/05/2015,265.5,267.6,261,262.2,51758
11/05/2015,265.3,269,263.5,266.85,50053
08/05/2015,266,267,262.2,263.75,51729
07/05/2015,264.2,265,260.14,261.1,47117
06/05/2015,270,273.75,265,266.25,56141
05/05/2015,270.5,274.39,270.5,271.89,37263
04/05/2015,270,273.8,270,272,40399
30/04/2015,280,280.1,262.2,266.6,138432
29/04/2015,275.89,283,275,281.14,105585
28/04/2015,265.25,276,259.7,274.35,120043
27/04/2015,267.1,271.14,254,267.14,91927
24/04/2015,274,276.39,263.5,266.85,88503
23/04/2015,275.64,277,271.05,274.64,39045
22/04/2015,272,277.64,272,276.1,42085
21/04/2015,270.1,276,266,274.35,112847
20/04/2015,272.5,276.14,266.14,270.39,76355
17/04/2015,278,282.7,272,274.6,84867
16/04/2015,284.5,284.85,276.39,278.25,56224
15/04/2015,286.2,292,281.1,284.6,98250
13/04/2015,283.64,291,282.6,288.5,143546
10/04/2015,277.35,285.35,277.35,282.39,67737
09/04/2015,278,284.64,277,282.25,153857
08/04/2015,274,281,274,277.75,87139
07/04/2015,272,278.45,271.25,273.5,69215
06/04/2015,269.7,274.39,265.35,273.55,152416
01/04/2015,260.25,266.85,260.25,264.5,77467
31/03/2015,265.5,266.5,260.3,261.3,96066
30/03/2015,263.3,266.3,262.2,264.64,59054
27/03/2015,260.6,264.1,252,260.55,156286
26/03/2015,260,265.8,259.2,260.25,84579
25/03/2015,265,267.85,262.2,263.95,178310
24/03/2015,266.6,271.14,264,265.2,74719
23/03/2015,271.5,272,267,269.14,198328
20/03/2015,281.35,281.35,271.25,272,91415
19/03/2015,284.2,287,278.05,281.35,177551
18/03/2015,273,284.75,272.64,283.05,172432
17/03/2015,273.14,277,272.55,274.7,54138
16/03/2015,276,276,270.45,272.2,57486
13/03/2015,284,285,272.85,274.55,151833
12/03/2015,273.64,284.89,273.64,283.14,301627
11/03/2015,275.1,277.85,270.5,272.85,100269
10/03/2015,278,280.89,273,277.1,304384
09/03/2015,273,273.5,268.5,272.2,128740
05/03/2015,274.45,274.89,269.6,272.89,120084
04/03/2015,276.95,277.5,270.3,272,180159
03/03/2015,272.5,279.8,271.05,273.05,336824
02/03/2015,284.95,285,268.39,269.39,458285
27/02/2015,282.5,291.2,282.5,289.75,148913
26/02/2015,280.89,285,276.1,282.05,126946
25/02/2015,284.89,286.85,276.7,279.14,125477
24/02/2015,287,287,282.05,283,104323
23/02/2015,294.3,294.3,283.55,285.64,113618
20/02/2015,287,294,287,292.5,81573
19/02/2015,292.5,294.35,285,288.1,184297
18/02/2015,300,302.7,289.25,291.25,199295
16/02/2015,301.95,304.89,300,301.5,76290
13/02/2015,297,304.8,293,301.95,137372
12/02/2015,290.64,299.89,290.64,296.7,196585
11/02/2015,287.95,295,287.95,289.5,173061
10/02/2015,290,294,283.5,285.14,196643
09/02/2015,290.3,295.8,287,288.64,159746
06/02/2015,300.25,304.1,295,297.5,170995
05/02/2015,308.14,312.05,298.6,303.35,132996
04/02/2015,314.85,316.8,307,309.6,94982
03/02/2015,315.95,321,310.2,312.89,145065
02/02/2015,325,327.85,311.1,313.1,162861
30/01/2015,334,334,324,325.5,121929
29/01/2015,337.2,348.5,323,330,520641
28/01/2015,337,347,335.05,341.9,428086
27/01/2015,339.95,343.7,333.25,335.4,166334
23/01/2015,342.65,348.5,334,344.4,518536
22/01/2015,337.4,343.9,332.8,341.2,498594
21/01/2015,320.14,337.95,320.14,336.05,536899
20/01/2015,322.1,326.39,318,320.64,142204
19/01/2015,333.95,334.8,321.45,322.05,167273
16/01/2015,336.65,339.85,328.1,331.3,352733
15/01/2015,335.95,341.45,331.55,335.05,510183
14/01/2015,320.1,338.2,320.1,330.8,1104431
13/01/2015,321,326.5,318,319.7,183807
12/01/2015,326.89,328.9,315.75,321,265748
09/01/2015,326,337,321.1,326.85,1774981
08/01/2015,309.2,316.89,309.2,314.2,189424
07/01/2015,303.35,313.89,293.05,307.8,467693
06/01/2015,314.7,315,302.25,304.64,214117
05/01/2015,307.25,318.85,307.2,316.45,412413
02/01/2015,308.1,313.8,306.05,307.89,158325
01/01/2015,311,312.2,305.1,308.1,123823
31/12/2014,309.8,316.7,306,310.85,682841
30/12/2014,291.7,309.8,290.5,308.3,490059
29/12/2014,292,294.6,289,290.65,200535
26/12/2014,295,297,290.05,292.3,182889
24/12/2014,292.35,301.75,292.35,294.15,215112
23/12/2014,303,304,294.3,295.25,308635
22/12/2014,290,306,290,302,584650
19/12/2014,288.65,293,283.7,288.4,439449
18/12/2014,272.8,290,272.8,286.65,223878
17/12/2014,264.55,271.45,255,269.1,169292
16/12/2014,266.9,270,260.5,266.7,286020
15/12/2014,268.2,272,264.5,267.55,146946
12/12/2014,281.9,283,270,271.85,118973
11/12/2014,277.45,284.85,268,280.55,233052
10/12/2014,280.4,283.7,275,276.7,179934
09/12/2014,284.8,286.5,280,282,173704
08/12/2014,291.5,291.55,285.5,286.3,104930
05/12/2014,293.2,294.75,289,290.05,114233
04/12/2014,294.9,299.4,291.5,293.05,154881
03/12/2014,292.1,298,292.1,293.5,243600
02/12/2014,296.6,297.5,291.5,292.3,185884
01/12/2014,301.55,304,295.5,296.6,104109
28/11/2014,298.2,307.8,298.2,302.2,193852
27/11/2014,301.9,302.6,297.5,298.5,70508
26/11/2014,298.25,305,296.5,300.15,95366
25/11/2014,306,307,296.1,299.5,144680
24/11/2014,303,311.85,302.75,305.8,335319
21/11/2014,301.8,308,301.5,302.6,95760
20/11/2014,302.5,306,298,302.05,101628
19/11/2014,313.4,314.45,300,304.55,162066
18/11/2014,308.85,316.3,307.75,312.45,349089
17/11/2014,295.1,309.3,292.5,307,297658
14/11/2014,301,302,294.5,296.15,149983
13/11/2014,307.4,307.8,298,300.55,197507
12/11/2014,307,309.35,304,305,153648
11/11/2014,310.7,313.3,303.5,305.15,237715
10/11/2014,311.7,316.3,307.5,308.3,444351
07/11/2014,329.7,334.65,308,310.9,1209081
05/11/2014,317.4,330,316,327.9,967008
03/11/2014,309.4,317.35,307.65,315.55,311464
31/10/2014,310.3,313.45,305,306.6,277250
30/10/2014,312.1,316.7,305.1,308.55,144539
29/10/2014,319,319.9,309.5,311.8,144074
28/10/2014,316.1,320.8,315.45,316.9,152279
27/10/2014,319.95,324.9,314.2,316.6,364091
23/10/2014,317.9,319.9,317.05,318.4,111601
22/10/2014,318,318.85,313.2,314.95,119456
21/10/2014,315,319.95,312.25,314.55,373220
20/10/2014,316,319.8,311.6,314.65,283093
17/10/2014,309.95,317.3,308.15,310.3,323691
16/10/2014,304.75,323,301.3,305,889750
14/10/2014,293.1,315.6,293.1,307.4,942576
13/10/2014,290,296.9,290,292.7,166880
10/10/2014,292.55,294.65,288.5,290.15,151009
09/10/2014,289.65,302.3,289.65,295.55,526038
08/10/2014,291.85,294.85,288,289.5,109260
07/10/2014,285,296.4,284.15,291.85,239386
01/10/2014,288,292.5,286.55,287.55,151717
30/09/2014,297.4,297.4,285.6,287.95,174186
29/09/2014,290.1,301,288.5,295.4,571805
26/09/2014,285.45,299.8,284,288.1,589483
25/09/2014,287.2,290.5,285,285.75,386305
24/09/2014,306.1,307.25,285.1,287.8,442174
23/09/2014,318.55,321.7,304,305.1,307949
22/09/2014,320.2,328.8,315.65,318.95,453439
19/09/2014,301.4,324.85,296,317.95,1006384
18/09/2014,291,303.4,285,299.1,374929
17/09/2014,298.65,299.7,282.65,291.05,347719
16/09/2014,314.65,316.6,280.1,294.9,593292
15/09/2014,312.1,321.8,310.5,313.8,353238
12/09/2014,321.7,323,312,314.1,292015
11/09/2014,318.8,325.8,316.5,320.4,378214
10/09/2014,314.65,331.65,311.55,319,1028147
09/09/2014,321.5,322,313,315.3,281171
08/09/2014,317.5,322.7,315,319.6,417490
05/09/2014,308.1,320,307.55,315.45,585230
04/09/2014,310,315,303,307.55,382194
03/09/2014,314.35,321.7,308,310.75,569020
02/09/2014,319.95,323.9,311.35,312.9,469203
01/09/2014,323.8,329.4,314.5,318.8,517362
28/08/2014,335,343,311.6,321.35,785241
27/08/2014,329.2,341,327.1,333.75,793080
26/08/2014,341.5,355.5,324,326.8,2115101
25/08/2014,312.3,349.8,311.55,338.45,2144539
22/08/2014,314.4,316.7,305.55,311.45,691512
21/08/2014,298.6,315,295,311.9,999735
20/08/2014,284.5,311.9,283.7,297.75,1358113
19/08/2014,291.4,293.7,282.5,284.1,344070
18/08/2014,286.9,294.4,282,290.05,728765
14/08/2014,264.25,298.8,264.25,287.05,2423521
13/08/2014,249.2,265.65,246.5,260.6,974798
12/08/2014,238.35,252.5,238.35,249.25,995595
11/08/2014,235,243.6,233.4,236.7,610901
08/08/2014,223.5,234.7,214.3,230.75,1139867
07/08/2014,222.1,229.9,222,226.05,162282
06/08/2014,217.7,224.8,217.5,223.7,250454
05/08/2014,220.7,222,216.1,217.35,99935
04/08/2014,218.25,224.45,218,219.1,100583
01/08/2014,217,227.9,213.55,216.7,234291
31/07/2014,221.7,222,217.5,218.35,56986
30/07/2014,219.95,222.95,217.5,220.4,77840
28/07/2014,221.3,222.3,217.5,219.25,65047
25/07/2014,223.35,226.9,218.5,219.95,125414
24/07/2014,222.85,228,221.5,225.05,102551
23/07/2014,228,229.55,217.5,221.75,192323
22/07/2014,231.5,233.85,224.75,226.75,120208
21/07/2014,231.45,233.95,228.6,229.55,65878
18/07/2014,229,237.35,227.2,229.7,216471
17/07/2014,226.65,233.05,224.2,231.15,207587
16/07/2014,225.1,229.9,224,225.15,148874
15/07/2014,218,225,217.5,223.45,160929
14/07/2014,217.45,221.75,213,216.25,119479
11/07/2014,222.8,227,213,215.2,200754
10/07/2014,215.2,233,209,221.2,366424
09/07/2014,224.3,225.5,213,215.8,290532
08/07/2014,245.9,245.9,220.1,223.2,422100
07/07/2014,240.5,253.8,238.25,245.3,1084776
04/07/2014,222.6,242.4,220.6,238.9,1626900
03/07/2014,214.35,227.9,212.5,220.6,1115916
02/07/2014,215.45,217,212.1,213.15,172607
01/07/2014,214.95,218.4,212.5,213.75,240257
30/06/2014,200.85,217,200.2,213.4,813777
27/06/2014,201.85,202.95,198.1,199.4,60656
26/06/2014,202.7,205,200.2,200.8,92395
25/06/2014,203.4,205,200.6,201.65,56455
24/06/2014,203,207.4,201.85,202.3,103816
23/06/2014,202.6,203.6,200,202.15,81191
20/06/2014,202,203.7,200,201.95,125540
19/06/2014,205,206.65,200.05,202.15,125214
18/06/2014,205,208.75,200.1,204,212023
17/06/2014,201.4,206.2,199,204.2,227130
16/06/2014,205.65,205.65,194.4,198.4,249029
13/06/2014,212.4,214.9,202.3,204.15,259361
12/06/2014,209.5,215.9,206.2,210.3,275639
11/06/2014,215.4,220,204.3,209.6,506516
10/06/2014,217,217.9,210.5,213.9,359634
09/06/2014,214.45,222.5,213,216.15,615591
06/06/2014,203.65,219,200,212.85,1463552
05/06/2014,201,202.95,198.5,200.3,296875
04/06/2014,204.95,206.7,198.15,200.05,226793
03/06/2014,203.45,209.65,200.15,203.95,309009
02/06/2014,204.85,204.9,196,201.05,464566
30/05/2014,214.8,216.75,202.5,203.95,471776
29/05/2014,214.5,221.4,205.65,212.6,969082
28/05/2014,216.8,226,208.65,209.9,1248363
27/05/2014,194.6,223,187,215.7,2749751
26/05/2014,195,206.9,184,193.85,902637
23/05/2014,206.2,207.95,191,193.7,1066598
22/05/2014,188.4,193,188,192.85,302617
21/05/2014,183.7,183.85,175.35,183.85,239704
20/05/2014,165.15,175.1,163,175.1,396483
19/05/2014,171,174.5,163,166.8,575598
16/05/2014,184.7,186.9,169.35,170.7,368799
15/05/2014,182,185.3,176,178.25,769972
14/05/2014,174.9,176.5,169,176.5,262239
13/05/2014,160.05,168.1,159.05,168.1,498789
12/05/2014,159.8,163.65,157.5,160.1,365222
09/05/2014,160,168,152.2,157.8,3454392
